	1	19	15	6	1.1	5	5.1	7	1.2	24	5.2	11	27	3	18	5.3	12	3.1	9	57	6.1	1.3	1.4	2	13	7.1	17	26	30	63	27.1	11.1	64	68	1.5	5.4	8	32	2.1	19.1	6.2	13.1	7.2	55	7.3	3.2	1.6	1.7	18.1	17.1	15.1	1.8	12.1	21	8.1	9.1	1.9	8.2	59	1.10	45	2.2	14	4	3.3	1.11	1.12	24.1	3.4	15.2	11.2	35	12.2	4.1	10	3.5	21.1	7.4	6.3	4.2	10.1	2.3	69	47	2.4	3.6	36	2.5	4.3	4.4	116	48	7.5	5.5	4.5	4.6	27.2	23	35.1	10.2	5.6	9.2	1.13	50	14.1	6.4	6.5	19.2	38	8.3	1.14	15.3	6.6	7.6	4.7	16	2.6	29	17.2	18.2	19.3	38.1	10.3	110	84	5.7	0	0.1	0.2	0.3	0.4	0.5	0.6	58	3.7	1.15	1.16	106	1.17	7.7	10.4	31	6.7	33	3.8	1.18	3.9	120	11.3	1.19	0.7	1.20	20	41	4.8	17.3	22	18.3	1.21	17.4	9.3	14.2	0.8	24.2	8.4	1.22	0.9	9.4	2.7	56	152	14.3	3.10	6.8	4.9	30.1	5.8	3.11	2.8	7.8	17.5	0.10	1.23	0.11	1.24	2.9	1.25	2.10	11.4	9.5	13.2	30.2	1.26	42	30.3	77	10.5	41.1	2.11	28	1.27	3.12	52	1.28	59.1	1.29	2.12	1.30	1.31	2.13	13.3	20.1	27.3	5.9	3.13	1.32	5.10	2.14	64.1	17.6	13.4	15.4	3.14	3.15	8.5	6.9	27.4	41.2	0.12	1.33	5.11	2.15	17.7	28.1	0.13	29.1	12.3	91	13.5	55.1	3.16	28.2	9.6	20.2	8.6	19.4	12.4	5.12	5.13	11.5	1.34	0.14	4.10	8.7	2.16	2.17	11.6	29.2	36.1	23.1	2.18	5.14	1.35	7.9	27.5	43	86	4.11	101	2.19	15.5	6.10	10.6	1.36	1.37	4.12	15.6	41.3	11.7	31.1	4.13	0.15	86.1	12.5	76	9.7	8.8	11.8	7.10	54	11.9	17.8	15.7	64.2	10.7	9.8	25	3.17	16.1	8.9	5.15	7.11	1.38	10.8	22.1	1.39	71	3.18	35.2	3.19	1.40	2.20	210	3.20	37	6.11	6.12	1.41	4.14	1.42	9.9	1.43	3.21	3.22	87	24.3	5.16	29.3	19.5	1.44	4.15	17.9	34	23.2	13.6	10.9	20.3	1.45	1.46	1.47	5.17	28.3	3.23	2.21	18.4	16.2	1.48	30.4	21.2	4.16	10.10	11.10	40	2.22	0.16	10.11	1.49	1.50	1.51	18.5	4.17	24.4	7.12	77.1	19.6	31.2	8.10	11.11	6.13	1.52	72	54.1	39	5.18	3.24	8.11	40.1	31.3	2.23	54.2	7.13	6.14	414	1.53	36.2	9.10	7.14	1.54	10.12	0.17	3.25	1.55	10.13	4.18	29.4	11.12	20.4	8.12	5.19	13.7	8.13	3.26	32.1	5.20	425	29.5	1.56	6.15	16.3	4.19	5.21	5.22	3.27	73	35.3	26.1	9.11	5.23	97	4.20	3.28	5.24	13.8	1.57	4.21	1.58	7.15	18.6	33.1	1.59	8.14	2.24	5.25	48.1	1.60	9.12	9.13	2.25	17.10	0.18	4.22	1.61	1.62	1.63	13.9	5.26	56.1	5.27	2.26	13.10	5.28	11.13	7.16	33.2	2.27	1.64	1.65	21.3	6.16	16.4	3.29	5.29	65	42.1	4.23	1.66	3.30	13.11	7.17	3.31	5.30	7.18	9.14	3.32	7.19	9.15	12.6	4.24	26.2	5.31	4.25	9.16	3.33	1.67	10.14	10.15	8.15	6.17	24.5	13.12	8.16	43.1	1.68	0.19	5.32	2.28	27.6	0.20	0.21	1.69	5.33	1.70	11.14	3.34	28.4	1.71	29.6	12.7	48.2	4.26	12.8	10.16	2.29	19.7	17.11	25.1	3.35	22.2	1.72	12.9	13.13	2.30	6.18	3.36	7.20	6.19	10.17	6.20	8.17	4.27	4.28	0.22	25.2	16.5	4.29	8.18	27.7	2.31	1.73	5.34	5.35	7.21	6.21	1.74	0.23	78	1.75	0.24	0.25	1.76	1.77	5.36	1.78	42.2	120.1	2.32	4.30	1.79	1.80	3.37	8.19	15.8	1.81	0.26	14.4	5.37	3.38	7.22	5.38	2.33	9.17	1.82	1.83	8.20	126	1.84	2.34	24.6	6.22	37.1	1.85	1.86	25.3	13.14	27.8	4.31	1.87	19.8	1.88	6.23	60	9.18	2.35	24.7	1.89	4.32	2.36	1.90	4.33	7.23	6.24	26.3	2.37	0.27	8.21	5.39	13.15	27.9	9.19	2.38	22.3	3.39	1.91	0.28	16.6	11.15	0.29	0.30	2.39	20.5	10.18	9.20	21.4	7.24	1.92	8.22	1.93	2.40	3.40	10.19	12.10	1.94	0.31	8.23	1.95	17.12	0.32	45.1	16.7	10.20	2.41	8.24	44	7.25	9.21	14.5	10.21	13.16	45.2	22.4	42.3	9.22	23.3	14.6	16.8	13.17	6.25	45.3	1.96	2.42	17.13	10.22	7.26	62	10.23	28.5	6.26	29.7	2.43	1.97	21.5	4.34	1.98	8.25	1.99	1.100	2.44	1.101	2.45	13.18	24.8	1.102	1.103	1.104	15.9	12.11	21.6	4.35	7.27	9.23	8.26	16.9	1.105	3.41	22.5	5.40	12.12	21.7	15.10	3.42	3.43	3.44	3.45	1.106	22.6	9.24	21.8	7.28	26.4	14.7	7.29	8.27	12.13	6.27	24.9	1.107	4.36	15.11	7.30	3.46	18.7	9.25	0.33	7.31	24.10	7.32	1.108	35.4	92	5.41	8.28	6.28	1.109	3.47	18.8	18.9	18.10	0.34	9.26	19.9	2.46	13.19	3.48	17.14	56.2	5.42	13.20	16.10	19.10	3.49	1.110	9.27	15.12	12.14	1.111	25.4	56.3	10.24	2.47	1.112	2.48	3.50	27.10	21.9	12.15	4.37	4.38	14.8	2.49	9.28	18.11	21.10	1.113	13.21	6.29	122	1.114	1.115	47.1	10.25	2.50	27.11	93	19.11	16.11	5.43	0.35	0.36	12.16	3.51	56.4	8.29	1.116	19.12	1.117	6.30	8.30	1.118	32.2	35.5	13.22	6.31	1.119	3.52	2.51	199	34.1	6.32	35.6	8.31	4.39	2.52	24.11	2.53	52.1	22.7	2.54	10.26	38.2	8.32	5.44	31.4	6.33	10.27	1.120	2.55	6.34	17.15	1.121	11.16	2.56	8.33	188	97.1	33.3	29.8	48.3	18.12	5.45	14.9	9.29	5.46	0.37	9.30	48.4	7.33	1.122	98	18.13	50.1	97.2	1.123	12.17	7.34	5.47	4.40	1.124	9.31	20.6	10.28	1.125	4.41	2.57	1.126	3.53	12.18	6.35	7.35	10.29	21.11	12.19	26.5	2.58	8.34	18.14	29.9	6.36	1.127	17.16	1000	18.15	6.37	211	6.38	22.8	21.12	25.5	18.16	12.20	2.59	6.39	108	21.13	19.13	2.60	3.54	8.35	2.61	8.36	15.13	15.14	24.12	32.3	21.14	2.62	24.13	37.2	1.128	3.55	25.6	1.129	7.36	2.63	4.42	1.130	8.37	17.17	17.18	1.131	1.132	1.133	1.134	0.38	191	14.10	69.1	1.135	27.12	38.3	1.136	0.39	1.137	2.64	2.65	16.12	4.43	18.17	1.138	31.5	4.44	16.13	32.4	78.1	26.6	10.30	17.19	3.56	73.1	81	16.14	32.5	8.38	56.5	59.2	1.139	20.7	2.66	143	1.140	5.48	80	15.15	22.9	2.67	9.32	45.4	18.18	1.141	6.40	7.37	5.49	4.45	1.142	11.17	16.15	15.16	6.41	9.33	15.17	3.57	9.34	7.38	70	10.31	25.7	17.20	44.1	17.21	24.14	21.15	44.2	24.15	14.11	5.50	1.143	1.144	33.4	28.6	22.10	8.39
0	1	19	17	4	1	14	14	3	1	26	6	14	21	2	16	5	8	2	11	38	6	0	0	2	8	7	18	12	27	42	25	9	68	85	1	3	7	16	2	18	7	5	6	31	6	2	1	0	8	16	9	1	13	15	6	8	1	6	55	1	36	1	14	2	3	1	5	7	1	11	10	22	7	4	11	4	28	3	4	2	16	2	51	141	2	3	41	4	5	3	76	31	9	7	6	6	27	31	101	12	7	7	1	38	13	5	6	18	34	8	1	7	9	7	2	22	3	34	17	24	26	54	16	108	61	2	0	0	0	0	0	0	0	54	3	2	1	73	1	8	9	37	8	45	3	1	4	104	10	1	0	1	18	43	6	17	17	10	0	15	13	17	0	29	9	0	0	10	6	38	137	16	5	7	5	44	8	5	1	8	9	1	1	0	1	2	0	1	10	11	45	38	1	46	39	67	4	12	45	32	1	2	60	1	31	0	11	9	13	19	15	24	31	4	2	2	30	1	55	16	16	15	3	6	10	5	29	27	0	1	3	2	9	16	1	31	23	31	15	34	7	32	16	20	5	26	13	4	5	6	0	0	3	8	2	1	10	39	39	13	1	1	1	7	35	43	77	5	29	1	12	7	14	1	1	4	15	81	8	13	12	1	135	6	105	37	7	16	10	68	10	9	12	61	14	7	19	3	17	9	6	9	1	12	21	1	174	6	47	3	1	1	241	8	35	6	8	1	8	1	11	1	1	5	93	29	6	29	19	1	4	21	17	23	6	5	20	1	1	1	5	30	3	6	24	14	1	22	32	1	7	11	64	1	1	12	0	0	2	16	5	18	5	80	23	35	11	17	5	3	61	39	30	5	7	11	43	28	2	37	9	8	160	0	24	10	10	1	15	0	4	1	6	5	44	9	20	7	7	15	9	3	33	8	224	27	1	2	10	3	4	7	4	104	64	29	14	8	114	4	3	3	14	1	6	1	5	7	26	1	9	2	4	190	0	10	20	2	47	0	6	1	0	1	18	9	43	3	3	13	3	10	6	32	2	1	4	14	6	16	3	4	45	27	4	1	4	18	12	1	3	4	8	4	15	12	13	3	29	6	3	8	3	1	6	14	12	8	31	21	8	47	0	0	35	2	25	0	0	2	6	0	11	4	28	1	34	13	65	5	12	13	4	14	15	14	5	21	1	4	17	1	1	4	7	7	12	5	10	3	4	0	29	13	4	14	21	2	1	5	5	3	13	1	4	57	2	0	0	1	1	5	1	31	56	2	2	1	0	13	6	7	1	0	14	7	3	6	4	2	10	0	1	5	85	3	7	36	9	23	2	1	25	9	44	12	1	6	1	6	44	9	1	17	1	5	2	1	2	6	7	22	5	1	7	2	10	30	7	10	23	4	1	2	137	48	0	1	3	12	9	12	20	8	1	5	1	1	2	9	10	1	1	6	2	9	0	52	21	10	3	11	31	9	9	14	7	17	34	16	18	10	21	21	15	11	5	9	1	3	12	4	10	45	8	34	6	26	6	1	22	6	6	8	2	1	3	4	3	21	59	1	0	3	11	10	22	3	4	7	11	9	1	2	19	6	6	16	12	2	2	2	3	0	28	16	19	5	23	14	6	6	10	5	25	1	2	21	4	2	49	11	1	4	11	3	1	29	33	4	3	2	1	3	6	24	14	0	5	12	2	15	1	9	63	5	16	16	15	3	1	9	21	26	8	25	23	7	1	4	3	4	40	17	10	4	6	10	2	10	12	15	1	9	7	126	1	1	30	7	2	29	143	12	6	5	0	0	22	4	78	8	1	11	4	9	8	1	26	48	15	6	1	6	2	156	32	7	29	4	8	4	45	4	34	50	4	5	30	8	3	24	10	8	2	2	6	19	1	10	1	10	278	80	33	27	40	15	7	14	8	3	0	8	35	5	1	79	13	36	80	1	7	15	5	7	2	11	25	12	2	7	3	1	2	13	5	5	12	24	16	29	2	6	17	21	7	2	23	523	22	5	287	7	29	21	28	14	9	2	4	62	11	14	2	5	10	2	8	13	24	22	31	18	91	19	32	1	3	39	1	7	2	3	1	4	28	23	1	1	1	0	0	425	30	171	0	36	53	1	0	0	2	2	15	7	20	1	31	5	20	25	66	25	16	22	11	33	107	29	32	9	23	50	1	21	2	205	1	7	32	10	21	3	8	46	30	1	8	7	5	2	2	10	13	19	6	8	12	2	11	5	58	6	52	17	35	13	31	15	39	24	11	7	1	0	26	36	19	10
1	1	24	18	6	1	6	11	7	1	27	6	13	33	4	21	7	13	3	10	52	7	1	1	2	12	9	16	16	24	58	22	10	56	75	1	4	8	26	2	19	7	11	7	54	8	2	1	1	16	14	11	1	13	17	7	8	1	7	66	1	57	2	16	2	5	1	2	25	3	15	10	25	5	5	12	3	22	4	4	2	14	1	51	106	3	3	42	3	6	4	97	50	8	6	4	5	24	19	50	13	5	7	1	47	14	5	9	19	41	9	1	15	10	8	2	16	3	48	23	21	22	37	12	133	73	4	0	0	0	0	0	0	0	53	1	2	1	88	1	6	11	38	7	41	3	1	3	112	11	1	0	1	17	44	5	25	20	17	1	18	10	23	0	33	17	1	0	12	5	67	161	17	6	7	5	35	8	4	2	8	13	0	1	0	1	2	1	1	10	7	21	41	1	44	30	56	5	5	8	29	1	3	54	1	46	1	7	3	5	2	15	20	35	4	3	2	18	2	77	15	13	16	3	5	8	4	28	35	1	1	5	2	16	34	1	32	16	65	12	47	4	26	10	25	9	27	12	4	9	8	1	0	4	7	3	2	11	34	45	38	1	6	1	8	36	44	86	4	27	1	14	7	13	1	1	3	14	39	9	25	6	0	111	9	85	10	7	13	9	57	11	11	12	57	13	8	12	3	17	11	6	7	1	10	21	1	120	4	42	3	1	2	231	6	39	6	6	1	4	1	10	1	2	1	87	29	6	30	21	1	4	23	38	28	8	7	18	1	1	1	5	29	2	5	23	15	0	22	28	3	9	10	26	2	0	10	0	0	1	18	5	23	6	93	20	31	10	17	6	3	58	51	33	6	4	10	42	27	2	33	7	7	128	0	19	9	6	1	13	0	3	1	6	4	28	15	22	8	6	12	8	3	33	7	367	36	1	5	8	4	5	8	4	84	51	24	11	4	57	4	3	3	12	1	7	2	7	29	33	1	9	2	4	80	1	11	11	2	21	0	6	1	1	1	16	6	63	4	2	13	3	12	8	28	2	1	3	16	7	18	3	7	83	32	3	2	4	16	10	3	5	5	7	4	12	13	16	3	25	6	3	10	2	1	10	13	11	7	18	13	10	47	1	0	6	3	25	0	0	1	3	1	12	3	25	1	29	12	52	4	11	11	2	17	16	22	5	17	1	11	18	1	1	4	6	6	13	8	8	4	4	0	27	14	5	11	26	2	1	5	6	4	11	1	1	74	1	0	0	0	1	5	1	35	97	2	5	1	0	4	7	13	1	0	16	5	3	7	4	3	10	1	2	5	102	4	2	25	4	28	1	1	20	9	42	4	1	7	1	6	62	10	1	24	1	5	2	1	5	8	8	28	2	0	8	4	11	26	7	2	25	3	1	1	27	16	0	0	1	18	8	10	15	5	1	7	1	2	2	8	8	1	1	7	1	13	0	41	19	11	3	9	29	8	9	14	10	34	59	55	64	8	31	16	16	11	7	20	1	2	15	7	8	75	9	29	6	28	2	1	19	4	1	7	1	1	3	2	2	14	38	1	1	2	13	12	23	3	6	8	9	14	1	3	22	5	11	20	14	2	2	2	4	1	17	12	22	6	21	11	6	7	8	3	21	1	4	20	7	2	44	13	1	6	16	7	1	25	41	2	5	2	1	2	8	23	15	0	7	16	1	14	2	14	60	4	15	16	19	4	1	10	20	15	1	21	11	8	1	2	2	3	31	27	9	3	6	14	2	7	14	18	2	12	5	113	1	1	37	7	1	32	128	15	6	4	1	0	10	3	78	7	1	17	4	11	10	1	32	57	13	6	1	4	4	210	33	5	28	7	9	3	29	3	44	30	3	8	33	8	4	27	7	9	1	3	6	18	1	10	2	7	249	91	34	24	50	15	5	16	10	4	0	9	43	6	1	90	15	45	88	1	8	17	3	3	1	7	11	7	1	3	2	1	2	13	8	5	11	28	19	33	2	8	16	25	8	1	19	636	21	6	323	5	24	22	26	9	8	1	4	70	12	20	2	4	8	2	8	15	20	21	33	27	41	21	36	1	2	25	1	8	2	4	1	7	24	16	1	2	1	0	0	226	13	78	0	34	51	1	0	0	2	2	15	6	22	1	33	4	19	26	87	24	15	20	5	53	83	23	34	9	54	53	1	21	1	157	1	7	52	13	22	3	9	44	31	1	7	7	5	3	2	10	12	18	6	11	15	2	11	7	64	9	32	19	42	15	19	21	43	26	14	6	1	1	21	30	18	9
2	1	20	19	5	1	3	8	6	1	27	7	13	34	4	20	6	10	3	8	50	7	1	1	2	11	9	16	17	27	55	19	8	61	82	1	3	8	20	2	20	7	7	8	45	7	3	1	1	6	12	13	2	15	18	7	10	1	8	72	1	54	1	14	3	3	1	1	9	2	14	11	28	5	5	13	4	25	3	1	2	14	2	50	129	5	3	52	2	4	4	73	39	10	7	6	10	28	25	76	13	8	5	1	45	13	5	9	23	46	9	1	11	6	6	2	21	2	39	23	22	28	42	10	117	82	3	0	0	0	0	0	0	0	58	1	1	1	80	1	6	11	44	8	39	3	1	4	128	11	0	0	1	19	40	4	20	23	13	1	18	12	35	0	35	13	1	0	8	5	45	184	20	6	7	5	38	7	4	2	8	13	0	1	1	1	1	1	1	10	9	11	43	1	48	41	65	5	1	1	36	1	3	60	1	46	1	5	2	3	13	18	19	33	4	2	1	13	1	85	20	10	14	4	6	12	6	27	32	0	1	5	2	12	18	1	31	22	42	14	45	3	26	9	19	5	27	13	7	6	7	1	0	4	6	3	3	14	41	65	16	1	1	1	10	36	41	98	4	17	1	15	7	13	1	1	4	15	30	8	21	9	0	112	7	128	8	6	16	10	58	12	7	14	53	14	9	14	3	20	11	6	7	1	10	22	1	54	2	45	3	1	2	259	3	40	7	8	1	6	0	10	0	1	2	79	29	7	30	19	1	4	22	18	24	5	7	18	1	1	1	6	35	3	4	22	19	0	17	35	2	8	12	52	2	0	10	1	1	1	20	4	27	5	83	28	43	12	18	5	3	76	60	37	5	7	10	42	29	2	30	7	8	178	0	20	9	7	1	14	0	4	1	6	4	40	12	21	7	7	13	9	3	27	7	270	38	1	3	15	6	5	8	4	103	64	24	12	5	104	4	3	3	13	1	7	1	7	8	31	1	9	2	4	79	0	12	12	3	12	0	6	1	1	1	16	8	64	6	3	15	4	13	8	33	2	2	1	19	7	19	3	4	73	20	3	2	5	15	8	1	4	5	7	4	12	12	14	3	26	6	3	10	2	1	9	15	13	9	24	14	9	52	0	0	6	3	23	0	0	2	8	1	13	3	21	1	36	14	53	4	12	14	3	17	16	19	6	25	1	5	16	1	1	5	6	6	12	8	9	3	4	0	27	17	5	12	19	2	1	6	6	3	11	1	5	75	2	0	0	0	1	6	1	40	135	2	3	1	0	14	7	7	1	0	15	6	5	7	4	3	12	1	1	6	92	2	1	30	6	24	1	1	19	10	47	5	1	7	1	6	52	8	1	20	1	6	3	1	3	7	9	27	5	1	8	2	12	29	7	10	22	3	1	2	21	17	0	3	2	14	8	11	14	7	1	4	1	1	2	8	8	1	1	5	2	10	1	47	18	13	3	11	31	8	9	12	7	7	22	10	13	9	23	24	15	12	5	11	1	2	15	5	11	77	9	29	7	27	4	1	19	4	8	8	1	1	3	1	2	23	56	1	1	4	11	11	19	3	5	8	10	10	1	3	21	6	6	20	14	2	2	2	2	1	26	14	17	6	23	13	6	8	11	4	22	1	2	20	6	4	44	11	1	4	14	4	1	27	38	3	4	2	1	2	2	29	14	0	5	16	1	15	2	10	62	4	17	18	15	3	1	10	23	26	6	23	15	9	1	4	3	4	36	13	9	3	5	14	2	7	12	21	2	12	7	120	1	1	37	7	3	29	133	14	5	4	1	0	22	3	64	7	1	8	3	9	11	1	32	34	19	8	1	6	3	205	35	6	32	6	2	4	40	4	46	43	4	7	35	8	4	26	8	10	1	2	7	18	2	10	2	8	414	110	38	28	51	16	8	19	9	3	0	9	48	6	1	95	20	51	97	1	8	4	3	6	2	8	17	8	2	6	2	1	1	12	6	4	14	22	16	28	2	8	17	26	8	1	19	947	21	6	337	7	30	26	28	15	9	1	4	69	11	16	2	5	9	2	9	16	20	20	33	25	1	28	41	1	2	42	1	7	1	3	1	6	32	20	1	1	1	0	0	367	14	145	0	45	66	1	0	1	2	2	15	7	22	1	34	4	21	30	87	24	14	17	7	47	89	26	36	9	36	61	1	21	1	118	2	6	39	13	24	3	9	52	43	1	6	7	5	2	1	10	11	18	6	9	17	2	11	7	69	9	30	19	46	14	22	20	52	28	14	5	1	1	24	43	19	10
3	1	8	3	0	0	56	3	0	0	4	3	6	2	5	10	2	2	0	8	26	30	5	2	0	2	2	32	2	12	24	11	0	19	67	0	5	4	35	0	26	3	0	2	6	3	0	0	3	0	5	5	3	6	16	3	5	0	10	17	0	114	2	11	0	8	0	0	0	2	2	5	4	2	0	7	8	59	8	12	0	30	26	27	53	4	0	6	3	5	0	3	8	5	5	4	4	18	41	32	14	4	9	0	29	11	0	15	43	23	5	0	5	7	6	0	8	2	12	14	11	8	15	8	37	25	11	0	0	0	0	0	0	0	41	3	11	20	28	0	8	6	43	10	15	3	2	4	57	5	0	0	8	8	31	5	39	6	3	0	0	53	6	5	40	14	0	0	0	0	2	46	10	3	3	0	46	23	7	0	10	9	0	0	0	0	10	0	14	0	3	4	7	0	51	59	19	2	5	0	27	5	2	84	0	18	0	50	29	54	8	10	18	23	19	20	4	0	4	213	30	36	5	14	7	15	0	37	22	0	2	2	3	6	8	2	49	39	6	30	22	2	28	5	5	2	16	10	0	13	4	0	0	4	7	2	0	8	161	14	53	0	4	0	15	86	29	30	6	9	2	7	4	10	0	0	3	2	6	0	5	5	0	73	0	88	74	9	56	9	26	15	0	27	38	26	19	0	0	33	0	11	9	12	10	14	0	26	2	30	4	3	0	195	33	38	3	26	3	5	5	8	0	0	4	100	37	2	14	23	2	7	25	0	28	5	0	3	2	0	2	10	20	2	12	30	14	4	21	34	0	3	11	19	0	0	8	2	0	0	34	9	29	2	37	50	13	12	49	2	2	15	10	18	5	9	16	22	37	3	14	16	10	33	0	3	19	9	13	29	0	3	0	2	18	35	6	23	5	16	30	28	20	10	29	138	49	0	0	5	5	7	4	0	103	59	33	2	0	48	3	4	2	15	0	3	0	5	22	29	0	19	13	0	200	0	3	13	4	8	12	12	3	2	0	0	12	15	5	5	10	2	3	4	22	7	3	0	3	2	18	5	3	243	16	2	0	7	10	15	2	0	3	2	20	54	37	25	7	51	22	3	3	13	28	0	5	41	9	24	3	19	66	0	0	0	8	31	0	0	0	10	2	16	4	21	11	48	18	37	3	29	23	18	12	15	16	20	21	0	2	37	0	0	5	23	2	9	5	8	14	0	4	37	9	0	9	8	0	2	3	2	5	9	0	0	53	10	9	7	3	2	15	27	30	36	0	19	8	3	14	8	11	0	0	12	17	10	6	2	5	9	0	2	3	82	3	0	21	0	12	0	9	19	2	63	18	8	3	0	5	45	11	0	16	0	17	4	4	13	19	17	19	0	0	4	0	19	37	6	5	18	6	0	18	76	47	0	5	0	17	26	83	33	3	5	7	9	2	0	8	16	13	3	24	0	14	22	60	29	5	0	22	22	32	14	2	36	131	43	42	69	7	31	26	25	40	5	0	0	9	19	0	20	165	23	38	6	16	26	7	14	18	7	8	18	26	2	3	3	12	50	14	8	14	5	4	11	5	3	16	38	8	0	0	8	4	0	6	3	9	9	9	15	0	26	26	27	3	19	15	5	7	8	14	15	8	7	17	0	0	34	21	0	7	4	0	0	56	5	2	0	0	0	0	4	26	5	0	0	12	0	27	5	5	87	7	14	11	34	0	22	14	77	110	27	67	3	7	0	42	6	0	86	10	12	3	8	5	8	7	10	16	2	3	17	44	14	5	52	14	5	29	130	12	0	4	0	0	8	5	51	11	3	0	2	7	8	0	27	18	23	8	6	3	0	30	23	5	11	0	21	0	16	2	16	18	2	0	16	9	0	22	11	5	3	8	3	17	3	12	0	16	185	53	38	52	15	8	2	8	4	5	0	12	12	2	0	64	56	20	60	0	3	47	3	8	0	29	12	30	0	8	13	5	0	5	2	5	5	47	25	10	8	12	22	29	7	21	8	97	22	22	148	0	19	0	14	10	19	2	6	52	2	11	0	7	11	0	2	22	26	4	14	9	16	55	48	4	3	37	0	12	0	0	0	5	149	253	6	2	7	2	3	96	11	219	0	125	32	8	6	19	13	0	11	29	20	0	13	5	2	28	16	8	11	52	29	398	161	53	51	27	3	11	2	30	0	90	8	3	2	5	11	10	10	8	3	21	3	17	12	0	16	8	13	32	5	0	9	0	9	5	76	8	29	20	32	6	27	14	24	37	8	16	28	0	15	16	20	2
4	1	0	0	0	0	56	3	0	0	9	6	0	3	0	6	0	3	0	8	31	33	6	0	0	3	0	29	0	15	31	17	0	23	80	0	5	3	25	0	16	0	0	0	7	7	0	0	3	0	0	7	3	7	12	3	9	0	7	12	0	114	6	15	3	3	0	0	0	3	6	7	3	0	3	18	10	56	6	7	0	35	22	31	53	5	3	3	0	0	0	0	6	3	3	6	3	19	35	36	22	0	7	0	27	12	0	11	43	34	5	0	12	3	0	0	10	3	14	13	12	3	19	6	20	28	10	0	0	0	0	0	0	3	53	3	11	16	25	0	3	3	47	6	14	3	3	3	56	3	0	0	7	6	15	3	26	9	0	0	0	28	3	3	34	18	5	0	0	3	3	51	11	6	6	0	43	12	3	3	13	10	0	0	0	0	7	0	5	0	3	9	10	0	53	53	9	0	3	0	31	6	0	93	0	22	0	30	31	52	7	8	13	31	26	21	3	0	0	259	41	30	7	22	3	12	0	28	22	0	6	6	0	8	12	0	41	57	13	34	28	0	30	6	7	0	15	0	0	15	3	0	0	3	3	0	0	3	155	13	45	0	10	0	10	97	29	26	6	10	0	8	6	14	0	0	0	0	0	0	3	5	0	75	0	67	73	3	50	6	23	3	0	31	31	15	16	0	0	25	0	5	9	6	8	21	0	27	3	29	3	3	0	183	31	42	3	36	12	8	0	9	0	0	8	106	36	0	24	29	3	8	29	0	14	8	0	6	0	0	0	11	17	3	13	24	11	0	20	28	0	0	9	10	0	0	8	0	0	0	47	10	41	0	35	48	8	13	60	3	0	6	14	20	6	7	17	28	31	0	17	8	12	37	0	6	15	8	14	21	0	6	0	0	20	43	0	23	3	20	14	39	32	12	32	139	42	0	0	6	3	5	0	0	99	43	19	8	0	39	3	3	0	14	0	8	0	15	17	27	0	27	12	0	192	0	0	11	0	6	12	8	3	0	0	0	10	18	10	3	6	0	9	8	33	14	0	0	3	3	19	7	0	241	8	3	0	0	3	27	3	3	6	6	28	64	30	15	8	56	23	6	5	12	23	0	7	26	8	25	8	21	63	0	0	0	7	28	0	0	0	12	0	8	3	26	6	48	15	47	0	36	23	12	13	21	22	16	14	0	0	24	0	0	3	23	3	8	9	6	17	0	8	41	3	0	10	0	0	0	0	0	6	12	0	0	58	17	8	10	0	3	10	29	32	38	3	35	6	8	8	9	6	0	0	14	24	3	0	0	3	5	0	0	3	83	7	0	22	6	8	0	8	15	3	60	11	3	6	0	7	51	10	0	10	0	15	0	0	6	20	12	25	0	0	3	0	16	36	6	9	17	0	0	16	86	56	0	5	0	11	23	77	29	7	3	3	17	0	0	10	15	8	0	21	0	16	21	51	36	0	0	27	22	26	15	3	43	119	49	37	74	3	29	24	31	66	0	0	0	12	22	0	31	172	22	47	6	16	12	3	19	12	13	8	25	39	3	0	3	9	48	6	3	3	0	6	20	0	3	14	34	8	0	0	0	3	0	11	3	16	16	16	11	0	25	23	22	0	24	16	5	7	0	11	11	11	7	15	0	0	43	18	0	6	8	0	0	50	3	0	6	6	0	0	0	28	14	0	0	16	0	32	0	0	96	11	11	16	40	0	26	10	76	115	27	62	13	12	0	25	15	3	82	11	14	6	0	10	12	13	18	14	3	3	11	43	14	6	48	10	5	39	143	11	0	0	0	0	3	3	31	15	3	3	3	0	8	0	35	18	16	3	8	0	0	15	24	8	22	5	11	0	15	0	12	21	0	5	11	8	0	12	19	3	3	8	3	16	0	14	0	18	162	43	25	37	16	8	3	6	7	0	0	9	15	7	0	53	58	20	47	0	3	34	6	13	0	29	3	30	0	14	14	6	0	5	0	6	3	29	25	9	6	15	23	26	6	20	5	92	23	19	137	0	13	3	22	9	23	3	5	41	0	10	0	5	14	0	0	22	23	8	6	13	13	48	54	6	0	43	0	16	0	0	0	9	149	270	0	3	12	3	3	104	10	204	0	135	38	11	9	23	22	3	12	22	22	0	6	0	0	35	15	8	18	53	26	425	170	45	60	22	3	16	0	30	3	100	3	3	3	8	10	11	13	9	3	21	3	13	9	0	5	12	9	28	3	0	11	0	12	8	71	5	32	27	23	3	35	12	23	39	5	13	24	0	8	15	8	0
5	1	6	2	0	0	89	2	0	0	5	2	10	0	0	7	0	3	0	20	12	26	2	2	0	2	0	35	0	7	20	11	0	66	42	0	0	2	26	0	14	2	0	5	15	4	0	0	2	0	17	7	0	9	23	0	16	0	4	15	0	129	0	8	0	14	11	0	0	0	5	3	16	2	7	18	11	78	22	8	0	43	18	22	35	5	8	6	5	6	0	4	8	4	16	5	15	29	27	44	17	6	13	0	39	13	0	23	26	25	2	0	0	3	0	0	4	0	3	3	11	13	13	7	12	32	28	8	0	0	0	0	0	0	43	8	5	23	29	0	2	9	69	43	17	0	0	8	49	2	0	0	3	4	17	5	26	15	4	0	2	47	36	0	40	9	0	2	2	5	3	42	7	7	3	3	23	40	18	0	3	6	3	2	0	0	27	0	0	3	0	7	9	2	65	37	5	0	3	2	24	0	0	100	3	13	0	55	24	104	0	30	32	20	8	35	4	2	4	243	22	18	9	9	12	31	0	37	26	0	2	9	3	9	20	5	48	58	2	17	19	0	22	10	6	16	9	10	8	20	10	0	0	3	4	2	2	4	120	13	137	3	0	0	8	82	31	27	0	2	3	2	6	20	0	0	2	16	9	4	5	3	0	76	0	67	150	6	49	6	46	10	2	27	26	29	18	8	0	66	0	16	12	14	18	8	0	18	2	33	5	3	0	188	5	36	9	23	5	0	0	10	3	0	3	91	26	2	19	21	2	3	23	2	10	0	2	8	0	0	0	15	35	3	17	10	10	7	16	35	0	3	9	12	3	0	10	0	14	0	16	11	10	9	35	27	21	0	28	4	3	14	26	42	11	0	17	20	31	2	29	13	14	12	0	4	16	13	15	25	0	5	0	7	7	22	4	28	3	6	22	27	23	6	22	64	72	0	0	8	0	5	3	4	99	62	12	12	0	20	7	0	0	13	0	5	0	12	5	22	0	35	10	7	200	0	8	7	14	10	12	8	2	3	0	6	12	2	3	6	10	2	8	3	17	2	2	0	0	5	22	3	0	194	6	4	0	10	24	30	0	3	6	2	31	86	31	21	6	56	14	2	18	27	21	0	10	65	10	10	12	18	80	9	0	0	17	38	0	0	0	12	0	20	6	20	2	50	24	29	4	50	35	3	10	14	32	20	32	0	6	52	0	0	11	16	5	0	8	8	15	3	7	36	9	2	4	3	0	0	8	8	3	14	0	2	37	20	9	9	27	5	22	24	18	46	6	23	5	2	30	3	9	0	0	11	32	7	3	5	5	16	0	4	4	56	4	4	16	7	26	0	24	18	3	63	16	20	6	0	10	45	14	8	33	5	16	7	3	9	13	31	20	0	0	7	0	26	16	5	14	22	9	0	17	116	51	0	8	0	59	15	68	28	0	15	7	7	0	8	19	12	6	0	9	2	15	44	56	46	3	2	33	38	28	12	7	40	79	39	46	28	22	31	22	8	33	0	0	0	7	11	0	23	200	16	40	8	28	16	17	14	7	3	20	22	15	2	3	3	2	34	7	2	12	15	9	20	0	5	19	32	12	2	2	14	2	0	15	2	0	0	0	5	0	19	30	36	14	13	12	8	3	19	17	9	9	5	13	0	3	46	29	0	3	3	4	0	42	0	8	2	7	0	2	3	24	3	0	3	3	0	40	7	14	95	10	40	14	27	5	18	8	61	139	10	73	7	14	0	37	3	8	66	9	7	2	2	7	3	8	22	48	6	13	13	42	0	0	51	12	0	28	133	14	0	8	0	0	6	4	28	11	2	8	6	7	14	0	21	13	37	7	4	3	6	21	39	0	8	4	21	3	15	0	16	13	0	4	6	3	0	27	25	2	5	6	2	20	0	12	0	9	304	33	15	31	18	6	4	26	5	3	0	3	13	5	0	34	113	10	26	0	0	50	13	16	0	37	15	40	0	18	8	10	0	8	2	6	16	15	12	4	15	24	18	35	7	25	18	81	18	17	195	0	24	10	20	0	11	0	2	20	0	6	0	18	7	0	4	25	18	8	20	8	5	61	34	2	4	55	0	8	0	4	2	6	109	199	3	0	11	0	0	45	0	64	0	108	48	10	9	11	29	2	10	17	20	0	16	2	3	26	13	11	14	46	22	398	120	42	72	15	0	11	0	17	0	118	0	3	2	8	11	3	4	10	0	3	16	16	11	0	3	2	7	4	5	4	22	0	8	4	52	4	30	8	30	4	28	12	32	40	10	27	16	0	15	7	19	2
6	1	5	0	0	0	97	0	0	3	8	3	8	0	3	10	3	0	0	18	8	20	0	0	0	3	0	26	0	17	16	14	0	82	48	0	0	0	27	0	12	3	0	3	3	3	0	0	0	0	16	0	0	6	13	0	18	0	3	28	0	138	0	11	0	19	6	0	0	0	12	8	13	3	6	12	6	87	19	10	0	33	5	28	32	0	3	11	0	8	0	6	11	0	23	8	14	24	19	41	19	6	11	0	28	6	0	19	19	29	0	0	0	6	3	0	8	0	5	3	8	10	21	0	16	37	19	11	0	0	0	0	0	0	37	3	3	26	22	0	0	6	72	44	19	0	0	8	49	8	0	0	0	8	16	5	31	14	3	0	0	48	42	0	33	8	0	0	3	3	8	46	3	0	3	0	18	31	10	0	3	3	3	0	0	0	17	0	0	0	0	8	13	0	71	24	6	0	8	0	19	0	0	93	3	19	0	51	18	101	0	24	39	19	13	39	0	0	0	270	21	11	10	6	12	28	0	56	24	0	0	6	0	13	17	5	47	69	3	15	13	0	35	12	3	3	8	11	0	14	8	0	0	3	0	6	3	8	125	14	148	0	0	0	13	84	28	19	0	0	0	0	11	16	0	0	3	23	10	0	5	3	0	74	0	75	134	3	33	0	52	11	0	17	37	31	15	8	0	60	3	14	17	14	16	15	0	21	3	33	0	3	0	169	8	35	8	30	3	3	0	11	0	0	0	78	19	0	13	19	3	5	20	3	13	0	0	3	0	0	0	23	20	3	15	19	8	3	8	36	0	0	11	12	3	0	3	0	18	0	34	28	19	8	33	28	14	3	25	0	5	14	37	29	3	0	8	16	39	0	29	12	10	5	0	0	8	15	11	24	0	6	0	3	3	19	6	30	0	8	39	20	17	3	32	65	69	0	0	11	0	0	6	6	103	67	15	5	0	23	6	3	0	15	0	0	0	12	8	20	0	36	5	0	199	0	11	0	19	13	16	10	3	0	0	3	10	10	3	8	16	0	12	0	13	3	0	0	6	3	18	5	0	204	8	3	0	0	23	19	0	3	3	0	33	91	37	19	3	50	12	3	8	26	22	0	10	69	13	14	14	16	83	13	0	0	11	23	0	0	0	10	0	35	5	13	5	30	31	33	5	56	32	3	10	23	23	11	39	0	5	41	0	0	19	0	0	0	15	13	18	0	0	40	10	5	15	0	8	0	3	3	5	6	0	3	41	25	5	3	26	5	17	22	14	56	5	17	6	3	20	6	14	0	0	12	33	12	3	5	0	17	0	6	0	57	11	3	29	8	36	0	22	25	0	78	11	23	0	0	19	46	10	3	39	3	13	6	3	10	8	38	25	0	0	3	0	32	33	11	16	24	8	3	19	120	67	0	6	0	28	22	74	20	3	6	3	6	0	8	20	15	3	0	8	0	15	39	28	43	13	3	33	34	19	13	0	24	93	16	57	16	17	35	22	8	35	0	0	0	0	3	0	28	197	8	36	6	18	16	16	21	11	0	19	12	20	3	0	0	0	32	6	0	16	6	15	23	3	3	15	28	8	0	8	14	10	0	19	6	0	0	0	3	0	24	17	27	12	15	18	3	3	31	14	3	8	11	18	0	0	60	33	0	5	5	0	0	47	3	3	0	3	0	0	0	32	11	0	3	3	3	31	8	29	94	11	37	16	23	5	14	5	60	125	3	56	3	3	0	30	3	6	66	14	8	0	3	8	3	8	23	60	3	3	8	41	0	0	56	19	3	28	120	8	0	8	0	0	5	0	32	8	0	5	0	8	15	0	22	16	27	3	0	0	5	30	46	3	8	3	31	3	19	3	15	23	0	3	6	0	0	17	32	0	0	0	0	24	3	15	0	12	287	32	16	33	16	8	5	23	3	0	0	0	13	8	0	40	106	10	31	0	0	57	8	10	0	42	23	48	0	10	3	3	0	5	8	5	16	23	11	3	26	36	17	25	8	27	16	84	21	22	217	0	19	3	20	0	11	0	3	15	0	13	0	19	13	0	3	26	19	3	10	15	8	57	25	0	6	59	0	3	3	3	3	3	115	211	3	0	8	0	0	45	0	55	0	111	54	11	3	3	39	6	10	11	32	0	19	3	0	22	10	5	12	47	18	414	107	48	79	12	0	8	0	23	0	107	0	3	3	5	10	0	10	13	0	0	8	18	10	0	8	3	3	0	0	8	15	0	3	3	53	8	46	18	37	0	45	3	32	38	5	13	14	0	8	3	18	3
7	1	3	11	3	40	1	51	43	12	25	29	29	37	3	13	26	18	15	1	7	1	20	72	12	40	4	28	31	12	31	16	1	10	13	28	4	41	76	43	1	7	119	8	66	21	34	97	12	5	3	50	29	32	5	5	9	84	19	22	55	8	10	10	59	3	27	20	18	37	9	11	34	3	1	5	33	1	14	1	12	1	2	58	3	11	16	68	15	13	37	10	17	1	1	1	1	1	27	1	16	21	72	5	5	1	12	1	1	11	30	32	10	2	1	26	1	16	11	3	23	2	11	18	16	16	1	26	19	23	22	23	17	1	50	27	2	8	23	7	1	6	20	1	32	19	8	1	71	2	11	9	8	13	9	6	10	43	53	6	19	1	10	5	7	14	39	29	18	7	30	32	8	1	1	8	1	8	5	12	6	14	1	8	24	8	15	16	20	8	1	4	1	14	3	8	19	8	2	13	1	22	53	1	18	42	39	2	2	1	56	7	62	2	5	1	1	28	1	1	8	1	1	4	1	1	5	5	1	16	10	6	19	17	4	11	7	4	27	1	1	1	1	7	31	16	21	3	7	5	1	20	8	4	425	1	5	4	4	4	1	8	5	11	5	3	1	54	2	14	3	4	2	3	7	8	72	30	16	11	33	6	1	19	111	8	1	1	3	1	16	1	8	11	13	1	1	1	1	16	2	1	1	1	10	4	55	18	18	18	1	11	12	1	65	5	1	1	0	10	30	1	2	32	8	3	1	1	21	18	3	6	1	1	2	2	11	9	6	60	17	1	8	3	35	5	3	1	2	6	30	14	23	11	13	27	9	23	18	16	1	0	1	1	8	2	3	29	11	13	5	8	61	27	1	32	1	13	2	1	28	1	1	34	56	5	1	3	2	1	8	1	39	1	6	25	7	4	1	171	6	1	6	1	1	54	6	19	11	8	16	1	10	1	1	1	6	1	2	5	1	7	33	1	25	1	21	3	115	8	20	3	24	1	4	17	6	7	1	8	1	1	1	2	37	1	1	40	9	48	1	1	10	1	12	12	10	9	23	1	17	5	1	2	1	5	11	1	5	1	24	1	3	2	16	1	1	1	9	3	3	1	105	8	1	18	13	1	14	2	43	3	24	0	1	17	10	1	48	2	8	2	24	8	7	4	42	5	15	1	457	1	3	12	2	10	3	10	11	1	19	8	21	27	1	1	0	10	5	1	0	1	2	15	32	5	1	10	16	15	8	1	50	5	21	11	3	4	9	4	1	11	1	12	11	5	9	2	9	1	18	1	9	5	7	3	1	0	1	130	1	2	11	21	2	1	40	1	1	6	5	3	1	7	3	4	3	1	2	6	1	5	1	20	1	27	1	5	40	2	5	1	1	5	8	1	10	2	4	1	4	1	1	1	7	1	1	1	2	5	3	1	1	1	3	3	1	1	6	24	1	1	7	2	18	5	56	1	16	1	2	1	15	1	1	1	3	1	3	3	48	3	18	11	5	26	4	3	8	1	2	125	13	2	1	1	8	3	33	6	5	8	6	5	1	1	1	24	1	1	17	1	1	23	1	5	1	1	1	1	29	1	3	6	8	2	1	10	1	5	1	2	1	4	8	1	3	7	4	17	1	18	1	1	1	3	1	11	1	64	2	5	1	17	4	23	22	11	82	5	19	16	1	15	3	24	6	4	37	121	2	1	3	54	5	1	1	1	1	7	1	1	1	1	1	1	2	28	1	35	30	50	1	1	10	2	1	9	26	1	8	7	1	1	1	8	11	2	24	8	1	2	1	1	2	1	13	1	33	5	259	2	0	23	1	40	5	25	2	16	19	10	9	5	30	1	46	29	1	8	8	3	20	72	21	28	78	26	22	23	2	3	34	1	3	16	1	1	12	0	7	10	3	1	73	11	37	33	11	2	1	21	42	1	3	40	10	75	24	77	191	46	8	73	1	20	1	16	1	1	1	16	1	1	1	16	1	8	30	1	8	1	5	1	1	1	45	1	7	1	2	2	4	1	1	3	4	1	13	2	1	5	5	12	43	71	1	3	9	10	1	1	16	11	1	11	1	29	30	1	23	8	1	8	4	24	3	1	1	75	57	68	33	11	1	0	1	10	1	1	1	1	1	2	12	5	1	1	10	4	1	54	35	16	5	5	1	10	1	8	1	3	1	10	24	26	1	40	17	73	1	4	11	1	2	1	16	12	1	2	5	1	11	8	1	18	1	10	1	5	8	6	9	40	3	8	1	15	2	1	3	9	26	42	1	1	55	16	6	21	1
8	1	6	5	6	51	2	47	60	5	57	8	37	36	12	36	22	16	4	1	1	1	11	43	7	51	3	11	18	5	22	1	3	31	6	12	6	63	19	36	7	7	114	5	55	22	47	106	24	8	1	79	63	26	19	7	2	75	27	34	68	8	10	8	64	1	15	18	10	21	13	15	37	16	11	10	43	1	4	0	3	1	5	72	7	13	11	70	15	16	32	8	37	11	1	11	0	13	7	1	1	12	70	11	5	0	19	1	1	5	3	32	11	1	1	22	2	10	16	4	41	6	10	5	10	13	1	26	7	16	16	5	24	1	26	41	8	8	15	10	11	5	31	1	15	15	10	1	48	3	21	3	22	7	12	5	29	51	77	11	7	1	7	36	7	12	48	22	18	1	45	12	5	7	1	11	7	1	2	19	1	12	2	8	48	12	8	11	4	16	1	6	1	8	5	8	8	5	10	22	2	16	39	5	5	41	41	1	4	5	27	1	48	10	16	1	1	1	1	1	7	1	1	1	1	1	8	1	1	15	4	5	26	11	13	2	4	3	13	1	18	5	4	3	21	11	8	5	8	1	1	22	8	1	345	5	1	1	1	3	1	32	1	16	5	4	1	16	1	22	3	1	1	2	4	7	75	27	11	8	13	6	1	39	95	2	1	1	1	2	18	1	8	10	6	1	6	19	1	18	6	1	1	3	8	5	77	24	16	4	1	15	8	2	22	6	1	1	1	7	21	2	4	41	19	1	6	1	22	31	2	1	0	1	1	1	16	3	6	22	3	1	11	1	51	8	2	1	4	26	34	29	5	19	5	47	4	8	8	4	1	0	1	1	3	5	16	31	2	21	1	13	75	24	1	18	4	11	5	4	11	1	1	64	43	1	1	7	18	1	7	1	45	1	6	29	19	1	1	145	1	5	11	6	1	90	15	18	13	1	24	1	7	1	3	3	8	1	4	1	0	7	18	8	12	2	13	1	117	8	22	1	36	0	4	10	12	13	1	7	1	3	1	4	10	1	1	19	1	32	1	1	6	4	2	2	3	11	13	1	26	6	3	1	4	3	5	1	7	1	26	1	1	7	12	1	1	1	10	1	1	1	92	13	1	7	16	1	11	4	43	18	7	1	3	15	8	2	37	2	7	2	11	1	29	1	45	1	26	5	457	1	15	1	6	2	32	19	8	11	36	7	12	24	5	2	1	10	2	1	0	1	1	8	37	3	1	10	12	15	8	6	31	8	4	24	13	1	10	1	1	10	1	13	4	32	10	3	1	1	13	5	5	13	2	1	1	1	1	105	4	1	21	11	6	3	53	5	5	5	5	5	15	7	16	11	3	1	1	5	0	3	5	34	1	57	1	1	22	3	2	1	3	1	11	13	5	7	3	4	1	1	1	2	2	7	1	1	2	1	1	0	1	1	12	1	1	1	1	5	1	3	22	5	10	6	29	1	7	0	11	0	7	2	1	1	4	1	8	5	26	18	13	29	1	22	3	1	18	1	1	120	7	2	1	1	6	1	39	6	2	21	5	8	1	1	3	41	2	1	22	1	1	16	1	1	7	1	1	0	12	2	4	1	1	11	1	6	1	1	4	4	1	4	6	5	4	36	1	10	2	15	11	1	1	6	1	3	1	37	1	12	1	1	13	12	29	31	106	8	8	3	1	8	1	15	2	3	29	115	13	1	5	55	4	1	5	1	2	4	1	6	0	1	1	1	1	19	5	53	1	27	2	4	5	6	0	13	21	4	7	7	1	1	1	11	15	6	13	7	1	1	5	1	12	1	29	1	39	1	270	4	1	13	3	36	1	16	5	5	24	11	10	1	53	4	51	41	7	10	10	15	13	92	21	27	117	21	34	37	11	18	18	1	10	1	2	1	22	0	4	5	4	18	37	12	27	27	1	1	1	19	37	10	5	16	4	53	37	48	184	53	5	51	4	16	1	15	2	1	2	15	1	1	0	8	1	1	16	2	13	5	1	1	1	6	18	1	11	1	15	2	1	2	1	2	4	2	1	1	1	5	6	22	22	43	1	1	7	21	1	1	13	6	4	8	1	5	13	4	21	7	1	3	1	27	1	1	1	82	91	60	24	24	5	0	1	13	1	1	1	1	1	1	4	1	3	1	13	4	1	24	31	11	2	6	1	5	1	11	1	5	1	2	6	10	1	36	22	34	1	16	1	2	4	1	19	5	2	1	13	1	12	4	1	4	1	16	1	5	13	12	22	41	11	6	1	16	29	1	1	10	8	39	1	1	32	16	5	27	1
9	1	7	1	2	52	1	35	42	13	44	18	6	49	1	10	32	8	11	0	4	1	13	69	13	46	10	30	13	1	59	1	13	13	1	11	1	8	42	32	3	7	110	3	6	4	69	100	7	4	1	39	44	20	32	8	1	74	37	8	11	10	4	10	28	1	8	42	8	16	10	13	32	35	4	2	32	1	6	1	15	1	2	39	1	15	15	96	18	1	42	7	11	4	1	6	0	10	24	1	26	2	37	8	35	1	10	1	1	3	8	37	3	1	1	69	1	6	18	4	22	1	11	1	4	49	1	18	7	20	20	8	15	3	63	10	1	6	22	3	2	6	59	3	24	11	16	1	88	2	10	10	3	10	6	3	20	74	49	2	7	1	13	8	1	22	28	7	10	1	35	20	7	3	1	1	1	13	1	6	11	20	6	10	22	8	22	1	6	3	0	3	1	16	20	13	6	1	6	2	6	3	26	7	16	39	15	1	1	1	54	7	39	15	30	1	1	18	1	1	16	1	1	1	1	1	26	3	11	30	6	16	11	6	20	10	3	1	44	1	3	6	1	11	28	15	11	11	11	15	3	15	6	15	385	6	1	13	1	2	1	4	1	7	6	13	2	24	1	22	1	3	1	1	7	8	110	10	6	6	13	1	1	11	117	1	0	3	1	1	1	1	1	10	18	1	1	6	1	46	1	3	1	3	20	3	96	39	4	13	1	1	1	1	26	13	1	0	1	1	35	1	3	24	2	11	3	1	16	32	1	1	1	1	2	1	13	1	3	56	44	1	8	1	42	6	3	1	0	18	61	30	22	3	6	16	11	11	8	1	0	0	1	1	7	1	6	15	8	16	4	10	65	88	1	7	6	6	22	6	24	0	3	30	37	6	4	3	2	1	3	1	16	1	1	4	16	1	1	129	1	1	2	1	1	107	2	18	6	2	22	1	11	2	1	1	10	6	4	2	4	1	32	4	7	1	7	1	90	13	79	1	15	1	2	13	1	8	1	13	0	1	2	3	11	1	1	35	1	44	1	7	3	1	8	1	1	6	22	1	22	4	1	1	6	3	1	1	3	1	28	1	1	1	1	1	1	1	8	1	4	0	74	11	1	22	30	1	32	3	26	1	11	3	13	2	3	1	49	8	7	7	13	16	2	1	44	3	18	4	477	6	11	3	1	2	22	7	13	3	24	8	8	28	1	1	1	11	1	1	1	1	1	15	28	8	8	4	15	13	11	1	11	4	10	10	15	1	54	1	1	18	1	6	11	6	6	1	2	1	44	2	3	11	18	8	6	1	1	86	3	6	32	8	1	1	42	16	4	16	1	7	1	7	24	4	1	6	1	18	1	15	3	28	1	32	1	15	15	4	1	1	1	6	4	1	1	2	1	3	1	1	4	1	2	4	1	1	1	2	1	1	1	1	6	3	1	1	3	16	1	1	10	3	26	13	49	6	22	1	6	1	20	10	1	1	1	1	1	3	26	10	32	26	6	18	2	1	3	1	6	119	1	11	2	1	22	1	24	3	1	16	3	15	1	1	1	39	4	1	15	1	1	15	1	4	7	0	1	1	22	1	1	1	7	11	1	1	1	7	1	1	0	18	3	1	1	59	1	24	1	10	2	1	1	6	1	6	1	37	2	1	1	18	18	18	28	24	139	2	30	10	1	30	4	24	1	1	63	125	4	2	1	86	1	1	3	1	7	6	1	2	1	6	10	1	2	28	6	22	15	32	1	1	1	2	1	13	22	7	24	11	1	16	3	1	11	1	1	7	1	4	0	1	6	1	73	1	42	4	287	2	1	22	0	13	1	20	2	13	28	20	18	4	39	6	56	85	0	13	16	1	24	92	24	30	90	18	37	13	11	4	42	1	6	4	3	1	35	1	11	11	1	1	82	10	80	22	7	2	1	37	65	1	8	15	3	44	15	54	178	65	10	92	6	18	1	7	1	3	1	7	1	1	1	24	1	2	52	1	15	1	1	1	2	1	11	1	6	1	3	15	1	1	1	1	1	1	1	1	1	4	1	32	15	28	2	4	7	18	10	1	28	8	4	4	3	3	8	8	8	10	1	4	2	7	1	1	1	65	28	56	28	28	1	0	1	2	0	1	1	1	0	4	7	1	1	1	10	4	1	20	28	3	1	6	2	1	0	22	1	2	1	13	26	46	1	16	15	90	1	13	20	1	1	6	3	2	11	1	2	1	10	2	1	15	1	16	1	1	11	1	6	39	2	1	1	7	15	1	10	2	44	8	1	1	52	8	11	32	1
10	1	1	2	2	2	8	32	13	3	11	8	8	8	1	11	11	13	1	0	1	1	0	8	1	20	8	13	8	13	20	6	1	17	20	6	8	8	8	6	13	2	68	3	17	1	13	17	1	1	3	17	44	1	6	1	8	87	24	40	36	28	8	36	40	1	3	1	1	11	8	3	0	1	1	1	40	1	1	0	13	1	6	36	28	11	2	40	20	3	17	6	32	1	1	13	0	28	13	11	28	1	40	6	17	1	1	1	1	20	2	1	1	1	2	3	2	6	6	1	8	3	20	1	1	17	1	6	36	17	17	36	17	1	20	20	0	24	1	3	13	20	68	8	11	1	28	1	44	1	3	1	13	1	0	1	11	73	59	1	1	0	1	2	28	0	36	6	13	13	28	36	13	6	1	1	32	1	1	3	2	1	6	1	8	1	68	2	1	1	0	8	1	2	17	32	40	6	3	13	1	1	6	36	2	36	11	6	3	1	73	1	49	13	17	1	20	13	0	28	17	11	0	1	1	3	0	24	8	11	1	20	6	11	28	0	24	3	13	6	2	3	17	8	17	13	28	13	6	2	1	6	3	3	304	0	1	6	13	49	0	6	1	11	1	44	11	28	1	13	1	3	2	3	3	0	40	11	28	1	6	3	1	40	13	13	8	6	0	3	11	1	2	8	28	2	3	6	3	36	3	1	1	1	6	1	73	24	11	53	1	0	2	3	63	6	3	0	0	0	1	1	6	17	8	13	13	0	28	40	8	0	13	1	17	1	6	11	17	49	28	1	20	1	59	3	8	0	8	6	20	6	11	1	3	28	8	2	11	1	2	2	2	6	36	3	8	20	8	0	1	2	68	53	0	2	11	3	32	1	20	1	1	20	36	1	1	0	11	3	6	1	36	3	2	11	3	0	0	96	3	24	28	3	1	96	20	28	13	17	17	2	1	1	8	1	1	1	2	1	1	3	28	1	6	2	13	8	68	11	17	1	1	0	36	3	20	8	13	3	3	0	8	1	3	1	1	32	1	76	1	1	2	1	1	1	1	1	11	0	6	3	1	8	1	6	1	2	11	1	6	2	11	3	2	20	1	1	13	1	1	8	20	11	13	2	3	0	3	3	32	8	28	6	1	20	17	53	36	3	2	0	8	36	3	3	44	20	3	6	293	2	6	1	0	13	49	8	11	6	8	11	1	13	1	6	11	6	1	1	1	3	28	8	79	6	1	13	11	28	13	1	3	6	24	3	13	3	24	8	1	1	1	13	8	0	3	6	17	20	36	2	2	8	6	3	3	1	1	32	1	1	2	2	1	44	36	1	1	6	8	11	17	3	13	49	1	24	2	1	1	8	8	17	8	32	1	8	140	6	1	6	11	8	6	1	3	11	3	1	6	3	6	3	3	3	2	3	2	3	11	0	1	3	13	1	1	6	2	6	0	0	28	0	11	3	20	20	13	13	6	0	11	1	1	0	8	13	3	2	17	3	13	13	0	13	3	0	2	0	3	83	28	40	8	3	17	1	36	13	8	24	11	24	8	49	1	8	13	0	11	11	2	3	0	1	3	1	2	1	59	3	1	1	2	8	0	40	6	2	13	13	13	13	8	20	6	87	1	8	3	1	0	13	6	1	0	8	1	2	1	11	2	3	11	11	2	40	152	1	36	36	6	3	2	1	13	3	24	83	8	0	3	73	3	2	2	3	3	1	1	13	8	1	6	1	20	13	40	11	13	11	2	17	8	28	8	6	6	17	1	1	1	13	1	8	49	3	20	3	2	17	36	59	13	0	17	8	40	3	278	36	2	36	0	8	3	3	3	20	28	20	2	49	24	6	59	107	3	2	1	3	8	125	13	11	112	13	1	17	8	3	1	0	11	36	1	8	28	0	0	1	1	145	32	11	63	13	2	8	1	28	11	0	11	3	0	63	13	36	183	40	6	59	3	8	2	1	3	2	3	1	2	0	0	3	3	1	53	6	32	2	3	1	6	1	59	1	2	1	36	28	8	17	1	3	3	2	13	1	3	0	8	3	24	3	13	1	8	20	6	2	44	3	8	17	0	28	28	3	40	11	0	8	8	1	1	1	2	13	28	96	11	20	0	0	0	3	53	1	1	3	0	1	3	6	1	2	1	8	0	8	17	24	2	3	1	17	24	8	36	36	3	1	20	24	11	13	36	44	2	11	1	6	0	3	28	8	1	3	2	0	2	2	0	20	3	11	1	8	3	1	6	92	6	2	2	32	0	0	13	17	6	0	1	2	17	2	8	20	2
11	1	15	12	7	40	1	37	51	16	47	18	21	37	8	27	20	7	18	2	17	4	13	64	25	49	6	34	18	9	58	16	17	28	18	23	7	46	41	67	15	9	124	3	64	23	89	100	20	6	6	93	49	42	22	9	11	51	75	33	78	2	9	31	35	6	33	19	24	38	20	23	69	16	9	10	33	1	8	1	8	1	1	43	2	12	22	101	20	5	41	21	28	16	1	5	1	9	17	1	19	13	75	29	5	1	24	1	2	10	19	44	23	3	4	30	6	29	57	17	26	10	13	13	31	22	3	15	7	6	5	7	5	3	29	39	10	15	14	15	13	6	9	1	18	18	19	4	88	8	20	14	34	11	20	11	12	30	48	28	10	1	9	29	20	22	44	26	15	19	32	27	5	2	1	10	3	7	4	14	9	16	5	14	37	10	9	21	2	20	1	7	2	19	5	1	39	2	12	23	1	26	64	2	26	44	44	2	7	8	107	2	16	4	3	1	4	28	3	1	7	1	5	15	3	1	2	1	1	21	14	33	28	7	11	4	5	1	28	3	6	3	1	1	36	17	27	2	12	1	3	33	26	1	1000	9	7	6	2	6	1	43	9	5	9	1	5	59	2	46	7	12	5	6	2	16	39	35	35	32	18	6	3	32	104	6	1	1	1	4	15	1	21	4	19	1	3	30	1	13	5	2	1	8	13	4	68	9	19	7	3	31	19	4	81	4	1	1	1	14	59	5	11	32	23	1	1	4	13	24	7	11	1	5	1	3	15	12	5	33	11	1	7	9	62	4	2	2	2	3	37	27	14	20	15	70	9	22	18	16	1	1	2	1	4	1	15	34	3	12	1	7	23	34	3	35	1	10	5	13	56	2	2	42	64	12	1	5	5	1	9	1	57	1	5	23	8	4	3	181	1	2	1	6	1	29	12	29	12	8	22	1	11	6	1	1	1	1	8	3	2	6	50	6	33	3	44	9	161	7	21	1	11	1	7	33	11	12	2	9	1	1	1	12	19	4	1	59	5	61	7	6	13	9	8	18	11	13	10	5	27	12	6	2	4	7	22	1	9	2	15	1	4	12	11	1	1	5	18	1	2	1	70	6	1	15	25	1	8	5	19	1	8	1	5	15	1	1	50	3	13	1	4	9	19	1	58	1	2	1	947	4	1	2	10	4	4	8	6	3	6	4	18	35	8	1	1	7	1	1	1	1	1	6	29	22	2	11	13	36	13	4	16	19	20	34	3	4	4	2	1	7	1	12	3	10	7	1	1	1	12	1	1	3	20	1	1	1	1	1	1	2	6	1	1	1	13	7	2	1	1	3	1	1	5	7	1	1	1	3	1	1	5	17	1	14	1	1	11	1	1	1	1	1	6	1	4	1	1	2	1	1	1	1	1	1	1	1	1	2	1	1	1	1	1	1	1	1	1	5	1	1	3	6	2	15	4	1	8	1	4	1	8	1	1	1	4	1	1	2	38	2	6	9	1	9	3	1	4	0	1	22	8	1	1	1	5	1	15	1	10	6	5	2	1	1	1	17	4	1	6	1	1	2	1	1	4	1	1	1	8	1	3	1	2	2	1	16	1	3	1	1	1	15	3	1	4	3	1	5	1	4	3	1	1	2	1	11	1	106	5	9	1	8	29	34	17	21	42	13	17	3	1	20	1	47	3	10	58	134	19	1	3	30	13	1	1	1	1	8	1	1	1	1	1	1	3	32	3	32	3	15	3	1	18	9	1	5	15	4	2	3	1	3	1	5	10	9	11	5	1	1	1	1	1	1	26	1	29	1	43	2	1	49	1	34	2	9	10	1	10	3	5	1	19	6	38	15	2	4	15	1	8	39	11	12	45	12	24	6	1	1	13	1	8	20	4	1	9	1	10	16	1	1	5	6	16	9	1	2	1	52	16	10	1	16	9	22	7	32	74	16	2	62	2	10	2	14	2	3	2	14	3	1	1	15	4	2	31	1	10	1	4	1	1	1	18	1	21	12	3	2	1	1	1	1	3	1	8	2	3	6	1	9	23	38	1	1	4	9	1	1	41	16	6	15	2	14	21	5	5	19	1	1	1	18	2	1	1	58	123	171	6	17	1	1	1	5	1	1	1	2	1	5	14	3	1	1	17	6	1	42	9	17	3	12	1	4	1	5	1	2	1	22	20	11	1	40	15	30	1	13	13	13	1	9	29	12	5	2	1	1	23	7	2	11	8	9	1	6	17	9	11	8	6	4	1	15	12	1	3	10	8	14	1	4	32	9	11	14	3
12	1	11	10	5	28	1	27	36	8	36	12	16	25	5	21	8	8	11	1	20	2	18	45	21	38	5	34	19	7	57	8	12	22	20	20	4	42	30	52	14	9	84	4	40	16	67	85	14	5	8	83	39	32	24	11	13	70	66	32	71	2	18	36	32	5	38	7	20	26	21	21	56	18	6	9	26	1	13	1	8	1	2	37	5	11	24	104	25	9	40	26	24	17	1	5	1	10	25	2	19	7	44	23	4	1	21	1	6	17	22	29	24	3	5	41	3	21	54	23	16	10	18	7	38	43	4	15	10	7	7	10	7	4	41	34	10	29	11	16	15	8	16	1	22	15	24	5	95	5	16	6	21	17	29	10	21	49	42	20	8	1	10	26	22	20	45	29	16	22	38	41	5	4	1	6	2	11	4	12	11	20	2	13	45	14	22	15	1	19	2	9	4	18	5	3	36	3	7	20	3	22	44	2	23	61	35	7	11	23	116	2	28	7	3	1	11	36	1	1	12	1	8	7	5	1	5	1	1	22	14	36	33	12	13	7	7	1	36	1	7	2	1	1	41	16	30	5	16	1	3	22	22	1	1000	8	5	11	5	9	1	31	8	7	12	1	6	54	2	55	9	19	6	5	1	14	36	30	38	32	16	3	3	38	66	9	1	1	1	5	11	1	19	8	31	1	2	23	3	14	7	4	1	8	18	3	71	15	12	15	5	36	22	22	89	9	1	1	1	11	59	3	9	24	29	1	1	3	19	26	11	19	1	3	1	3	13	20	6	41	21	1	9	9	47	6	2	1	4	5	36	24	16	19	16	69	10	30	15	15	1	1	4	1	2	1	17	30	10	14	1	8	25	44	4	40	1	8	12	10	55	2	4	44	66	15	1	7	12	1	10	1	48	1	2	26	12	1	3	138	1	1	1	2	1	40	9	30	19	5	21	1	11	6	2	3	3	1	4	4	1	6	67	7	28	2	35	13	155	12	23	3	14	1	9	39	6	13	5	10	1	1	3	8	21	2	1	64	1	59	9	9	16	8	5	15	12	14	12	4	36	9	2	3	2	5	14	1	6	2	15	1	6	6	15	1	1	3	20	3	2	1	47	11	1	24	31	1	10	7	33	1	9	2	5	16	1	1	56	3	11	1	6	5	8	1	52	1	1	1	700	3	2	2	18	8	5	9	2	2	17	8	17	34	3	1	1	8	2	1	1	1	5	6	37	19	1	16	11	31	11	5	14	19	26	30	6	5	3	4	1	10	1	7	3	6	3	1	1	1	11	2	1	3	21	1	1	1	1	1	1	2	6	4	1	2	11	5	4	4	2	3	1	1	2	7	1	1	3	8	1	1	1	8	1	8	1	1	11	1	1	1	1	1	2	1	7	1	1	1	1	1	1	1	1	3	1	1	1	2	1	1	1	1	1	2	1	1	1	4	1	1	3	1	5	13	4	1	6	1	1	1	3	1	1	1	6	1	12	5	40	7	9	10	3	6	1	1	5	1	1	32	6	2	1	1	5	1	14	1	13	5	3	4	1	1	1	15	1	1	8	1	1	3	1	1	5	1	1	1	21	1	2	1	3	7	1	14	1	6	1	1	1	6	3	1	1	4	1	3	1	8	5	1	1	2	1	12	3	94	4	18	1	8	34	38	16	21	76	13	20	2	1	32	1	40	3	17	65	152	15	1	2	39	10	1	1	2	2	9	1	1	2	2	1	1	5	42	1	31	10	26	3	3	27	8	1	5	20	2	8	1	1	4	1	7	11	13	17	3	1	2	2	1	3	1	25	1	21	1	100	2	1	53	1	41	6	14	10	2	9	4	7	1	13	5	65	25	1	8	9	1	4	38	9	13	52	9	11	7	1	1	15	1	8	12	4	2	15	1	9	11	1	3	9	8	23	15	1	3	1	59	11	13	1	20	3	25	12	46	75	26	2	85	4	4	2	11	1	2	2	11	2	1	1	21	3	4	26	1	11	1	4	1	3	1	28	3	25	12	4	3	1	4	1	2	6	1	10	3	2	5	2	10	27	31	1	2	4	13	1	1	31	21	5	22	1	16	20	2	12	17	1	3	1	19	1	1	8	40	110	178	13	18	4	1	1	12	1	1	1	3	4	10	21	3	2	1	13	9	1	45	19	19	5	12	1	6	1	12	1	5	1	22	28	13	1	49	32	31	2	14	17	17	1	16	30	13	5	1	2	1	18	2	2	11	11	6	1	7	19	8	13	15	7	6	1	21	20	1	2	10	14	18	1	1	45	11	14	30	2
13	1	10	11	3	27	4	30	39	9	44	14	15	25	6	20	7	6	9	1	15	1	9	30	13	37	2	27	17	7	41	8	11	34	31	13	2	38	29	51	12	7	74	2	45	16	40	85	9	3	8	78	33	25	28	8	12	47	57	35	66	3	9	33	23	3	28	6	20	24	16	13	55	14	6	9	32	3	11	1	6	1	2	55	27	12	23	112	21	2	37	19	19	16	1	1	1	11	24	21	20	7	56	20	14	1	16	1	2	13	18	35	11	3	2	36	5	14	46	15	24	8	14	6	52	27	7	16	8	8	8	6	8	6	48	27	5	18	25	11	11	6	24	1	38	22	9	2	107	3	16	9	18	14	30	5	18	33	38	16	10	1	11	21	25	19	41	25	14	13	29	48	9	4	1	7	13	12	3	9	8	15	1	10	46	6	15	16	1	16	2	3	4	15	7	11	55	2	13	16	1	25	41	19	20	49	27	28	96	95	107	1	33	8	1	1	4	35	2	4	9	2	5	8	4	1	12	7	1	14	11	22	27	14	15	5	12	7	21	1	16	2	9	1	39	13	30	3	13	1	1	25	19	1	1000	5	4	6	35	6	1	37	4	5	6	4	10	61	2	49	6	13	5	5	1	15	38	32	37	21	8	3	1	57	78	22	30	1	1	4	20	1	11	7	41	6	1	18	1	18	2	2	1	13	15	2	72	10	8	14	7	19	15	149	113	12	1	1	1	17	39	2	5	21	20	11	2	4	17	28	4	10	1	2	1	4	12	13	3	37	15	1	10	3	48	7	1	1	13	5	35	17	13	26	8	62	8	24	16	12	1	1	2	1	16	7	11	22	9	11	1	10	29	37	1	34	1	19	21	11	43	1	1	106	58	17	2	3	7	1	8	1	37	1	3	26	10	3	2	126	2	3	1	3	1	80	9	19	10	7	23	1	9	2	26	16	7	1	3	12	1	3	43	6	11	1	27	7	140	11	20	2	14	1	42	33	8	7	6	6	1	1	1	3	13	2	1	64	4	46	7	3	10	5	3	12	8	11	10	3	22	10	1	3	5	4	12	1	6	1	20	1	2	5	8	3	4	5	19	7	2	1	58	4	3	16	27	1	9	8	27	2	20	1	4	13	2	1	59	2	9	1	1	10	7	2	48	4	2	4	775	4	4	1	18	6	11	11	4	1	12	4	12	24	5	1	1	7	2	1	1	1	2	12	29	21	1	9	12	24	8	3	14	26	17	26	7	11	2	1	1	4	1	13	2	30	5	1	1	1	11	1	2	4	17	1	1	1	1	1	1	2	4	4	1	18	17	2	7	1	10	2	1	3	3	16	1	1	1	3	1	1	2	6	1	9	1	1	20	1	1	1	1	4	2	1	4	1	1	2	1	1	1	1	1	40	7	1	1	1	1	1	5	1	1	3	1	1	1	5	1	2	6	7	4	10	2	1	15	1	3	1	7	2	1	1	4	5	78	22	65	29	8	7	4	3	4	1	2	1	1	33	5	2	1	1	12	1	21	1	8	5	2	3	1	1	1	19	1	1	5	1	1	2	1	1	2	2	1	1	13	1	1	1	4	7	1	12	1	4	1	1	1	9	2	3	4	6	1	5	1	8	2	2	1	2	1	12	2	85	4	19	1	9	32	29	15	17	66	10	19	2	1	25	1	57	6	15	63	133	15	1	1	35	6	37	1	2	1	7	1	1	1	2	3	1	3	45	1	24	11	21	3	20	27	8	1	5	13	3	2	6	1	2	1	5	25	8	16	10	1	3	6	14	3	1	19	1	16	1	94	21	1	39	2	35	2	14	8	2	10	5	4	1	10	5	83	25	2	6	9	2	5	58	10	20	70	12	18	6	1	2	14	1	4	17	3	1	12	1	9	8	1	65	13	12	26	19	2	1	1	48	10	10	1	19	5	17	19	37	94	41	1	57	11	12	1	13	2	11	2	13	2	1	1	13	8	2	24	2	10	1	7	1	1	1	21	1	21	12	42	2	1	30	1	2	5	2	4	1	1	4	8	11	25	24	1	3	2	10	3	1	32	20	9	10	1	17	19	3	10	15	1	4	1	10	1	12	55	52	147	145	14	14	25	1	5	10	1	1	1	2	1	6	12	2	1	1	10	9	1	37	14	19	6	10	1	5	1	66	6	19	1	14	31	11	4	36	109	28	2	13	10	15	1	7	30	16	1	1	1	1	13	9	1	6	24	4	1	4	19	7	13	23	4	7	1	20	20	2	6	17	10	16	1	1	32	11	10	30	2
14	1	16	11	6	33	1	32	39	12	40	15	30	26	12	24	14	10	13	2	15	3	14	48	22	43	5	32	14	11	63	8	15	26	14	20	6	37	35	70	14	9	112	6	45	25	86	98	17	4	6	83	45	36	23	10	12	56	82	28	80	3	12	29	27	6	27	12	22	34	23	20	61	17	7	7	35	1	9	1	8	1	2	39	3	15	22	98	23	6	57	22	22	15	1	5	1	8	19	1	16	11	62	28	5	1	21	1	3	9	22	31	23	2	2	39	3	28	45	16	20	9	19	7	31	39	1	14	8	7	7	7	6	8	26	30	7	19	16	12	14	5	19	1	15	19	21	1	93	4	23	7	27	7	27	8	16	32	54	21	6	1	9	32	17	18	54	24	17	15	30	30	3	4	2	10	1	7	9	20	13	12	2	12	51	11	14	24	1	15	1	4	3	20	8	1	42	4	11	19	3	27	52	1	31	49	51	7	3	4	102	2	18	1	2	1	7	38	1	1	9	1	5	10	5	1	10	1	1	24	18	35	26	9	12	7	3	2	20	3	18	4	1	1	36	19	19	2	18	1	2	32	18	1	1000	9	6	6	1	3	1	42	7	6	8	1	6	43	1	41	9	13	5	9	2	15	38	33	26	31	24	5	3	33	77	4	1	1	1	3	10	1	23	5	19	1	1	17	1	11	4	3	1	8	15	2	75	11	13	10	4	25	12	3	71	6	1	1	1	19	51	3	9	27	23	1	2	5	15	26	6	10	1	5	1	3	11	19	10	43	23	1	7	6	48	4	3	2	2	3	34	25	11	19	9	69	8	23	18	16	1	1	1	1	3	1	11	31	3	13	1	4	40	40	3	39	1	10	11	14	44	2	1	57	64	12	2	5	4	1	8	1	55	1	3	24	7	7	1	154	1	2	1	5	1	27	7	30	16	9	18	1	10	1	1	1	5	1	6	5	1	8	50	8	21	7	47	8	134	11	21	1	19	1	4	35	12	10	1	8	1	1	1	8	20	2	1	67	4	48	7	9	14	7	6	10	8	18	10	7	23	10	1	1	2	5	20	1	8	1	19	1	3	8	15	1	1	4	22	1	2	1	66	6	1	20	22	1	6	6	24	1	9	1	3	11	3	1	60	3	10	1	4	9	14	3	49	1	2	1	775	4	2	1	13	7	9	6	12	3	9	5	24	36	8	1	1	9	2	1	1	1	1	4	25	20	2	9	11	28	9	1	14	18	31	29	5	5	2	3	1	10	1	10	4	19	6	1	1	1	13	1	6	3	19	2	1	1	1	1	1	2	14	3	1	2	15	4	6	1	4	3	1	1	4	9	1	1	1	3	1	1	2	22	1	10	1	1	14	1	1	1	1	2	5	1	6	1	1	1	1	1	1	1	1	3	1	1	1	4	1	1	1	1	1	1	1	1	1	6	1	3	5	5	3	14	3	1	3	1	2	1	4	1	1	1	5	1	1	2	37	5	10	10	2	9	2	1	5	0	2	34	5	2	1	1	3	1	17	2	12	5	1	3	1	1	1	13	1	1	7	1	1	3	1	1	4	1	1	1	11	1	3	1	4	7	1	10	1	2	1	1	1	7	1	1	1	4	1	1	1	3	3	1	1	1	1	11	1	100	5	14	1	7	37	30	20	25	71	7	19	6	1	17	2	46	1	12	60	127	18	1	1	44	5	1	1	1	1	7	1	3	1	2	2	1	5	50	4	28	6	33	2	1	25	4	1	7	21	3	5	5	1	6	1	7	12	11	13	5	1	2	1	1	3	1	23	1	22	1	77	2	1	42	1	34	4	11	10	4	11	8	5	1	12	4	50	27	2	8	11	1	10	45	16	18	56	18	21	5	1	1	17	1	6	20	2	2	13	1	11	14	1	2	7	10	21	10	1	1	1	52	22	9	2	10	8	27	12	38	97	24	3	72	3	8	1	12	1	3	1	12	1	1	1	16	3	4	33	1	8	1	6	1	2	1	27	1	21	13	3	2	1	1	1	1	4	1	5	1	2	5	1	13	27	36	1	2	2	10	1	1	33	17	5	11	2	10	30	5	10	19	1	6	1	15	1	1	1	51	174	164	14	22	3	1	1	13	1	1	1	4	1	2	20	3	1	1	14	4	1	41	16	15	8	6	1	2	1	4	1	1	1	21	26	9	1	53	22	38	1	15	11	9	1	10	28	16	5	1	1	1	16	9	2	11	7	9	1	5	22	6	14	18	6	2	1	15	16	1	1	5	6	20	1	1	24	11	9	25	3
15	1	9	11	5	19	17	55	30	11	34	9	13	27	5	15	14	11	7	4	15	1	11	55	13	24	2	30	13	9	50	4	8	33	46	20	4	29	47	48	13	4	82	3	34	12	42	61	7	3	8	65	50	32	24	3	8	33	43	52	41	12	4	32	24	2	16	8	18	25	17	13	54	14	6	11	26	9	15	1	1	1	2	68	64	8	15	86	23	3	24	29	56	14	1	1	1	14	30	26	11	7	55	11	10	1	12	1	4	15	13	24	16	3	2	29	5	13	43	15	29	7	16	4	33	44	8	10	5	2	2	5	6	6	45	18	3	14	44	6	7	8	31	2	40	11	9	1	106	8	16	8	18	10	36	6	16	25	48	12	13	1	5	15	43	24	35	9	9	13	24	80	7	1	2	7	17	5	2	12	9	8	1	6	21	4	34	15	1	13	2	5	7	12	10	11	52	2	18	19	3	26	52	54	13	36	25	71	72	118	80	4	30	16	2	2	7	24	1	29	16	1	8	5	3	5	3	10	2	11	12	13	29	8	22	2	20	17	30	1	13	2	11	2	31	9	28	2	10	2	2	20	10	1	1000	7	8	4	36	18	6	27	4	3	12	29	20	77	1	42	5	14	3	16	1	12	22	31	43	26	21	5	1	65	67	22	56	1	5	2	25	1	16	5	44	2	5	17	1	25	2	2	1	7	8	8	49	16	12	10	1	29	10	146	78	24	1	1	1	11	34	4	3	20	18	27	15	2	25	28	3	8	4	2	2	3	6	20	3	18	13	1	19	2	87	9	2	2	7	10	21	12	8	29	7	43	5	12	10	8	1	1	1	1	26	11	18	24	11	6	1	12	27	17	4	37	1	23	42	6	56	1	1	55	38	13	4	2	11	1	6	1	25	1	2	40	5	8	1	121	2	4	1	10	1	116	17	16	6	4	13	1	8	3	38	20	10	7	2	16	1	3	23	4	16	1	20	9	124	13	8	4	6	1	75	22	7	11	1	9	1	1	2	5	13	4	1	59	3	73	11	4	21	5	9	12	8	11	8	4	16	7	1	28	3	4	10	1	5	2	8	1	2	3	7	11	6	5	28	14	1	1	63	12	41	14	15	1	7	10	20	4	42	31	1	8	1	14	38	1	9	4	1	10	10	11	36	10	2	15	523	8	4	1	14	6	4	3	7	1	6	11	6	18	4	1	1	4	1	1	1	1	5	21	20	10	4	21	4	14	6	2	15	45	8	17	12	13	3	3	1	2	1	27	3	53	3	6	1	3	21	1	6	2	10	4	1	1	1	1	1	3	3	2	1	29	5	6	12	1	7	1	8	7	3	40	1	9	4	1	1	3	5	7	5	4	1	1	47	1	1	1	1	1	1	2	1	1	8	1	1	4	1	1	1	48	8	1	1	1	7	1	7	10	1	2	1	5	1	1	1	2	9	2	1	8	6	4	16	5	2	1	10	6	1	1	5	12	54	8	55	15	7	7	3	6	7	1	4	1	1	20	3	4	18	1	20	1	21	2	6	4	7	1	1	3	5	10	2	1	1	4	1	1	1	2	6	1	1	1	13	1	3	1	2	8	1	8	1	2	1	1	1	8	1	2	8	7	1	5	1	2	2	2	1	4	1	13	7	70	3	51	3	3	13	24	8	14	54	11	12	2	1	14	1	41	8	6	30	97	8	1	3	13	5	22	1	5	2	10	1	18	1	6	8	1	11	21	2	15	8	11	1	47	21	9	1	2	15	5	3	5	2	1	1	3	84	6	6	16	1	1	9	76	2	1	16	1	17	1	38	49	1	38	3	20	4	8	4	17	27	9	7	7	7	2	88	28	2	7	5	1	6	53	10	14	63	10	13	4	1	1	14	1	8	10	1	1	18	1	7	7	1	156	14	13	27	9	2	3	1	41	10	6	1	12	5	12	17	33	43	32	1	55	6	9	4	15	8	8	8	15	4	1	1	11	6	1	27	2	10	6	10	1	1	1	36	1	14	24	71	8	6	80	1	6	4	5	4	3	1	3	14	9	20	27	1	1	1	8	5	1	37	21	5	13	3	20	26	1	19	8	1	2	1	11	1	12	58	43	125	107	5	15	34	1	4	1	17	4	1	3	1	2	8	3	1	6	9	8	1	26	23	25	9	11	2	2	25	60	10	21	1	21	29	5	6	31	123	28	1	21	15	14	1	9	36	13	3	1	2	1	13	24	1	15	20	4	1	4	19	5	6	33	2	14	1	21	10	2	4	19	4	12	1	3	21	32	14	17	1
16	1	5	4	1	6	2	61	27	26	15	1	9	16	1	15	3	5	5	1	13	2	8	41	7	18	1	6	15	6	28	3	1	15	27	51	3	13	18	13	8	1	67	1	32	22	21	71	11	9	11	26	55	12	28	5	2	26	24	25	49	29	4	20	35	1	10	12	5	17	16	10	28	3	4	5	16	4	8	1	1	6	1	53	37	13	19	67	17	3	36	15	42	5	1	1	1	5	14	5	19	3	53	10	19	1	6	1	4	17	10	18	3	4	1	21	1	14	44	8	13	10	8	1	10	62	3	5	13	10	10	7	7	5	43	36	3	67	20	1	1	8	43	2	17	12	7	2	86	7	6	5	13	10	19	4	8	28	146	6	4	1	8	10	37	13	19	21	4	11	32	60	8	5	3	2	8	2	1	5	10	9	1	5	42	2	53	10	1	7	1	16	8	10	11	14	53	1	13	13	2	42	49	44	9	53	20	6	9	3	42	5	37	19	1	1	4	25	1	45	13	1	8	5	1	1	2	20	1	10	1	9	21	11	24	5	31	10	22	1	10	2	7	1	17	19	24	4	1	1	4	19	10	1	477	2	6	1	8	41	1	24	1	10	4	23	8	65	1	48	4	6	1	37	1	13	39	52	49	8	23	1	1	35	55	1	5	2	1	2	6	1	7	12	10	5	5	8	1	29	4	1	1	10	24	1	37	14	10	18	2	27	9	13	53	23	1	1	0	3	27	3	5	19	9	32	9	1	25	43	4	1	1	1	7	7	3	18	7	40	10	1	37	1	64	7	13	2	4	10	20	34	3	25	8	34	9	2	7	4	1	1	3	1	28	14	17	8	13	8	2	9	82	26	3	10	1	8	20	4	62	1	2	31	84	2	5	1	41	3	10	1	22	1	1	37	9	5	2	84	1	10	1	11	1	114	17	13	18	11	26	1	3	1	22	10	1	1	1	13	1	1	48	5	17	1	11	13	97	8	39	1	10	1	58	30	5	9	1	18	5	1	8	2	2	1	1	62	1	93	13	2	8	1	3	13	10	5	9	2	9	5	4	61	1	1	6	0	7	1	5	2	1	3	8	15	11	3	96	13	2	1	42	29	64	4	20	1	4	7	31	7	21	5	1	26	3	31	44	3	2	9	10	14	5	18	34	8	3	1	311	3	8	2	15	2	4	10	8	1	10	28	2	29	7	1	1	3	2	4	1	1	20	15	26	11	5	9	12	15	19	2	3	41	12	14	10	5	8	6	1	4	2	25	4	16	1	10	1	1	33	1	24	7	24	2	4	1	1	1	5	11	13	1	6	26	28	6	7	5	1	12	25	3	4	45	1	19	1	11	1	8	6	24	1	21	1	6	108	1	4	2	1	8	1	6	4	1	6	8	1	1	1	1	5	30	3	1	2	8	4	1	1	4	1	1	1	8	1	2	4	1	13	1	11	8	22	3	17	1	8	0	18	8	1	1	3	10	5	4	26	1	5	9	8	5	3	1	8	1	3	62	6	5	24	1	10	1	28	13	12	8	25	11	8	7	7	18	6	1	35	1	1	2	1	5	5	3	1	1	18	1	3	1	3	11	1	5	4	13	2	3	2	9	7	9	10	23	1	6	1	3	3	2	1	1	5	16	2	58	1	30	1	1	18	21	22	5	106	7	15	9	2	20	1	34	16	8	51	116	4	1	1	51	2	2	4	1	1	10	1	41	1	16	1	1	5	24	3	34	12	38	1	20	16	25	1	9	15	24	10	1	1	5	1	3	92	7	8	23	1	10	13	109	6	1	11	0	15	1	148	65	1	20	1	23	1	23	4	20	13	14	1	38	4	5	60	59	0	4	3	1	12	57	11	17	61	13	5	16	1	2	17	1	4	7	1	3	32	1	8	13	1	132	53	18	33	17	10	18	2	39	24	1	3	16	1	69	45	44	114	36	1	32	1	5	4	6	11	4	11	6	4	1	1	12	1	1	39	1	24	9	5	1	1	3	33	1	19	2	20	13	2	4	1	4	2	1	4	5	4	1	19	3	28	16	1	3	1	4	1	2	20	10	3	29	1	15	53	1	16	17	1	2	2	7	1	17	73	31	42	112	3	2	4	1	1	5	55	1	1	2	4	3	3	8	1	5	3	22	1	29	24	18	3	3	4	10	53	19	13	29	7	22	13	8	8	23	85	16	1	19	17	10	2	3	19	3	1	1	1	1	1	47	1	6	2	8	1	1	10	1	5	23	2	9	2	30	10	4	3	15	2	25	1	1	13	21	14	20	1
17	1	24	20	6	1	7	7	6	1	29	7	13	21	3	20	7	14	4	12	64	9	1	0	2	16	9	19	21	42	61	34	10	28	73	1	7	8	37	2	23	8	16	7	43	10	3	1	0	23	23	10	1	15	18	8	11	1	6	59	1	136	2	13	3	4	1	10	46	6	21	9	21	6	5	11	4	16	6	2	3	20	2	48	67	2	3	32	2	5	4	88	63	8	7	3	2	20	10	20	15	6	6	1	58	17	7	9	17	25	13	1	19	4	6	6	9	2	23	10	20	12	27	10	62	50	9	1	1	1	1	1	1	1	54	1	1	1	83	1	5	12	30	6	31	3	1	4	64	9	1	0	1	15	43	5	28	14	27	1	18	9	11	0	25	2	1	0	7	2	47	67	17	6	8	3	50	10	5	3	8	16	0	1	0	1	2	1	3	8	4	27	38	1	66	19	41	7	11	8	28	2	5	70	1	50	1	1	1	1	1	17	16	42	4	9	2	9	4	178	13	20	17	3	5	4	5	44	47	1	0	4	3	24	78	1	51	5	117	21	67	4	30	12	51	20	19	13	4	9	9	1	1	5	5	2	2	8	46	18	41	2	11	1	6	53	39	70	4	37	1	15	6	18	1	1	3	12	46	11	39	3	0	108	14	37	10	8	10	8	31	16	9	9	17	21	13	9	3	19	8	6	6	1	10	25	1	102	8	42	3	1	1	176	1	38	6	7	1	1	1	10	1	3	1	102	45	6	30	20	1	3	24	70	37	14	10	21	1	2	2	5	32	3	2	21	16	0	15	25	4	10	11	21	1	1	10	0	0	0	14	6	19	7	79	16	26	10	12	7	2	28	29	35	7	2	12	48	33	2	28	7	7	63	0	14	15	8	1	11	1	5	1	9	6	16	9	26	5	5	14	6	2	39	11	161	50	1	15	9	3	5	2	1	84	31	18	8	4	72	4	3	3	10	1	5	1	7	12	36	1	10	3	6	126	1	9	6	2	18	1	7	1	1	1	11	5	35	6	2	9	4	8	8	14	2	1	3	21	8	24	3	9	159	17	3	2	5	13	8	4	7	8	6	4	11	9	18	4	28	5	5	6	3	1	13	10	15	6	12	10	12	39	1	0	9	2	58	0	1	1	2	1	14	2	39	1	29	13	45	6	13	10	3	20	24	33	4	17	1	16	17	3	3	3	9	7	6	7	6	5	3	1	32	16	4	8	40	1	1	6	6	6	6	1	0	47	1	1	1	1	1	8	1	36	152	2	9	1	1	4	8	20	1	1	22	3	4	7	3	3	9	0	3	5	129	1	2	14	3	14	1	1	33	12	51	5	1	3	1	6	92	13	1	44	2	4	2	1	6	8	9	27	1	0	12	10	15	28	11	2	26	4	1	0	13	10	0	0	1	31	13	7	14	7	1	5	1	1	5	8	8	1	0	12	1	19	1	32	24	10	2	8	24	8	10	14	10	14	40	25	29	8	30	14	18	14	7	36	1	3	21	8	3	197	15	26	10	34	1	1	28	6	1	7	1	2	3	3	4	13	13	1	1	2	15	17	22	5	10	12	10	25	0	3	22	11	17	31	21	3	3	3	4	0	11	8	13	8	42	17	7	7	6	5	24	1	5	26	6	1	5	12	0	6	20	16	1	24	31	5	14	10	1	2	5	18	14	1	8	13	2	12	2	15	58	6	14	21	30	9	1	10	22	16	1	39	9	9	1	1	2	4	29	22	15	5	4	14	2	4	27	20	2	14	5	73	1	1	48	14	2	28	146	21	8	3	1	1	3	5	97	4	1	37	2	6	8	1	44	49	7	6	1	1	4	49	36	2	24	13	1	1	13	1	41	11	1	15	31	8	8	26	8	9	1	3	7	23	2	17	3	16	477	50	19	17	47	13	2	15	9	4	0	8	41	12	2	54	23	41	75	1	9	2	2	3	1	6	6	6	1	3	2	1	3	14	2	6	10	22	27	31	3	12	20	36	7	1	4	323	26	6	95	6	18	17	26	8	8	2	8	103	16	30	4	3	7	2	10	12	23	18	29	18	57	27	44	1	2	20	1	12	2	4	2	16	20	14	1	1	1	1	0	65	7	37	0	31	47	1	0	0	2	1	17	5	24	0	22	4	10	35	61	33	11	25	3	157	106	19	28	14	72	42	1	23	1	95	1	7	99	19	24	3	9	33	10	1	7	8	5	4	1	7	10	10	7	12	18	2	12	7	53	9	38	29	39	13	16	27	44	40	18	6	1	1	25	8	12	9
18	1	16	17	5	1	6	5	5	1	28	7	13	23	3	17	6	14	2	10	51	8	1	1	2	14	8	18	21	31	55	26	9	46	84	1	5	7	38	2	19	6	11	7	40	7	3	1	1	11	17	11	1	14	18	7	10	2	7	68	1	64	2	15	5	4	0	1	22	2	14	10	28	7	5	11	4	23	7	6	1	16	2	58	63	2	3	42	1	5	4	92	61	10	7	4	5	23	18	38	12	5	9	1	50	12	5	8	17	32	9	1	12	6	7	5	17	2	28	15	21	17	33	11	145	67	7	0	0	0	0	0	0	0	67	2	1	1	129	1	6	9	29	6	30	2	0	3	110	11	1	0	2	19	44	5	21	12	23	1	18	9	9	0	30	10	1	0	10	2	53	128	17	5	8	4	42	8	5	3	9	14	0	1	0	0	2	1	4	10	8	12	36	1	58	28	54	7	16	1	29	1	3	63	1	46	1	2	1	1	3	14	17	33	4	3	2	5	2	72	18	14	16	3	3	10	5	30	40	0	1	4	2	16	31	1	44	14	158	17	64	2	32	9	23	8	22	12	5	6	11	0	0	4	7	3	1	9	50	38	29	2	7	1	7	39	41	107	5	48	1	14	7	12	1	1	3	15	47	10	33	4	0	116	14	77	9	9	14	8	51	11	12	11	55	16	8	15	2	18	8	5	6	1	9	25	1	66	4	42	3	1	1	191	3	36	5	8	1	5	1	9	1	3	3	132	35	5	29	20	1	4	18	40	28	12	9	20	1	0	1	4	29	3	3	19	15	1	24	23	3	10	13	26	2	1	10	0	1	1	15	5	21	7	90	17	26	8	15	7	2	56	47	37	6	4	9	55	35	2	42	7	7	148	1	22	13	7	1	11	0	4	1	10	6	21	11	20	9	4	13	7	3	31	8	385	40	1	6	15	4	5	8	3	89	40	20	11	4	78	4	3	4	11	1	5	2	7	23	32	1	8	2	5	71	1	9	8	2	17	0	6	1	0	1	14	5	39	5	2	11	5	9	6	21	2	2	1	19	7	19	3	5	71	20	3	2	5	13	7	3	5	6	6	3	11	10	15	4	28	5	5	10	3	1	8	11	11	6	19	12	9	51	1	0	7	2	43	0	0	1	4	1	12	3	42	1	36	12	47	6	14	11	2	17	20	24	4	19	1	10	20	2	5	3	7	5	8	7	7	4	4	0	27	12	3	8	35	1	1	4	4	8	7	0	1	69	1	0	0	0	1	5	1	37	124	2	3	1	1	5	7	14	1	0	17	4	3	7	2	2	10	1	1	7	146	2	1	27	6	20	0	1	29	12	41	6	1	10	1	6	75	12	1	28	2	4	2	1	4	6	7	24	1	1	9	5	12	25	10	10	23	4	1	0	12	10	0	1	2	25	12	9	16	9	1	8	1	1	3	8	10	1	1	10	1	14	0	41	21	11	2	11	30	7	9	12	10	11	40	23	36	9	24	15	16	15	6	61	0	3	13	11	7	79	12	31	7	35	2	2	24	6	1	7	1	1	2	1	2	12	28	1	0	1	14	14	20	4	7	10	10	17	1	2	23	5	14	19	13	2	2	2	4	1	20	13	21	8	36	15	6	7	10	5	24	0	3	19	7	2	17	11	0	5	22	5	1	28	47	4	8	7	0	3	12	21	14	0	8	17	2	11	2	18	56	6	14	15	20	3	1	7	18	17	1	33	18	8	3	2	2	3	33	18	16	5	4	13	2	6	20	24	2	12	5	109	1	1	50	10	2	33	126	17	12	5	0	0	9	4	72	7	1	26	1	8	6	1	43	32	13	4	1	3	2	186	30	4	26	7	2	2	29	2	38	25	2	10	27	8	6	29	6	9	1	2	7	20	1	15	2	11	259	86	33	33	38	14	4	13	7	4	0	8	33	7	1	89	17	31	100	1	13	5	3	4	1	9	19	9	1	4	2	1	2	16	7	7	11	31	20	31	2	9	16	31	5	1	16	636	22	5	293	6	22	18	32	12	11	1	5	91	16	21	2	3	8	2	8	12	17	22	27	19	1	21	34	1	2	29	0	9	2	4	2	9	24	18	1	1	1	0	0	114	17	47	0	29	49	1	0	1	2	2	17	5	19	0	24	5	15	32	75	31	11	18	3	63	113	19	30	9	57	46	1	20	2	121	1	6	77	16	22	2	9	45	20	1	6	7	4	4	1	7	11	14	7	10	14	2	10	8	64	7	24	20	38	19	21	19	39	27	17	5	1	1	39	25	16	9
19	1	0	0	0	0	0	0	0	0	0	0	0	0	0	0	0	0	0	0	0	23	0	0	0	0	0	90	0	0	0	0	0	43	0	0	0	0	0	0	45	0	0	0	0	24	0	0	23	0	0	0	0	0	0	0	0	0	0	0	0	113	0	21	0	0	0	0	0	0	0	0	0	0	0	17	0	22	46	0	0	0	0	20	0	0	0	0	0	0	0	0	0	0	0	0	0	0	0	23	0	0	0	0	17	17	0	0	0	0	0	0	0	0	0	0	0	0	0	0	0	0	25	0	0	0	0	0	0	0	0	0	0	0	45	0	0	33	18	0	0	29	20	0	0	0	0	0	32	0	0	0	0	0	0	0	30	0	0	0	0	0	0	0	54	0	0	0	0	0	29	41	0	0	0	0	0	75	0	0	0	0	0	0	0	0	105	0	0	0	0	0	0	0	33	23	0	0	17	0	86	0	0	33	0	0	0	0	0	0	0	23	32	0	0	59	0	0	0	243	27	0	0	0	0	27	0	18	0	0	0	0	31	0	23	0	132	39	0	26	0	0	0	0	17	0	0	0	0	0	27	0	0	0	0	0	0	0	57	0	0	0	0	0	0	22	0	26	0	0	0	0	0	34	35	0	0	0	0	0	22	0	0	59	0	0	26	0	25	0	0	0	0	0	0	51	26	0	0	81	0	0	0	0	21	121	0	50	0	18	0	0	0	0	0	27	0	20	0	20	0	0	0	0	0	35	35	0	41	27	0	0	0	0	0	18	0	0	0	0	0	0	23	20	77	0	0	0	0	26	0	0	0	0	0	0	0	0	0	0	31	31	0	0	30	55	65	0	0	0	0	0	17	20	0	0	0	0	0	0	0	0	0	0	0	0	58	22	32	0	0	22	20	0	0	0	0	0	0	0	24	68	67	0	0	0	52	0	0	0	0	0	25	0	98	18	28	21	0	17	0	0	0	0	0	0	0	49	0	35	0	50	103	0	82	0	0	0	0	0	71	31	0	0	0	0	27	0	0	24	0	0	0	0	0	0	0	0	0	0	33	0	0	77	0	0	0	0	0	0	0	83	0	0	24	24	0	0	0	66	143	0	0	63	62	0	0	0	0	0	0	0	28	44	0	0	0	0	0	0	0	49	0	0	27	59	0	0	45	32	0	0	35	0	0	0	0	0	142	0	0	51	0	0	0	17	0	21	141	0	0	0	28	57	23	0	18	23	0	0	0	0	0	0	0	0	21	0	49	51	0	30	42	33	0	0	0	29	0	38	145	17	0	0	0	55	27	18	0	17	0	0	0	0	0	0	26	0	0	0	0	0	41	24	0	35	20	0	0	0	0	0	0	0	25	0	49	0	59	0	0	36	0	0	69	0	0	0	0	0	0	26	33	0	28	20	18	0	0	0	22	38	125	17	0	0	0	0	0	0	0	0	40	0	29	0	28	46	87	20	0	0	26	0	0	0	0	31	17	20	0	0	0	0	0	0	83	0	0	0	0	0	0	18	171	0	56	0	24	0	0	0	0	18	35	25	33	0	55	0	0	0	0	0	0	0	0	35	0	22	30	0	57	0	0	0	0	0	0	0	0	0	0	0	0	26	0	0	0	0	36	0	0	0	33	27	31	51	0	0	0	0	0	0	0	0	0	0	0	0	26	17	17	0	0	0	45	0	0	0	0	0	0	0	0	0	0	0	0	0	0	176	0	129	0	0	457	0	0	0	44	0	0	75	0	0	0	0	0	79	0	85	0	0	0	0	69	0	0	0	0	0	0	94	38	0	0	0	0	0	26	48	0	0	0	23	41	0	0	123	18	18	0	77	0	0	0	32	0	0	24	0	0	0	0	17	0	0	24	18	0	0	38	0	0	0	0	0	0	0	0	0	0	47	31	31	0	18	21	0	40	0	0	0	0	0	33	0	47	37	17	47	0	0	0	0	0	0	0	17	0	0	0	0	0	0	0	0	32	26	0	17	0	0	0	0	0	0	0	0	32	0	63	28	0	0	0	0	0	17	22	0	0	0	36	0	0	0	0	0	0	0	0	0	25	107	18	27	17	0	27	0	0	0	0	0	0	29	636	0	0	0	0	0	0	0	31	0	0	0	0	0	22	0	0	0	0	0	0	35	0	0	71	0	0	0	17	103	249	136	57	57	0	0	0	0	20	0	104	0	0	0	0	0	0	0	0	0	0	38	0	0	0	20	0	0	0	0	0	23	0	0	0	17	0	20	47	62	0	0	0	0	30	0	0	21	0	0	0	0	0
20	1	2	12	0	0	20	9	0	3	4	9	2	0	1	2	1	0	0	23	12	30	6	0	6	0	0	15	0	6	7	5	0	15	60	4	5	6	14	0	5	1	0	1	11	8	0	0	0	0	12	0	4	6	14	0	4	0	12	9	0	119	1	11	0	0	0	0	0	0	7	17	2	9	2	14	5	53	12	5	0	41	94	66	38	0	5	3	12	4	0	3	5	6	12	0	1	25	26	52	17	6	15	0	26	14	0	29	26	32	3	0	7	6	2	0	0	0	2	2	4	5	33	2	6	13	4	17	0	3	3	0	1	0	47	9	0	19	10	0	4	9	35	16	6	0	0	5	43	6	0	0	10	1	32	3	12	12	0	3	3	41	12	2	25	1	0	1	0	0	7	24	5	2	1	0	26	15	9	6	3	2	2	0	4	0	24	0	6	4	21	2	9	1	36	119	20	10	35	0	21	0	2	93	0	3	0	6	5	20	4	25	9	30	8	55	1	2	4	231	23	9	5	7	9	1	0	20	24	0	2	0	25	13	30	0	95	20	1	8	5	0	20	8	9	2	13	3	0	6	3	1	0	6	9	7	2	3	190	11	2	0	0	2	14	53	27	84	14	15	41	7	2	21	0	1	5	16	15	1	9	0	0	55	3	61	33	2	18	4	23	4	3	42	27	31	14	7	0	64	5	11	9	1	19	5	2	33	0	25	3	1	3	110	3	34	1	19	1	12	0	2	4	0	1	106	48	2	18	8	8	1	23	1	23	0	0	6	3	5	3	19	32	2	43	14	2	3	50	17	3	0	8	33	0	0	5	0	11	0	12	5	10	2	31	43	17	5	12	2	15	25	8	9	2	0	21	3	47	0	32	14	19	48	2	12	14	6	19	35	0	1	5	2	0	24	12	19	2	33	21	57	45	20	12	43	51	0	0	6	0	6	1	2	117	12	17	7	1	55	5	0	1	6	0	0	0	30	14	15	12	22	102	1	129	0	1	2	0	15	25	14	7	2	1	5	9	4	1	2	9	5	15	7	0	11	0	1	6	2	20	4	0	165	10	11	0	4	9	5	2	1	5	0	13	20	19	16	5	46	41	3	2	23	56	3	12	39	8	15	0	8	55	18	0	0	21	32	0	1	7	21	4	26	2	38	6	42	17	39	22	21	17	9	5	11	25	30	15	2	0	43	0	0	0	7	10	3	1	2	27	0	22	12	7	1	31	19	2	0	6	6	4	25	0	0	25	3	10	20	0	9	13	25	26	36	10	53	9	33	50	20	16	1	2	37	19	0	1	32	13	15	16	6	11	64	6	2	13	6	60	1	138	26	1	36	31	31	2	2	10	40	15	4	18	9	0	2	20	6	11	17	19	6	1	1	0	15	16	25	7	28	13	0	6	47	35	0	19	8	20	9	77	19	12	16	0	50	0	1	11	21	17	11	8	1	55	20	107	9	3	5	14	23	6	10	8	33	121	52	39	148	6	7	21	32	40	2	6	0	4	59	0	39	157	4	25	32	15	48	2	44	17	6	9	15	36	6	5	4	9	27	13	14	9	7	4	18	5	14	12	10	28	2	1	9	12	1	12	2	2	2	2	2	4	16	32	16	0	15	18	6	9	20	14	26	51	10	15	0	2	12	23	0	1	3	3	0	45	5	5	9	14	4	0	15	21	3	1	6	2	5	31	5	0	64	12	11	21	14	2	47	12	53	71	13	38	3	3	2	21	1	15	63	12	2	2	1	5	25	10	17	21	15	3	14	47	7	0	53	19	4	24	128	11	0	23	0	3	3	172	49	8	6	6	0	0	4	5	94	34	15	8	34	4	6	7	32	5	13	8	25	3	15	0	17	15	2	8	25	4	2	20	5	5	0	1	6	22	8	5	4	17	111	36	19	15	19	0	3	17	10	17	0	3	11	9	6	40	39	55	33	1	8	41	15	12	3	47	20	49	3	13	13	6	0	26	0	13	6	6	15	5	9	10	12	45	0	3	1	80	51	33	58	1	13	5	6	7	3	0	6	28	6	15	0	4	18	0	5	34	14	4	5	4	6	27	42	4	6	47	2	7	1	0	5	6	168	439	0	0	0	6	1	130	81	228	6	83	15	83	7	23	12	0	9	5	21	0	11	0	1	19	9	10	0	9	102	345	127	35	106	15	3	9	0	44	0	87	4	1	0	1	16	0	1	1	3	2	6	3	2	0	8	6	1	21	1	1	6	0	17	1	54	3	79	24	58	1	17	5	24	17	17	20	36	1	17	17	27	2
21	1	0	0	0	0	0	0	0	0	0	0	0	0	0	0	0	0	0	0	0	0	0	0	0	0	0	0	0	0	0	0	0	0	0	0	31	0	0	0	0	0	0	0	31	0	0	0	0	0	0	0	0	0	0	0	0	0	0	31	0	48	0	0	0	0	0	0	0	0	0	31	0	0	0	0	0	0	0	0	0	31	0	31	31	0	0	0	0	0	0	0	31	0	0	0	0	0	31	48	31	0	0	0	0	0	0	0	88	161	0	0	0	0	0	0	0	0	0	0	0	31	0	0	0	0	0	0	0	0	0	0	0	0	0	0	0	0	0	0	0	0	0	0	0	0	0	0	48	0	0	0	0	0	0	0	0	69	0	0	0	0	0	31	0	0	0	0	0	0	0	31	0	0	0	0	0	0	0	0	0	0	0	0	31	0	0	0	0	0	0	0	0	0	0	48	31	0	0	0	0	0	0	0	0	0	0	0	0	0	0	0	385	31	0	0	0	0	0	0	48	0	0	0	0	0	0	0	0	0	0	0	57	0	0	0	60	0	0	0	0	0	70	0	0	0	0	0	0	0	0	0	0	0	0	0	0	0	54	0	0	0	0	0	0	0	0	0	0	0	0	0	0	0	0	0	0	82	0	0	0	0	0	0	0	0	0	0	0	0	0	0	0	0	0	0	0	93	0	122	0	0	0	0	0	0	0	0	0	0	0	0	0	0	0	31	0	0	0	0	0	0	0	0	0	0	0	0	31	0	0	0	0	0	0	0	0	0	0	0	0	0	0	0	90	0	0	0	0	31	0	0	0	0	0	0	0	0	0	0	0	0	0	0	0	31	0	0	0	0	0	31	48	0	0	0	0	31	31	0	31	0	0	0	0	0	0	0	0	0	0	0	0	0	0	0	0	0	0	31	0	0	0	0	0	48	0	0	0	0	0	0	0	0	31	0	0	0	0	0	0	0	0	0	0	0	0	0	0	0	0	0	0	0	31	0	0	0	0	0	0	0	76	0	0	0	0	0	0	0	0	0	0	0	0	0	0	0	0	0	0	0	61	57	0	0	0	0	0	0	0	0	0	0	0	0	0	0	0	0	31	0	0	0	0	0	0	0	0	0	0	31	0	31	0	0	0	0	0	0	0	0	0	111	0	48	0	0	87	0	0	0	0	0	0	0	0	0	0	0	0	58	0	0	0	48	0	0	0	0	48	0	128	60	0	0	31	0	0	0	31	31	0	0	0	0	0	0	0	0	0	0	0	0	0	0	0	48	0	0	0	0	0	0	0	0	0	0	0	0	0	0	0	31	0	48	0	0	0	0	0	0	77	0	0	0	0	0	0	0	0	31	0	0	0	0	0	0	74	0	0	0	31	0	0	0	0	0	0	0	0	0	0	0	76	54	0	0	0	0	59	0	0	0	0	0	0	0	0	0	0	0	54	0	0	0	48	31	31	0	0	0	0	0	0	0	0	0	31	0	0	54	31	0	0	0	0	0	0	0	0	97	0	0	31	0	0	0	0	0	0	0	78	0	0	0	0	0	0	0	0	31	0	0	0	0	0	63	0	0	0	0	0	0	0	0	0	0	0	0	0	0	0	116	0	0	0	0	0	31	0	0	0	31	0	0	0	0	0	0	0	0	0	0	0	0	0	0	0	0	0	0	31	0	0	0	0	0	0	0	0	0	31	0	31	69	31	0	0	0	0	62	0	31	31	0	0	0	0	0	0	0	0	0	0	0	0	0	48	0	48	31	0	0	0	0	82	0	0	0	0	0	0	31	48	0	0	0	0	0	78	0	0	0	0	0	0	0	0	60	0	139	0	0	0	0	0	0	0	110	0	0	0	0	0	65	0	0	0	76	0	0	0	0	0	0	0	0	0	0	0	0	0	54	68	0	0	66	207	0	0	0	0	0	0	0	0	0	65	0	75	85	0	0	0	0	0	0	0	0	0	0	0	0	0	0	0	0	0	0	0	0	0	0	0	0	0	0	0	0	0	31	0	31	0	31	0	0	0	0	0	0	0	0	0	0	0	0	0	0	0	0	0	0	0	0	0	81	0	0	0	0	0	0	0	0	0	48	89	0	0	0	0	0	61	0	57	0	0	0	31	0	0	119	0	0	0	0	0	0	0	0	65	0	0	0	98	0	323	120	0	0	0	0	0	0	0	0	105	0	0	0	0	0	0	0	0	0	0	0	0	0	0	31	0	0	0	0	0	0	0	0	48	0	0	31	0	0	0	0	0	0	0	0	0	0	0	0	0	0	0
22	1	0	12	0	0	64	0	0	0	0	0	0	0	70	19	0	0	0	0	0	16	29	0	0	0	0	20	0	24	0	0	0	12	14	0	0	42	0	0	14	0	0	0	17	0	0	0	0	0	0	0	0	0	0	0	40	0	0	0	0	161	0	30	0	0	0	0	0	0	28	0	27	0	16	0	60	0	48	23	0	36	49	49	18	0	0	0	0	0	0	0	0	0	0	0	0	14	12	63	0	53	0	0	161	36	0	0	116	16	0	0	0	0	0	0	0	26	0	0	0	34	55	0	0	0	12	50	0	0	0	0	0	0	21	0	0	47	29	0	0	79	48	12	0	0	0	0	86	0	0	0	30	0	0	0	0	27	0	0	0	21	0	28	41	0	15	0	0	0	0	104	0	0	0	0	0	29	24	0	0	0	0	0	0	0	14	0	25	0	0	0	0	25	12	15	91	23	0	16	25	0	12	74	0	0	0	14	25	64	12	0	0	39	0	37	0	0	12	107	17	0	20	0	0	23	0	21	16	0	0	0	40	34	18	0	49	0	20	17	0	0	0	0	17	0	22	0	0	20	17	0	0	0	21	0	0	0	109	24	45	0	0	0	0	43	26	12	0	19	0	0	0	17	12	0	26	0	0	0	0	0	0	71	0	32	36	0	151	0	0	28	0	0	18	43	73	0	0	34	0	0	0	0	0	18	0	19	0	24	0	0	0	60	0	26	0	0	70	0	0	0	0	0	0	108	23	0	88	23	0	0	0	0	0	0	0	0	0	0	16	28	23	0	112	0	0	23	12	0	0	0	0	81	0	0	0	0	0	0	17	0	17	0	27	12	14	0	0	0	0	0	35	0	0	0	0	0	26	0	75	0	35	0	0	0	25	32	50	0	0	0	0	0	0	0	0	19	0	18	0	26	24	0	23	32	51	0	0	31	0	0	0	0	94	28	15	18	0	0	0	0	0	0	12	23	0	22	0	33	0	24	12	0	34	0	12	0	0	14	30	0	0	0	0	0	37	12	0	0	0	0	0	0	0	22	0	0	0	0	21	0	0	164	0	12	0	0	28	0	0	0	0	0	24	28	0	0	15	30	0	0	0	0	27	0	0	0	21	12	0	0	20	0	0	0	26	45	0	0	0	44	0	0	0	49	0	18	0	0	21	29	28	0	0	25	0	19	0	0	0	30	0	0	0	215	0	12	25	103	46	0	12	15	66	0	12	0	0	0	0	0	0	87	0	0	19	0	0	0	0	19	28	17	60	35	0	57	0	0	79	24	0	0	0	23	0	0	0	19	0	0	0	32	0	0	30	0	0	23	15	0	35	0	0	66	0	27	0	0	12	0	0	0	0	0	0	0	31	0	12	50	0	0	0	0	0	0	19	0	17	39	81	0	81	270	27	0	0	0	0	0	25	0	0	0	0	61	0	0	0	15	43	0	0	0	60	17	89	0	32	18	19	0	12	0	18	42	39	15	15	27	25	0	0	0	39	0	0	0	0	18	0	76	68	0	0	0	0	27	0	0	0	0	57	38	24	0	14	0	0	20	0	0	0	49	0	0	0	17	0	0	0	0	0	0	12	0	12	0	12	12	12	35	0	26	0	0	0	12	12	14	0	15	0	12	0	22	14	0	0	39	0	0	0	0	0	0	12	12	38	0	0	0	0	0	0	18	0	12	0	0	43	0	0	35	0	26	0	0	0	53	0	74	65	17	61	0	0	0	32	0	0	65	0	51	0	0	0	21	32	17	0	33	0	0	29	0	0	12	0	0	0	78	12	0	0	0	0	18	28	36	0	0	0	0	0	12	0	21	28	0	0	0	0	0	0	53	0	0	0	0	12	19	0	0	22	0	0	0	31	0	15	0	0	0	0	0	19	0	0	0	15	141	19	12	0	0	23	0	0	0	0	0	22	0	0	14	22	35	0	12	14	0	0	29	17	0	70	60	71	0	17	35	25	0	0	0	0	20	0	0	0	0	0	0	0	0	0	0	24	32	16	94	0	0	0	12	0	0	0	15	16	0	0	0	0	12	0	0	19	0	0	26	34	0	19	33	21	16	32	0	17	0	0	27	0	54	594	0	0	0	0	36	38	38	159	0	42	0	12	0	0	26	0	16	0	31	0	0	0	0	35	0	0	0	43	20	267	158	12	172	0	0	0	0	47	0	36	38	0	0	0	0	0	0	12	0	0	0	0	0	0	15	0	0	0	0	0	20	0	25	23	0	12	41	25	18	0	29	12	0	0	30	0	33	0	0	29	0	0
23	1	26	0	0	0	87	0	0	0	0	0	12	18	0	0	16	0	0	16	12	28	22	0	0	0	0	20	0	0	0	0	0	28	43	0	17	12	0	0	0	0	0	0	22	0	0	0	0	0	29	0	0	25	19	0	0	0	0	38	0	128	0	0	0	0	0	0	0	0	20	0	0	0	22	0	52	36	12	0	0	45	70	44	36	0	12	0	0	0	0	0	40	14	0	0	0	24	0	22	0	12	0	0	14	0	0	21	20	12	0	0	0	24	20	0	20	0	0	0	0	29	16	0	0	0	0	0	0	0	0	0	0	0	21	0	0	12	12	0	0	0	14	0	0	0	0	0	35	0	0	0	30	0	47	0	18	0	0	0	0	18	12	0	65	40	0	0	0	0	0	33	0	0	0	0	16	18	16	0	0	0	0	0	12	0	60	0	0	0	0	0	0	0	17	0	0	0	0	0	29	0	0	89	12	0	0	0	16	57	0	30	18	0	24	77	0	0	0	176	47	0	14	17	0	0	0	33	49	0	0	29	0	0	0	0	122	14	0	14	24	0	41	0	0	0	14	0	0	0	0	0	0	0	22	0	0	0	253	53	0	0	0	0	0	37	0	31	0	26	0	0	0	42	37	0	0	0	112	0	14	0	0	46	0	0	162	39	17	129	12	0	0	0	0	0	16	0	0	241	0	0	0	0	0	0	0	16	0	0	0	12	0	87	0	20	0	0	0	0	0	0	0	0	0	94	12	0	16	0	0	0	45	0	0	0	0	0	0	0	0	12	22	0	23	37	0	18	47	17	0	0	40	0	0	0	25	0	0	0	0	0	0	0	12	77	0	0	0	0	0	0	19	0	0	0	0	0	0	0	49	0	22	17	0	0	43	0	37	0	0	0	0	0	0	25	0	0	0	0	0	21	19	17	0	12	29	0	0	0	0	0	0	0	32	0	0	0	0	0	0	21	0	103	0	0	0	14	0	0	0	29	19	0	90	0	0	0	49	0	12	22	0	0	0	0	0	0	0	0	0	0	0	0	0	0	0	0	0	0	0	0	0	211	0	0	0	0	0	0	0	0	0	0	78	16	38	0	0	72	103	0	0	33	41	0	0	25	0	0	0	91	78	0	0	0	55	53	12	0	0	12	0	0	0	97	31	43	0	120	0	43	17	0	0	21	12	0	25	0	0	16	0	0	35	17	0	0	0	0	26	0	19	20	0	0	0	0	0	0	43	43	0	43	0	0	38	0	22	31	0	0	0	17	30	16	25	27	17	0	85	17	32	0	0	0	12	0	0	14	0	0	12	0	50	17	0	0	12	0	16	0	130	21	0	25	0	64	0	0	0	35	0	0	21	0	0	0	17	0	0	0	30	0	0	0	0	46	25	20	20	103	0	0	27	78	34	0	0	12	35	40	43	37	0	0	0	0	0	0	0	26	23	0	0	14	17	102	19	42	12	0	0	12	62	0	43	44	133	27	30	54	18	0	14	0	16	0	0	0	0	34	0	12	118	0	22	0	37	23	0	14	60	0	0	14	20	0	0	0	0	50	0	12	0	0	0	17	0	0	0	0	47	0	0	17	0	0	0	0	0	0	0	0	0	0	0	29	0	43	99	12	0	0	45	43	18	0	50	0	0	34	0	0	0	0	0	0	25	0	0	0	0	0	0	0	25	0	0	12	0	0	44	0	0	136	26	41	27	21	0	0	19	31	35	43	66	27	0	0	56	0	0	56	0	14	12	0	0	12	14	23	24	12	0	0	12	0	0	18	28	0	12	27	30	17	0	0	0	0	58	40	0	0	0	0	0	0	0	51	17	17	0	0	18	0	0	50	0	0	0	24	0	0	0	16	0	0	0	16	0	0	0	38	73	0	0	0	0	0	22	0	0	299	31	19	17	0	12	0	63	0	0	0	20	17	0	0	37	20	16	19	0	0	23	17	0	19	0	14	0	19	0	19	0	0	0	0	33	0	14	0	0	0	0	16	17	0	18	0	38	25	25	37	0	0	0	0	0	0	35	0	30	0	28	0	0	19	0	0	33	0	12	0	0	21	56	17	16	14	98	0	0	0	0	0	0	221	501	0	0	0	0	0	67	121	71	0	98	0	0	0	51	0	0	54	38	31	0	0	0	0	21	0	20	0	20	45	554	45	31	24	39	0	0	0	68	0	107	0	12	12	0	0	0	0	0	0	0	22	0	0	0	55	0	0	0	27	0	0	0	0	0	14	14	128	17	85	0	0	97	36	0	0	0	39	0	0	17	27	0
24	1	2	48	1	1	9	12	4	4	4	0	3	6	0	5	0	0	2	5	10	29	19	1	1	10	0	13	19	1	8	4	1	8	89	17	8	22	33	4	19	0	1	33	30	6	29	3	0	4	1	1	4	9	9	0	38	19	9	48	10	93	2	6	1	6	9	0	3	1	12	3	8	3	4	0	30	4	17	2	2	8	8	25	97	23	1	13	6	6	32	14	9	9	5	3	0	15	25	68	1	2	1	0	25	1	4	4	33	21	12	0	0	28	5	12	5	0	25	18	14	19	15	6	26	38	8	18	1	0	0	1	0	0	64	9	1	81	26	15	6	18	75	23	26	1	9	0	64	0	22	10	28	8	19	8	17	22	12	0	0	17	12	1	41	15	2	1	0	3	9	97	8	1	2	8	14	10	1	1	2	8	2	1	58	5	5	1	0	0	0	13	4	1	41	21	1	1	3	2	12	1	17	33	1	12	22	36	28	117	25	8	18	14	3	10	10	0	1	95	3	0	4	1	26	22	18	3	19	21	15	0	8	6	2	0	89	14	23	2	19	2	2	14	4	5	28	2	2	50	3	15	2	2	192	2	13	17	177	13	95	2	4	5	52	36	13	41	5	38	1	14	0	13	0	0	13	80	42	9	33	3	6	87	4	103	167	1	8	1	40	18	2	0	19	1	69	8	3	61	0	6	14	1	10	5	10	19	4	63	3	10	3	181	80	29	1	0	0	13	3	0	3	0	1	59	18	0	18	32	0	8	2	2	1	0	18	32	1	2	0	14	4	0	46	6	1	0	9	58	21	1	1	1	4	30	6	54	13	0	15	9	5	8	13	19	17	21	17	30	2	21	45	52	2	1	0	15	22	1	26	1	6	35	52	3	4	5	8	4	22	1	4	0	1	48	5	6	0	49	6	29	29	5	5	85	29	6	2	3	19	1	14	4	81	84	17	1	13	25	1	1	1	18	1	12	3	4	69	25	0	5	5	0	43	1	6	6	0	3	1	5	0	0	25	6	50	13	13	23	9	1	8	4	12	5	13	2	5	17	28	22	1	78	2	33	1	0	12	50	32	9	0	0	5	10	13	5	5	41	6	2	1	68	25	9	13	9	25	25	75	5	55	1	5	14	1	4	19	18	6	2	23	2	2	1	50	17	17	15	181	1	29	1	4	15	26	2	12	4	29	21	15	1	17	9	0	2	17	1	2	3	10	23	19	5	3	1	5	2	4	4	12	12	8	15	15	13	0	1	25	30	8	2	4	21	18	12	0	2	5	1	1	1	3	1	12	0	0	2	1	10	13	9	1	13	13	3	14	1	5	3	1	4	10	58	0	2	1	3	0	8	1	1	18	10	1	0	36	0	0	2	14	0	10	2	4	12	13	3	2	5	1	0	1	12	3	0	1	1	17	4	6	6	0	5	1	4	19	0	3	4	19	0	28	19	2	0	36	12	40	0	22	32	1	6	10	26	38	36	33	41	5	40	9	32	56	0	5	0	0	23	0	13	45	2	17	0	13	9	5	4	0	4	1	0	0	10	6	0	2	1	0	2	1	1	9	0	2	1	43	3	9	1	9	23	3	3	1	8	0	0	0	0	17	1	6	30	0	8	3	21	9	1	2	6	12	6	12	40	4	54	6	1	21	21	6	0	51	32	29	2	0	69	3	18	6	5	26	71	3	4	19	25	19	45	8	4	3	32	9	1	2	6	52	8	22	32	15	14	26	5	1	48	15	3	0	0	1	1	21	12	32	1	2	3	33	10	18	21	0	9	8	83	15	0	2	0	3	2	117	36	5	10	14	0	14	78	5	10	10	1	2	2	1	1	61	46	0	6	1	35	9	23	12	45	30	5	1	19	2	2	42	10	17	5	3	3	8	0	29	43	1	200	49	26	55	13	8	0	1	32	48	6	0	43	1	13	23	61	190	59	0	10	54	10	1	0	29	5	29	0	1	1	0	5	1	0	28	4	36	13	18	0	1	15	56	1	19	28	73	10	23	90	0	4	12	14	8	6	1	3	18	45	37	10	4	14	1	12	19	14	9	5	22	9	15	61	6	1	30	6	0	21	22	25	8	85	264	21	1	15	10	15	10	0	40	26	87	128	0	36	6	56	32	5	4	26	1	17	0	13	54	15	14	1	2	25	186	116	9	40	1	43	9	21	3	15	98	14	22	2	0	3	3	13	4	13	2	1	3	2	17	14	4	17	28	9	8	3	1	14	5	75	4	35	3	43	2	8	14	25	15	8	1	1	13	23	9	13	1
25	1	0	0	0	0	0	27	0	10	24	10	0	22	0	23	0	0	0	0	16	18	0	0	0	10	0	12	26	0	35	0	0	26	41	17	8	8	5	0	12	5	10	18	8	0	41	25	0	9	22	11	0	0	5	4	0	26	241	16	5	29	15	0	8	19	10	0	5	11	26	8	0	41	0	0	36	8	8	8	0	0	0	27	47	12	4	7	5	0	15	97	9	0	14	0	0	11	28	7	20	5	0	0	0	0	0	13	62	17	11	0	0	0	0	0	0	4	15	32	32	4	7	11	8	9	78	31	0	0	0	0	9	0	36	20	5	26	7	0	7	4	65	11	0	0	0	0	39	0	26	0	8	10	34	0	27	31	12	0	9	11	13	4	15	16	0	41	0	7	20	62	48	0	0	0	5	0	0	0	0	12	10	0	25	0	47	0	10	0	16	70	20	86	45	15	4	0	0	0	0	0	0	92	0	0	27	24	66	36	60	4	12	0	9	32	0	9	0	7	54	0	26	0	22	0	5	0	0	7	0	7	23	8	12	0	34	12	9	0	4	0	0	4	18	0	4	5	0	0	0	5	0	0	224	49	5	9	134	15	30	4	8	0	32	8	38	26	0	24	8	5	0	21	0	0	5	33	29	0	0	9	25	53	0	152	85	0	12	0	23	5	0	38	81	7	76	0	0	36	7	0	0	9	0	0	20	24	0	5	0	8	26	278	18	0	15	0	0	29	7	0	0	0	0	35	22	0	60	19	7	38	4	0	23	0	0	15	7	169	7	0	0	0	55	21	11	12	4	50	19	0	23	20	20	20	22	0	0	44	8	0	8	0	0	12	171	46	0	60	0	30	11	8	0	14	0	0	4	0	36	0	40	54	12	0	43	0	8	34	5	0	0	0	0	9	8	17	0	26	0	0	12	19	18	103	19	0	15	0	5	0	0	0	29	14	4	5	8	23	0	5	38	24	0	5	0	7	51	9	15	0	12	0	20	0	8	7	5	0	0	0	5	0	0	15	8	15	14	8	10	7	8	19	0	0	0	12	0	0	0	7	0	18	9	20	5	0	35	0	0	29	9	15	0	0	36	8	22	61	4	0	5	47	7	7	11	20	41	15	22	29	38	12	22	0	0	15	19	0	15	0	76	0	0	0	4	0	4	21	127	0	10	0	24	11	17	26	0	4	11	19	0	18	0	20	8	0	4	0	0	0	110	12	33	10	7	0	11	36	12	0	16	34	0	0	0	15	0	0	0	4	27	0	28	4	10	0	0	0	9	0	0	0	0	0	24	0	0	0	5	0	0	0	0	13	17	0	9	10	0	17	0	9	0	14	0	0	0	5	4	22	0	0	13	0	0	0	17	0	0	0	11	0	0	5	5	0	22	0	4	7	0	0	0	17	0	0	0	5	0	0	5	4	0	0	0	0	5	9	0	5	0	0	4	0	5	0	10	5	5	0	0	0	0	0	0	4	10	12	20	0	27	23	18	39	9	0	13	0	5	0	0	18	42	8	10	0	7	0	0	0	13	4	0	0	0	0	0	0	0	15	0	0	7	0	0	10	10	0	36	0	13	0	0	0	0	0	0	4	0	0	0	0	0	0	0	40	0	9	47	0	0	8	0	8	42	12	0	21	5	74	0	22	34	0	18	0	43	13	18	5	4	16	0	9	0	15	0	40	12	0	0	0	0	25	0	0	7	20	14	0	0	22	50	0	40	0	0	0	9	43	12	12	0	11	0	5	8	0	0	23	0	0	5	17	9	0	29	29	0	0	5	15	0	0	5	0	0	5	11	10	16	5	0	0	12	0	0	15	19	15	9	5	38	0	37	18	0	10	5	23	0	5	0	5	15	4	5	7	17	0	8	5	0	7	9	8	13	8	0	0	37	152	5	0	28	23	5	48	4	19	63	9	0	24	5	0	9	21	120	18	0	9	18	0	0	0	0	0	0	0	0	10	0	0	90	30	14	0	9	15	0	0	28	5	57	0	0	26	20	22	0	30	18	20	0	8	11	21	0	0	16	54	5	4	40	0	0	5	0	5	34	40	14	5	22	106	14	0	24	9	0	14	0	19	0	11	149	5	14	0	14	12	9	24	14	0	64	27	0	0	11	68	50	0	4	0	0	5	0	51	9	26	29	0	30	0	60	47	12	30	7	33	66	0	0	0	54	18	0	7	0	0	0	0	26	41	0	5	0	0	0	55	7	22	8	0	0	24	0	4	74	19	9	89	5	25	22	0	0	20	18	0	0	0	0	29	20	61	0
26	1	0	2	3	0	9	34	0	8	3	0	0	4	0	0	0	5	16	19	25	26	10	3	0	5	0	15	12	12	19	2	0	8	35	16	18	11	27	30	18	20	51	54	7	4	7	2	0	0	2	7	0	7	8	19	4	10	15	73	17	39	0	5	3	4	2	0	0	16	7	14	0	2	23	8	22	31	40	0	0	12	12	11	74	0	28	31	14	0	19	17	10	4	0	2	18	20	87	59	10	7	5	0	42	8	10	12	29	26	16	5	0	4	15	4	0	9	5	22	5	8	4	0	20	16	3	0	0	0	0	3	0	0	51	0	15	29	17	21	0	10	31	2	5	0	0	0	41	5	0	0	0	14	3	8	41	15	58	0	5	18	0	2	16	25	0	0	0	0	0	107	9	4	0	9	4	14	9	0	3	9	0	4	8	2	25	0	8	0	0	57	11	0	106	12	4	5	0	9	10	0	4	40	3	23	123	16	58	140	0	31	16	4	0	49	0	9	0	54	7	3	3	2	2	8	0	19	5	27	7	11	2	13	38	0	100	34	0	5	3	0	14	14	42	5	39	12	11	34	0	3	0	0	116	0	13	0	318	26	46	3	10	3	31	13	29	123	8	12	0	33	0	23	0	4	6	53	4	6	8	2	0	54	0	88	156	0	29	0	56	6	0	66	29	8	77	0	0	7	5	10	4	5	0	21	16	7	0	22	0	11	0	274	31	128	5	0	0	33	37	0	12	0	0	27	13	15	31	22	0	0	5	0	7	0	5	11	0	13	0	19	35	2	16	9	12	0	12	46	35	0	13	3	0	2	5	9	0	0	12	11	3	20	13	3	24	4	20	59	0	20	18	14	15	0	0	3	78	5	20	22	10	52	0	3	61	3	8	6	3	2	3	0	0	16	5	12	0	29	2	27	25	0	0	50	33	22	18	8	0	0	2	11	36	100	12	5	10	31	12	41	10	9	0	0	0	2	12	40	5	0	8	0	127	0	22	42	0	18	8	3	29	0	3	11	3	29	5	13	3	0	2	0	12	0	7	0	17	3	7	39	0	70	0	58	0	3	36	16	10	0	0	0	16	40	11	12	0	55	3	4	9	27	27	4	6	3	31	18	5	2	19	31	9	0	0	9	5	17	0	42	37	15	0	0	30	8	10	10	143	3	7	0	10	10	30	2	15	10	21	34	0	0	3	9	0	2	0	0	0	0	4	10	9	0	15	2	2	9	9	0	5	16	14	0	22	6	0	0	36	7	5	0	0	24	5	12	0	7	14	3	13	0	0	9	16	0	10	0	0	0	8	0	0	27	8	24	50	9	6	0	34	6	8	34	4	0	3	8	0	24	7	10	18	0	6	2	18	6	0	25	11	14	2	6	5	10	23	2	10	20	5	0	8	53	10	0	0	0	23	14	2	7	0	5	0	0	0	10	10	14	3	3	19	2	10	0	21	5	0	0	7	11	12	3	7	9	66	30	59	24	5	48	30	10	19	0	4	3	19	0	12	4	64	0	20	10	11	0	7	25	0	0	7	0	0	3	2	0	6	6	19	0	9	7	3	4	0	0	8	5	0	0	10	14	0	3	10	4	0	0	0	0	0	4	14	12	0	26	20	16	8	5	8	2	9	24	10	11	7	128	0	16	0	19	3	0	19	8	23	2	0	0	3	24	19	13	11	24	0	0	8	12	9	41	12	8	24	24	7	10	0	26	60	66	20	8	3	5	47	12	4	16	2	0	0	5	4	0	2	22	12	2	8	10	34	0	0	8	0	10	17	62	0	0	7	0	0	2	34	103	10	0	7	0	8	2	5	10	24	34	14	30	4	9	34	10	0	16	6	51	4	19	2	29	20	2	6	24	0	0	19	0	6	0	5	13	24	2	31	6	7	249	22	8	34	37	17	0	3	42	15	0	9	30	11	14	20	88	114	33	0	12	41	14	2	0	6	0	7	0	2	9	0	3	0	4	15	32	7	5	10	0	7	10	22	0	7	19	66	21	5	183	0	31	0	17	2	4	0	4	54	18	10	21	3	16	10	12	27	12	52	6	12	3	40	63	8	0	30	0	0	5	3	29	14	46	270	9	2	0	0	0	36	0	8	10	65	59	0	16	0	13	25	50	16	0	0	61	0	24	35	46	6	2	9	19	219	102	26	98	3	3	2	8	20	12	106	0	3	4	27	9	10	0	29	12	0	0	23	23	4	41	0	9	10	0	39	7	12	5	0	89	6	21	3	16	0	5	16	20	31	0	0	3	8	27	0	14	14
27	1	1	19	0	1	0	35	0	0	1	0	2	0	7	0	0	0	0	7	40	5	8	1	18	13	0	13	8	1	8	12	0	1	27	1	5	19	5	1	2	0	43	2	22	0	16	38	0	0	0	4	24	31	29	0	44	36	2	23	0	167	7	2	2	0	0	0	0	4	0	7	2	8	0	0	10	8	0	0	2	38	104	34	20	4	29	18	0	0	9	5	15	2	2	0	0	18	19	36	2	19	7	0	24	7	2	4	10	26	5	2	0	1	8	12	0	2	27	7	16	12	50	2	21	53	1	1	7	12	12	4	14	0	94	4	5	23	35	1	1	14	46	13	1	0	0	26	70	2	38	16	41	12	54	0	34	35	0	0	0	4	9	0	14	15	0	5	0	0	12	92	15	13	1	8	36	7	0	1	0	8	0	0	32	0	0	26	21	0	23	18	13	2	35	75	0	0	0	0	26	0	4	12	7	0	10	21	2	49	31	2	26	9	0	16	1	5	0	99	8	7	0	20	10	4	0	10	23	1	2	0	19	4	1	1	60	23	2	8	19	0	2	5	7	19	5	10	1	7	14	0	19	0	234	0	5	1	170	56	26	0	8	2	85	58	16	43	0	19	0	0	18	2	0	2	16	10	22	5	41	0	0	39	0	41	78	7	12	8	16	0	0	16	32	0	33	0	0	20	2	4	0	5	18	2	28	56	0	33	1	4	10	91	55	10	9	0	0	14	1	9	4	1	14	47	2	0	64	34	0	1	0	31	8	16	0	18	5	1	10	13	9	7	2	8	9	0	2	12	8	15	5	0	2	8	2	58	1	12	50	22	29	33	39	16	12	0	16	8	2	12	42	48	0	1	4	4	9	0	20	0	10	1	93	5	1	20	15	4	13	1	1	0	0	58	16	12	0	75	5	4	1	1	0	94	5	22	2	0	2	2	24	27	49	58	0	8	20	23	0	0	23	31	0	0	16	2	70	7	1	2	18	19	115	0	1	7	0	10	0	1	14	0	0	1	4	8	12	0	2	13	14	1	70	0	9	12	12	0	4	2	0	95	0	19	2	0	12	2	8	1	4	10	0	21	2	18	8	9	0	0	5	28	0	7	55	23	42	10	19	16	48	0	41	0	0	4	2	2	7	13	16	2	0	0	5	18	5	36	255	10	10	0	15	1	26	7	4	4	8	28	2	0	40	4	0	2	15	0	2	0	0	15	18	23	22	31	8	15	12	0	42	4	8	0	60	5	0	0	28	26	26	0	9	22	16	1	7	26	18	26	5	0	2	8	22	0	0	2	4	7	0	2	0	27	1	15	21	7	5	0	0	8	7	22	0	1	8	8	0	36	13	7	2	0	9	8	72	0	0	13	18	1	0	2	0	29	51	14	15	14	0	0	0	75	21	0	5	5	19	8	4	8	0	5	0	12	7	15	0	22	14	0	15	0	8	21	23	10	9	5	1	107	2	1	1	19	136	22	51	32	1	1	14	23	24	2	1	0	0	27	2	20	105	2	7	2	5	21	10	20	0	4	4	0	19	1	0	7	0	15	0	5	38	4	8	7	10	4	9	1	4	0	0	5	1	12	32	1	0	0	0	1	0	8	26	20	0	47	4	0	4	5	0	4	18	19	5	2	9	26	4	13	0	0	9	1	70	20	0	33	35	7	5	15	12	9	0	86	22	0	12	8	26	36	1	22	15	2	9	12	1	2	118	0	34	16	2	0	29	10	1	10	14	5	0	0	2	1	0	4	38	0	21	0	24	0	0	40	1	10	5	99	7	0	15	4	9	4	128	32	26	2	1	10	4	34	0	35	5	19	60	44	4	0	80	38	0	13	1	4	22	14	27	14	10	27	1	22	20	8	26	14	16	21	8	0	63	1	28	0	1	191	36	2	115	21	1	7	34	2	32	14	15	29	7	8	38	59	204	100	1	2	14	5	0	0	0	2	0	0	0	2	0	31	10	15	0	36	15	5	10	0	5	44	15	4	5	20	63	48	1	81	0	10	1	20	0	5	0	5	31	27	0	53	0	27	1	18	7	5	44	2	5	4	9	67	5	0	10	0	18	20	16	19	0	23	253	28	7	7	0	4	1	1	41	8	60	31	0	4	0	29	27	5	4	1	13	56	1	7	12	8	1	14	44	55	171	160	21	35	1	7	8	23	24	28	73	2	13	13	1	0	7	4	4	2	0	0	0	0	18	12	4	2	10	7	7	19	0	31	4	81	2	34	10	12	1	32	34	2	13	9	0	0	5	7	9	14	1
28	1	0	0	0	0	0	0	0	0	0	7	0	0	0	0	0	12	0	6	15	6	0	0	0	0	0	22	10	7	35	7	0	23	26	0	0	0	61	12	25	0	0	0	36	0	0	0	0	0	19	0	0	14	13	19	9	0	0	29	9	61	0	10	0	22	0	0	0	0	6	6	21	0	0	0	21	39	0	0	0	19	0	13	36	0	10	9	7	0	0	10	0	7	23	10	30	68	18	56	0	0	7	0	66	14	0	6	38	70	0	0	0	0	0	0	10	0	14	12	0	21	13	0	18	68	36	0	0	0	0	0	0	0	116	25	0	44	37	0	0	7	20	16	9	0	0	0	60	6	0	0	0	7	7	0	95	35	0	0	0	6	7	0	12	26	0	0	0	0	0	151	40	30	0	7	13	23	9	0	10	0	0	0	0	0	9	0	0	0	0	0	10	0	39	29	0	0	0	0	67	0	0	35	6	16	0	21	19	81	0	86	18	11	7	0	0	16	0	176	25	0	0	0	0	12	0	6	13	0	0	10	34	35	0	0	56	11	14	0	38	0	0	11	0	0	26	7	0	31	26	0	0	11	36	0	0	6	134	25	69	0	0	0	7	33	33	86	0	0	0	0	0	22	0	0	7	7	0	9	0	0	0	16	0	59	83	6	41	0	72	21	0	44	17	10	18	0	6	37	0	7	10	0	0	0	6	18	0	80	0	0	0	270	6	32	11	0	0	0	0	0	0	0	0	18	13	0	49	28	13	0	21	0	6	0	0	7	0	0	0	7	26	16	11	39	9	0	13	15	9	0	0	9	0	0	0	0	0	0	27	6	31	15	40	18	15	0	23	0	6	79	6	34	0	0	0	30	44	0	27	9	0	21	0	6	0	6	30	9	0	0	0	0	0	91	10	32	0	18	0	11	0	0	6	96	18	0	0	0	0	0	0	0	94	38	18	34	18	13	0	0	0	15	0	7	6	15	22	66	0	6	6	10	98	0	10	0	0	7	0	17	25	0	0	14	7	14	0	0	16	17	7	7	24	0	0	0	0	0	14	0	0	49	10	37	0	0	37	62	0	0	0	0	0	6	22	17	16	69	9	6	18	7	25	0	16	120	12	27	15	6	33	0	0	30	0	12	0	0	0	15	0	14	7	32	0	55	25	28	23	16	47	0	16	24	19	0	29	0	10	36	0	0	18	6	7	6	0	28	12	10	0	56	0	23	7	6	0	0	0	0	0	7	0	0	36	11	20	0	77	16	16	6	19	32	9	10	0	0	10	0	0	0	0	15	12	11	0	0	0	13	0	0	0	21	0	43	35	6	13	0	13	6	12	52	29	16	0	0	0	47	0	6	11	7	16	0	17	0	0	22	13	0	0	0	0	13	47	0	13	23	6	0	7	18	68	0	0	0	22	9	16	12	0	0	0	44	0	0	6	0	24	0	12	0	7	0	33	31	11	0	10	39	7	6	14	24	59	37	13	6	9	39	11	11	16	0	0	0	16	10	0	32	133	6	20	18	31	9	21	28	0	0	7	13	0	9	0	0	10	30	21	0	20	16	0	54	17	12	6	56	0	0	0	17	0	0	27	11	21	21	21	0	0	7	37	27	15	23	13	12	47	0	10	0	0	0	15	0	0	22	11	7	0	0	0	0	44	18	0	0	0	0	0	19	10	0	0	12	10	0	7	43	21	70	6	23	14	36	0	28	0	27	77	0	16	0	0	0	19	7	0	14	0	0	0	0	14	0	0	11	32	0	0	0	40	0	0	157	0	10	0	111	27	0	0	6	0	6	28	56	17	0	6	0	13	10	0	14	55	30	10	13	0	0	47	26	6	33	14	27	13	6	10	20	10	12	14	13	7	0	0	7	0	7	0	7	18	0	0	19	13	174	21	47	50	37	10	7	25	0	14	18	0	26	18	0	29	58	26	75	0	60	32	0	0	0	19	38	19	0	0	20	0	0	0	18	0	6	7	0	0	0	0	9	22	0	0	28	92	80	15	101	0	48	6	58	0	0	0	0	28	13	12	0	7	6	0	0	16	41	20	19	0	0	29	46	0	0	42	0	7	0	0	0	6	72	398	0	0	0	0	0	9	0	18	0	53	56	0	0	0	46	0	16	41	9	0	58	0	48	25	13	13	11	0	18	199	177	26	122	0	0	12	0	32	0	142	0	6	0	0	14	16	0	7	0	0	0	6	6	20	0	0	0	28	7	0	17	0	23	23	195	9	43	28	36	0	16	23	54	11	6	9	0	0	13	14	9	0
29	1	0	0	0	0	0	0	0	0	86	0	26	0	26	0	0	0	0	26	34	0	0	0	0	120	0	0	0	0	0	0	0	0	48	0	0	0	0	0	26	0	0	0	45	0	0	0	0	0	0	0	0	26	0	0	0	0	155	0	0	51	0	0	0	0	0	0	0	0	0	0	0	0	0	0	0	101	61	0	0	34	0	0	39	0	0	0	0	0	0	0	41	0	0	0	0	0	0	64	0	0	0	0	0	0	0	34	0	0	0	0	0	0	0	0	0	0	0	0	0	0	0	0	0	0	0	0	0	0	0	0	0	0	0	0	0	0	0	0	0	0	85	0	0	0	0	0	0	0	0	0	34	0	26	0	0	0	0	0	0	60	0	0	0	0	0	0	0	0	0	0	0	0	0	0	0	34	0	0	0	0	0	0	0	0	0	0	0	0	0	0	0	0	43	62	0	0	0	0	34	0	0	0	0	0	0	0	0	0	0	0	0	0	0	0	0	0	0	104	0	0	0	41	45	0	0	64	0	0	0	0	0	0	26	0	52	0	0	26	0	0	39	0	0	0	0	0	0	39	0	0	0	0	102	0	0	0	34	0	0	52	0	0	0	34	0	0	0	0	0	0	0	26	0	0	0	0	0	0	0	0	0	0	0	143	97	0	0	0	0	0	0	0	34	26	0	0	0	0	0	0	0	34	0	34	0	0	0	0	26	0	0	34	0	0	0	0	0	0	0	0	0	0	0	26	26	0	0	0	0	0	0	0	0	0	0	26	0	0	0	0	0	0	0	43	0	0	0	0	0	0	48	0	0	0	0	0	0	0	0	0	104	0	0	0	0	0	26	0	0	0	0	56	0	0	0	0	39	0	39	0	0	0	0	0	0	34	337	26	0	0	0	0	0	0	0	0	0	62	0	0	0	0	0	83	0	0	0	0	0	0	0	65	0	0	0	0	0	0	65	0	86	0	0	0	0	0	0	0	0	0	0	0	66	0	0	0	0	0	0	79	0	0	0	0	0	26	0	34	0	0	0	0	26	0	34	0	0	0	0	0	0	45	26	0	34	59	0	0	0	0	0	0	0	26	26	26	0	0	0	0	0	0	0	0	0	39	0	0	0	26	0	0	0	26	0	0	0	0	0	0	0	0	0	0	0	0	0	0	94	0	0	0	0	0	116	0	0	0	0	0	0	0	0	0	0	0	0	0	0	0	0	0	0	0	0	0	0	0	0	0	0	0	0	0	0	0	0	0	0	0	0	0	52	39	0	69	0	0	0	0	26	26	0	0	0	0	0	0	0	0	0	0	0	0	0	0	0	0	34	0	79	0	0	0	0	0	0	0	0	58	0	0	0	0	0	0	78	45	0	0	64	0	0	0	0	0	0	0	0	26	0	0	0	0	74	0	0	34	0	0	26	0	0	0	0	0	0	0	43	0	0	0	0	0	26	0	0	0	0	0	0	26	0	0	0	0	0	0	0	0	0	0	0	0	0	0	54	0	0	49	0	0	129	0	0	0	0	79	0	0	0	0	0	0	0	0	45	0	0	0	0	0	0	0	0	0	0	0	0	0	0	0	0	0	0	26	0	0	0	0	0	0	0	26	66	0	0	0	0	54	0	49	0	0	0	0	0	55	0	0	0	0	0	0	0	0	0	0	0	0	0	111	0	0	0	0	0	0	0	0	0	0	0	26	88	0	0	0	0	0	26	26	61	0	26	0	0	0	0	0	0	26	0	0	0	26	0	0	0	0	39	0	0	0	0	0	0	0	0	0	0	51	0	0	0	0	0	0	75	0	0	95	0	0	0	0	0	0	0	0	0	0	0	0	0	0	0	26	0	0	0	26	0	0	26	0	0	0	0	0	0	0	0	0	0	0	26	0	0	0	0	34	0	0	0	0	0	0	0	0	0	0	0	0	0	0	0	0	154	0	0	0	0	34	0	49	0	0	0	49	0	0	0	0	0	0	51	0	0	26	0	0	0	0	0	0	0	0	0	0	0	26	0	0	0	0	0	0	0	0	0	0	0	0	0	0	0	0	0	0	0	0	0	0	0	0	0	0	0	0	0	0	0	0	0	69	0	0	0	0	0	0	0	0	0	0	34	45	0	0	0	0	0	0	0	26	0	0	0	39	0	0	0	26	26	0	66	0	0	0	0	0	0	0	0	0	0	0	0	0	0	0	0	0	0	0	0	0	26	26	0	26	0	0	0	0	0	87	73	0	0	0	0	26	0	0	0	0	0	43	0	0	0	0	0	0	0	0	0
30	1	11	19	0	0	8	0	0	0	0	0	0	0	0	0	0	0	0	8	0	0	0	0	0	0	0	11	25	0	29	38	0	22	16	0	0	0	50	0	8	0	0	0	21	10	0	0	0	0	8	0	0	32	23	0	0	0	43	17	0	144	0	0	0	13	0	0	0	10	0	17	0	0	14	0	13	33	0	0	0	13	24	8	25	0	0	19	0	0	0	0	0	0	19	0	0	28	37	32	8	16	11	0	30	23	0	25	23	99	0	0	8	0	8	14	23	10	18	46	15	0	21	0	0	115	38	0	0	0	0	0	0	0	89	0	39	27	23	10	19	0	29	21	45	0	0	22	77	17	0	0	0	10	14	48	32	19	21	0	0	16	10	0	23	15	0	0	0	0	8	99	11	0	0	0	16	49	19	19	0	0	0	0	8	0	0	0	15	0	0	42	27	24	36	27	0	15	0	10	46	27	23	29	0	22	0	14	8	20	0	35	23	16	28	0	11	0	0	278	8	0	0	10	0	8	0	15	19	0	39	0	10	0	0	0	117	18	0	16	20	8	15	0	11	0	11	13	0	18	0	0	0	32	36	8	0	0	241	34	24	17	19	0	10	47	14	33	0	0	0	17	0	38	0	0	25	31	8	0	0	23	0	33	20	15	118	0	19	0	15	0	0	30	61	8	35	0	0	13	0	34	38	24	19	0	0	17	0	15	0	0	0	66	67	61	8	10	11	23	0	11	0	0	0	60	0	16	18	27	0	0	10	8	18	0	0	16	0	11	0	0	59	16	0	16	10	0	8	113	0	0	0	0	0	0	0	0	0	0	11	8	15	0	40	57	0	0	8	0	10	18	0	51	0	15	8	8	50	0	0	0	0	0	29	0	64	0	58	15	0	0	0	0	8	136	10	21	0	15	18	0	0	10	23	231	24	0	0	14	0	0	0	0	40	84	30	8	0	58	21	0	0	0	0	0	0	48	0	93	0	0	22	0	33	0	0	0	0	0	0	8	0	0	18	0	0	35	8	0	29	0	11	0	0	0	0	0	8	0	0	10	11	118	8	42	0	8	10	0	0	0	0	0	38	43	11	30	0	27	0	0	0	0	0	0	11	53	0	41	0	8	79	0	0	0	0	14	0	0	0	31	0	20	0	13	0	69	11	25	42	76	58	0	8	11	29	0	0	0	109	85	0	0	10	0	10	0	0	0	0	0	37	36	31	53	0	8	0	0	0	0	13	0	0	0	63	0	28	11	23	23	13	0	16	23	0	14	0	43	25	20	16	0	0	19	57	0	0	0	20	21	0	0	0	54	0	0	15	0	45	0	67	17	0	21	15	0	0	0	0	52	0	19	18	0	0	0	60	0	8	36	10	0	0	0	0	0	13	40	0	21	10	21	0	31	71	0	0	0	20	0	20	8	0	22	8	0	0	0	13	0	34	0	18	0	8	10	10	8	19	30	0	48	13	0	0	49	86	57	8	30	0	35	66	10	64	16	0	0	10	21	0	29	106	8	10	19	60	10	8	19	10	0	0	0	14	0	0	8	0	32	0	0	15	0	0	29	0	0	0	8	0	29	13	11	0	0	56	0	0	0	0	0	0	18	48	51	0	25	20	0	0	11	31	8	31	10	0	0	0	75	11	0	0	0	0	0	35	29	0	33	27	0	21	0	41	10	34	32	0	0	0	26	30	18	0	0	19	25	0	0	0	0	39	0	34	19	10	0	0	17	0	43	0	0	0	0	19	0	0	8	15	0	0	0	35	0	0	31	0	0	0	61	0	0	15	0	0	0	28	66	32	0	63	11	18	17	0	21	13	25	0	19	50	0	32	41	14	17	0	0	0	13	0	31	16	0	0	18	107	0	8	29	0	0	0	93	38	11	0	0	10	62	27	24	30	32	0	0	0	0	0	10	81	20	0	0	30	164	34	37	0	13	8	0	0	0	19	0	19	0	0	35	0	0	14	0	0	14	0	91	0	0	0	10	0	8	0	0	35	20	0	78	0	8	15	0	0	0	0	33	35	13	10	0	0	0	0	0	0	0	15	15	8	8	43	69	14	0	11	0	0	0	0	0	0	32	283	0	0	0	0	0	10	0	10	0	52	23	0	0	0	10	0	14	0	8	0	21	14	18	14	0	13	0	0	0	330	345	56	86	8	14	0	0	0	0	40	0	8	0	0	10	0	18	10	11	0	17	19	11	0	0	0	8	0	0	0	0	0	63	14	79	17	25	16	68	0	13	0	10	13	26	0	11	0	10	0	0	8
31	1	24	13	0	0	7	65	5	3	9	2	0	120	24	8	0	5	0	8	12	15	2	5	0	8	8	9	3	45	8	88	0	16	2	31	0	5	0	8	40	2	69	36	45	2	11	40	0	2	0	13	5	11	0	0	0	55	11	5	0	177	9	0	29	41	13	11	23	8	15	38	5	0	13	0	118	20	15	0	0	0	40	102	7	8	26	11	0	0	2	15	2	5	0	0	0	17	13	17	2	20	3	11	17	0	7	11	11	17	2	5	3	0	0	37	13	0	57	13	29	3	77	0	3	36	0	26	9	9	9	9	17	0	26	38	0	23	18	7	0	2	9	0	21	3	8	20	35	13	11	18	69	0	5	0	18	40	110	0	3	81	8	8	12	11	5	17	3	0	28	2	17	3	0	2	15	15	45	56	0	3	28	11	63	21	19	9	0	0	0	20	0	3	8	13	36	3	43	0	0	25	39	26	49	54	50	3	0	37	50	0	29	0	24	9	2	0	0	117	19	2	21	18	3	34	0	7	18	11	26	0	7	18	0	0	37	0	21	0	19	7	13	0	5	7	9	5	7	8	0	9	20	0	255	5	11	7	246	35	5	50	39	2	81	16	26	109	0	27	49	15	26	34	0	0	49	20	5	9	7	13	35	21	26	17	7	0	11	2	17	3	0	81	17	3	0	2	3	3	36	15	0	2	0	45	13	3	0	35	5	8	3	50	34	8	0	12	0	11	3	71	9	8	13	20	23	0	12	20	12	19	0	18	9	0	9	20	0	11	0	0	3	0	41	39	3	0	2	15	2	0	3	7	0	39	5	15	0	0	3	3	8	0	7	9	0	13	0	35	0	0	17	2	0	0	0	3	19	0	5	3	9	3	3	0	0	0	39	11	69	0	7	0	0	12	37	5	0	55	15	0	11	11	5	113	18	11	0	0	3	0	41	9	16	2	7	2	2	0	0	11	3	12	55	23	12	90	131	2	61	2	3	0	148	3	8	17	0	0	0	2	9	15	9	13	2	28	0	12	0	3	11	0	26	36	15	3	20	12	54	3	0	28	8	92	13	0	3	2	29	5	0	0	74	45	8	12	0	25	0	0	8	2	37	8	15	17	121	0	44	0	17	0	7	5	0	26	13	9	5	0	3	2	12	0	34	0	3	0	278	0	16	0	2	29	11	38	12	19	3	0	17	19	0	5	0	0	0	2	8	3	0	9	7	16	2	45	5	32	9	0	7	0	3	7	2	0	20	0	0	3	0	62	0	18	0	76	0	0	50	2	20	0	16	0	3	0	0	0	0	3	0	3	0	3	12	0	3	11	0	0	18	8	0	21	0	30	8	3	0	11	16	3	0	3	5	0	11	0	2	8	0	0	3	2	9	0	0	2	0	0	67	0	8	124	8	0	0	0	0	0	0	0	0	7	7	0	0	0	7	12	35	8	0	11	0	9	0	23	8	16	0	3	3	0	0	48	25	37	8	19	0	16	0	11	13	0	26	0	3	9	34	2	71	0	17	0	76	0	5	2	5	17	12	18	0	3	0	2	0	2	0	0	0	0	2	0	0	0	9	16	11	0	0	19	0	2	3	9	0	0	0	0	8	2	9	0	0	0	0	48	7	0	5	0	0	18	9	12	11	43	9	67	3	31	7	18	20	19	5	3	0	74	3	25	24	9	217	49	3	0	19	3	7	8	0	0	15	62	0	2	0	0	26	31	13	66	0	7	9	17	2	18	26	13	7	0	8	0	0	0	0	3	0	2	68	0	0	9	0	11	0	21	0	0	31	0	12	0	61	3	0	2	0	17	12	0	2	8	0	0	0	0	0	2	55	43	16	23	11	0	7	34	11	17	36	11	12	13	9	3	0	8	15	0	8	93	18	0	0	7	0	21	25	20	21	5	2	0	8	17	16	40	5	13	3	8	5	221	194	16	0	23	0	8	7	0	8	0	11	0	9	0	48	0	0	55	65	0	0	30	11	0	45	5	12	3	9	34	2	13	0	9	0	23	15	12	5	9	7	19	43	7	30	20	0	49	21	0	3	13	0	2	7	12	61	52	25	5	9	35	5	3	3	28	0	15	105	3	0	13	3	0	52	3	0	8	40	3	35	11	48	23	97	0	23	18	40	16	0	72	17	23	63	0	0	25	259	174	0	7	24	25	3	16	24	31	9	5	30	21	27	9	0	16	13	17	3	17	3	0	0	56	21	8	3	88	2	8	3	11	0	36	19	89	57	26	8	0	29	3	17	21	0	0	16	19	24	27	3
32	1	5	0	0	0	16	5	0	0	16	0	3	11	0	6	0	0	0	12	9	12	0	0	0	2	8	12	2	6	8	6	2	3	100	5	0	19	11	3	6	0	0	0	6	0	5	0	0	0	0	7	0	9	21	5	8	0	3	23	0	81	5	23	0	48	2	7	8	0	10	19	10	19	0	10	3	55	8	10	3	7	0	35	48	6	8	7	0	3	0	2	0	0	0	8	3	37	36	59	13	3	2	2	27	6	15	10	26	26	6	0	3	3	0	0	10	0	29	5	8	28	36	0	3	37	26	6	0	0	0	0	0	0	61	5	0	39	22	2	7	35	67	48	3	8	3	5	47	0	0	0	0	13	3	2	55	34	13	0	8	3	2	0	21	16	0	0	0	0	0	84	9	16	0	0	2	15	0	0	3	18	0	2	0	5	84	3	3	0	0	12	17	0	70	38	31	10	0	5	52	0	0	24	0	17	0	29	14	47	0	15	36	21	8	25	0	3	0	101	11	44	6	0	0	33	2	11	23	0	0	3	5	5	24	5	68	48	0	5	18	7	12	11	5	8	7	7	2	17	2	0	0	0	24	0	0	14	177	7	40	5	3	0	16	25	16	33	0	0	0	8	0	7	0	0	11	32	11	0	5	0	0	57	0	37	128	0	21	10	106	12	0	14	52	8	27	0	0	10	21	10	2	8	6	15	5	15	0	30	5	0	0	131	8	30	15	8	17	10	0	0	0	0	16	100	10	14	26	10	0	8	5	0	5	0	0	12	0	5	2	7	29	7	3	6	41	0	11	45	0	0	0	5	2	2	2	16	0	0	25	7	23	7	22	73	17	0	5	6	0	21	24	26	14	0	15	10	30	0	3	6	9	20	0	0	0	5	39	14	0	0	2	0	10	21	51	25	6	9	6	17	7	5	30	147	64	19	3	20	3	27	0	0	92	66	17	10	7	40	3	7	0	18	13	39	0	7	15	53	2	0	11	45	80	0	13	3	11	0	0	11	6	0	5	10	3	28	14	6	11	2	2	0	34	7	0	0	10	0	20	5	0	93	15	15	0	16	18	15	0	0	0	3	10	18	7	26	10	41	27	2	48	63	11	2	8	34	17	22	9	5	57	9	0	0	3	15	0	9	0	6	5	15	0	3	7	18	5	41	16	21	16	0	12	9	46	2	16	3	8	19	0	11	3	6	0	3	5	5	5	0	37	19	21	2	5	2	10	16	16	0	0	16	0	5	47	3	0	3	37	16	7	10	21	10	15	5	0	6	11	6	5	17	2	0	28	3	22	11	3	10	0	0	3	67	0	0	27	0	11	0	42	16	8	37	5	7	2	3	7	22	0	10	24	3	5	0	25	2	26	6	21	0	11	0	0	26	42	2	0	60	0	0	0	16	10	0	0	0	24	14	21	21	0	0	5	0	5	5	8	0	0	0	17	0	10	0	23	12	0	0	2	109	15	37	5	21	54	47	43	57	2	16	33	19	28	0	2	0	2	50	0	35	114	16	42	9	17	8	5	32	0	2	6	3	0	10	10	0	10	23	13	2	21	12	10	7	3	12	5	35	2	0	0	12	5	0	14	19	5	5	5	0	0	8	21	19	3	35	10	7	2	15	2	10	19	68	22	0	0	69	23	0	3	8	0	2	25	6	6	5	2	16	2	16	5	3	6	13	28	2	22	19	50	43	2	10	26	22	0	20	5	24	106	3	12	13	5	0	17	9	17	34	12	12	0	0	32	10	10	34	38	0	2	5	74	0	0	79	21	6	25	105	5	0	0	2	0	10	24	15	14	0	14	8	19	33	2	13	10	32	18	17	0	0	42	12	0	19	10	23	0	14	0	48	18	0	10	44	18	5	21	14	15	0	0	9	18	0	36	0	0	259	59	47	54	45	10	0	10	5	12	0	10	31	7	5	69	156	37	66	0	13	19	9	3	0	3	5	3	0	3	3	0	0	0	7	34	27	0	18	6	0	17	22	40	26	0	138	128	21	8	172	0	19	33	20	27	5	0	34	38	18	23	0	12	42	0	5	26	3	9	34	14	6	27	60	18	3	31	0	12	0	5	0	7	105	224	2	3	0	0	0	5	0	13	0	99	27	0	0	0	45	33	21	9	19	0	31	0	9	43	57	0	34	9	23	167	140	12	87	10	49	0	5	14	0	69	2	0	16	21	12	0	21	9	5	0	13	2	0	0	18	8	0	24	3	10	19	0	24	2	50	5	17	7	45	5	16	15	22	10	11	10	0	0	8	0	6	2
33	1	0	0	0	0	0	0	0	0	55	0	0	0	0	0	0	0	0	15	0	38	0	0	0	0	0	0	0	22	0	0	0	0	0	0	15	0	65	0	0	0	39	0	0	0	0	22	0	0	0	0	0	0	0	0	0	19	0	15	0	142	0	0	0	0	0	0	0	22	0	0	0	0	39	0	0	0	0	0	0	15	0	22	33	0	0	0	0	0	0	0	15	40	0	0	0	22	49	0	22	0	0	0	27	0	0	15	19	0	15	15	0	0	0	0	0	0	19	0	79	0	32	0	19	35	0	0	0	0	0	0	0	19	41	0	0	0	0	0	0	0	0	0	0	0	0	0	0	0	0	0	0	0	0	0	0	19	19	0	0	133	0	19	22	29	0	0	0	0	0	33	0	0	0	0	0	0	0	0	0	0	0	0	67	0	42	24	0	27	0	0	0	0	15	22	0	35	0	0	24	0	0	64	22	0	64	0	0	0	0	0	0	0	0	22	0	33	0	77	0	15	0	0	0	0	0	0	0	24	0	38	0	0	0	0	19	46	0	35	15	0	0	0	27	0	0	0	0	0	0	0	0	0	153	15	0	0	66	0	0	0	0	0	44	44	0	15	0	0	0	0	0	0	0	0	40	0	0	0	0	0	0	0	0	0	36	15	0	0	24	0	0	30	32	19	210	0	0	0	0	52	0	0	0	50	0	15	19	0	0	0	0	102	0	19	0	0	0	0	32	0	0	0	19	63	15	0	0	0	0	0	0	15	0	0	0	0	0	0	29	0	0	0	0	0	19	0	0	0	0	0	0	0	0	0	0	0	0	0	0	0	0	0	58	0	0	0	19	0	0	32	0	0	0	0	15	22	19	0	86	0	0	0	70	0	0	0	30	15	0	0	0	0	32	0	0	0	0	60	53	116	116	0	22	24	15	0	0	0	29	0	0	0	0	0	0	0	0	0	0	0	24	19	22	0	0	0	0	0	0	0	149	15	65	0	32	0	0	0	0	0	36	0	19	0	0	0	0	0	0	0	0	0	15	0	0	0	33	0	0	0	0	57	0	15	0	0	0	0	0	0	0	0	0	19	125	38	0	0	0	0	0	0	0	0	30	19	0	0	24	0	40	0	30	0	0	43	0	84	0	0	0	0	0	0	0	29	0	0	142	0	77	0	0	0	0	0	22	0	0	0	0	0	0	0	0	0	0	0	0	0	0	0	0	0	15	0	0	0	15	15	0	0	0	0	32	0	0	0	0	15	15	0	0	0	19	0	0	0	0	15	0	0	0	0	36	0	0	0	22	0	0	0	0	15	22	33	40	0	0	0	38	0	29	29	0	0	0	0	0	29	0	0	0	0	0	0	19	0	40	0	60	0	19	0	0	0	22	53	0	15	19	0	0	0	0	0	0	0	0	0	15	0	0	0	0	0	0	0	0	0	0	33	0	0	0	0	0	19	0	0	0	169	0	0	0	0	0	22	27	24	0	15	0	213	22	0	0	0	0	33	0	30	83	0	0	22	0	0	15	0	0	24	0	0	0	0	53	53	0	19	0	0	0	0	97	0	0	0	0	15	127	0	0	0	0	0	323	0	46	46	46	0	0	15	0	0	0	197	0	36	0	0	0	0	0	0	0	30	0	43	0	15	0	0	0	0	15	0	40	0	0	0	0	27	0	0	19	33	0	0	0	27	0	15	0	15	0	0	0	0	0	42	24	0	77	0	0	24	0	15	0	15	0	22	0	0	0	0	0	29	94	0	0	0	0	0	0	108	15	0	48	85	15	19	0	0	45	0	78	0	0	0	0	0	0	15	0	15	0	0	15	0	0	0	29	30	0	24	33	36	0	0	0	29	0	0	33	19	0	0	0	0	24	0	0	0	0	0	0	0	0	38	24	19	19	24	0	0	15	0	22	0	0	19	67	0	24	36	70	30	0	19	0	0	0	0	0	30	0	0	0	0	0	79	0	0	0	0	0	57	0	0	0	0	69	0	0	29	24	15	0	0	0	0	0	0	0	0	0	0	0	0	80	0	0	0	0	0	0	0	15	0	0	66	24	54	0	0	0	0	0	0	19	0	0	160	19	0	0	0	0	0	0	0	50	0	27	19	0	0	0	0	0	0	0	15	0	0	0	0	0	0	0	0	0	0	50	128	15	22	0	91	43	24	0	0	0	0	0	0	0	0	0	0	0	0	0	0	29	15	0	72	0	15	0	30	0	22	0	0	0	27	0	50	0	19	0	15	19	0	0	0	0	0	0	0	0	0	0
34	1	0	0	0	36	0	51	0	0	48	0	0	0	0	0	0	0	0	0	9	28	0	0	0	0	0	0	0	0	18	0	0	9	65	9	16	0	36	0	9	0	0	0	74	0	0	0	0	7	0	7	0	0	27	0	0	0	0	0	0	0	0	0	0	12	0	12	0	0	0	0	16	33	0	0	0	9	18	7	0	0	0	25	34	0	0	11	0	0	21	0	0	25	25	13	0	12	23	12	59	0	0	0	32	7	12	0	12	16	28	0	0	11	0	59	0	0	0	21	7	15	0	0	0	20	0	0	0	0	0	0	0	0	99	11	0	11	7	0	0	0	0	0	0	0	12	0	26	7	0	0	0	0	0	0	0	21	0	0	0	0	0	0	0	0	0	0	0	0	28	39	9	0	0	0	22	0	0	0	0	0	0	0	0	25	7	0	0	0	0	7	51	0	41	274	0	0	0	0	42	0	0	25	7	16	0	0	0	0	0	0	0	169	0	0	0	0	0	81	18	0	0	0	0	0	0	50	11	0	25	0	7	54	0	11	63	28	0	0	75	0	13	0	0	22	0	0	0	0	0	9	0	12	159	0	0	0	21	17	21	0	7	0	11	65	0	17	0	0	0	0	0	0	0	0	9	0	0	0	0	0	0	15	0	28	21	0	31	0	20	0	0	0	0	13	30	0	0	17	0	0	0	0	0	0	9	12	0	20	7	12	29	50	0	37	0	16	0	0	0	0	0	0	0	83	13	0	31	0	0	7	0	0	0	0	9	7	0	0	0	11	29	0	23	0	9	13	33	45	0	0	0	0	0	0	32	0	0	0	65	0	65	7	19	24	34	0	19	0	0	17	26	9	0	0	31	17	13	0	0	0	9	0	58	0	0	16	11	7	0	0	0	0	0	18	55	109	0	54	0	0	0	22	12	211	16	11	9	0	0	32	0	7	46	34	43	0	35	0	0	0	0	0	0	0	13	0	0	32	9	0	44	9	62	0	0	0	9	0	0	0	0	0	0	11	0	7	0	22	0	13	0	0	48	0	18	0	18	0	76	20	0	40	0	61	0	7	0	0	0	20	0	0	0	9	0	0	0	33	0	7	7	58	7	11	0	0	17	12	0	16	51	20	0	0	0	29	7	0	0	19	0	63	0	0	76	33	7	22	174	0	9	0	0	0	20	32	7	0	0	34	0	11	0	17	0	0	0	0	7	0	28	7	0	0	0	0	0	13	13	0	19	51	0	0	21	0	9	51	31	9	7	0	52	17	17	25	0	0	9	0	38	0	0	7	44	0	21	0	0	7	0	12	0	75	12	0	11	7	23	0	69	13	32	11	0	12	9	0	17	20	0	0	26	0	0	0	73	0	16	0	62	7	9	0	47	0	16	0	0	38	7	0	0	55	0	0	0	9	25	18	13	7	31	0	0	9	0	0	38	7	141	0	0	50	11	12	29	17	18	0	32	20	0	0	12	110	0	15	29	0	11	43	9	39	12	0	9	0	0	18	0	7	12	18	0	0	25	7	9	9	31	0	0	0	0	0	0	0	27	16	0	0	0	0	0	13	11	0	0	0	0	0	0	0	0	0	7	0	0	0	0	0	0	0	48	41	36	37	42	7	0	0	0	0	0	0	0	0	16	58	25	0	0	0	9	11	21	21	0	9	0	0	0	0	243	0	0	31	19	0	7	48	15	11	9	0	24	49	0	12	0	9	21	0	0	0	0	0	58	0	38	21	13	0	0	0	7	0	16	28	0	0	0	34	130	0	0	17	0	9	7	148	20	0	9	0	0	20	77	0	19	0	18	43	0	0	0	17	17	24	11	20	0	0	43	40	0	0	7	9	0	12	0	15	12	0	7	21	20	17	12	0	7	0	0	0	21	7	0	0	9	96	18	17	76	9	0	0	0	18	31	0	125	13	7	0	18	28	142	48	0	38	0	16	11	0	0	7	0	0	11	0	0	11	0	57	0	28	13	22	0	0	71	9	31	0	0	16	68	31	18	40	0	0	9	19	0	0	0	18	9	9	7	34	0	7	0	0	11	12	0	7	0	9	66	12	0	12	121	0	0	7	9	0	12	41	136	11	0	0	0	0	0	0	11	0	23	0	0	0	51	0	0	21	0	40	0	0	0	9	0	9	0	0	9	7	143	64	12	51	0	0	0	0	0	0	116	17	0	0	0	0	0	0	0	40	0	0	0	0	0	24	0	0	0	0	0	0	0	0	0	38	9	46	0	30	0	11	0	0	7	0	0	0	40	0	33	108	0
35	1	20	4	0	0	0	6	3	0	6	0	10	5	0	16	8	6	0	5	29	36	0	0	0	3	0	16	0	8	29	14	3	9	140	8	0	0	28	0	21	3	0	13	19	0	4	0	0	0	5	0	3	6	16	5	31	0	7	17	0	48	0	8	5	14	9	0	0	0	25	12	0	0	20	10	19	28	15	6	0	23	3	22	34	0	0	44	0	0	0	7	13	8	8	6	4	28	22	64	14	11	4	0	47	17	4	9	54	37	9	0	0	0	0	0	4	0	9	9	16	20	25	5	26	94	11	0	0	0	0	0	0	0	107	3	9	24	43	0	3	14	74	41	66	0	0	0	135	3	0	0	0	25	11	0	19	33	6	0	3	0	5	0	49	23	0	0	6	0	9	123	14	9	0	3	7	8	3	0	0	6	0	0	4	0	26	0	0	0	0	8	6	0	42	86	0	14	0	0	33	0	0	36	0	27	0	45	20	41	0	27	35	53	3	30	0	0	4	92	13	17	3	0	15	8	0	9	23	0	0	0	0	10	12	0	80	12	0	5	32	0	9	8	20	16	11	26	0	20	0	0	0	6	25	0	8	9	89	62	30	0	20	0	33	32	35	62	0	0	0	3	5	20	0	0	8	27	17	0	0	7	0	50	4	35	99	0	19	8	84	14	0	28	32	6	43	56	0	24	0	9	7	16	7	16	0	26	0	36	8	0	0	175	4	30	3	17	4	44	0	0	0	4	6	65	36	0	43	33	0	27	6	4	14	0	8	7	0	0	3	0	46	6	10	16	28	0	32	36	0	0	8	11	5	0	6	0	0	0	28	17	32	8	41	17	20	0	4	4	0	43	10	33	0	7	7	10	34	0	17	0	8	28	0	0	10	20	5	16	0	0	0	0	0	49	19	13	0	5	6	23	22	9	24	145	7	0	0	24	0	12	4	7	50	58	32	17	7	11	0	0	0	44	0	0	0	5	14	11	0	6	12	0	99	0	10	15	12	0	6	5	6	0	0	10	23	26	13	0	16	0	14	4	85	0	0	0	18	0	26	22	7	40	8	33	0	8	5	12	3	0	0	5	17	27	32	19	0	34	4	11	5	0	0	7	4	72	40	60	10	0	24	0	0	0	11	8	0	0	0	13	0	19	9	13	0	35	28	25	12	11	21	6	8	8	27	9	64	0	9	38	0	0	27	6	0	8	4	83	6	0	0	11	6	8	5	0	7	0	5	7	8	3	0	0	60	6	0	0	21	38	32	0	29	24	0	0	3	8	14	7	11	3	0	6	32	8	8	0	11	6	0	0	0	75	0	0	12	4	6	0	4	6	6	23	0	5	7	0	5	35	12	6	27	0	5	0	28	3	5	19	22	0	0	0	0	13	60	26	11	40	6	0	0	51	41	0	3	0	12	0	17	18	8	8	0	7	0	0	0	8	0	0	14	0	12	0	19	35	8	5	6	94	8	5	19	9	60	31	16	26	9	31	26	24	31	0	0	0	7	18	14	53	35	6	29	6	25	16	8	10	4	0	7	4	9	0	6	0	13	36	0	0	19	14	17	6	3	6	0	11	18	0	4	10	0	0	70	10	3	3	3	0	0	31	20	43	7	21	12	6	5	6	5	0	0	0	10	0	0	36	8	0	0	3	0	0	13	11	5	21	9	0	0	18	40	7	0	23	6	5	5	44	31	41	13	10	23	44	5	6	25	13	50	0	15	0	5	0	17	10	6	27	8	4	0	5	11	0	6	24	53	0	6	13	23	0	0	65	0	0	7	102	14	0	0	0	0	22	16	104	25	0	6	0	27	31	7	16	7	29	6	4	0	0	115	43	0	17	0	24	0	8	0	70	11	0	0	58	13	0	16	31	5	0	3	7	30	0	5	3	4	283	108	87	45	48	3	11	36	0	8	0	22	35	0	0	123	195	38	73	0	37	35	17	5	0	7	0	7	0	5	8	4	3	14	5	8	21	41	13	13	0	0	46	23	7	5	69	84	16	16	136	6	12	19	20	6	4	0	16	32	7	29	0	0	15	7	5	43	0	4	8	32	0	18	49	5	0	37	0	0	0	8	8	15	58	142	4	13	0	0	0	10	0	4	0	46	31	11	4	0	15	0	7	9	6	0	59	23	19	21	24	8	8	6	13	165	142	11	64	0	6	5	0	24	0	195	0	0	11	4	12	0	21	20	5	0	24	17	13	0	9	16	6	25	0	0	23	16	11	5	161	0	46	16	88	11	16	20	31	28	27	15	0	0	10	8	7	10
36	1	0	0	0	0	0	13	0	0	15	0	35	0	0	0	0	0	0	0	0	30	0	0	0	0	0	0	0	0	13	47	0	0	30	0	0	21	58	0	0	0	26	0	35	0	0	15	0	0	0	0	0	0	0	0	0	0	0	18	0	77	0	0	0	0	0	0	0	0	0	0	0	0	0	0	0	48	27	30	0	26	22	18	0	0	0	0	18	0	0	0	0	18	0	0	0	43	13	34	0	0	0	0	35	0	0	73	0	34	13	0	0	0	0	0	0	0	18	0	0	0	18	0	15	22	51	101	0	0	0	0	0	0	29	0	0	30	0	0	17	19	17	0	38	15	0	0	39	35	0	48	0	0	0	0	13	31	0	0	0	24	0	0	35	24	0	0	0	0	0	39	0	0	0	0	0	0	0	0	0	0	0	0	0	0	0	0	0	0	0	0	0	0	30	40	0	20	0	0	100	0	15	80	0	0	0	18	13	45	0	0	76	130	0	56	0	0	0	92	33	0	0	0	0	0	0	36	33	0	0	0	0	0	0	0	59	15	0	0	18	0	0	0	0	0	0	0	0	119	0	0	0	0	52	0	0	0	75	32	35	0	0	0	0	20	0	142	0	26	0	0	0	0	0	0	0	0	0	0	0	0	0	17	0	57	45	23	253	0	13	0	0	29	26	22	20	0	0	43	0	0	0	0	0	13	0	0	0	0	27	15	0	60	0	57	0	0	0	27	0	0	0	0	29	38	17	0	13	120	0	0	0	0	0	0	0	0	0	27	0	13	20	15	15	38	0	48	0	0	0	0	0	0	20	0	0	0	0	0	29	0	29	0	18	13	0	0	21	0	27	0	0	59	0	0	0	0	0	44	0	17	0	22	73	0	31	18	60	0	0	0	0	0	0	23	0	0	0	0	17	13	13	0	30	76	30	0	0	15	0	0	0	0	56	0	26	0	0	0	39	0	0	0	22	13	0	46	13	15	0	0	0	0	111	0	26	63	0	0	0	0	0	0	0	0	0	22	0	0	0	33	63	13	36	29	30	0	30	0	99	0	49	37	23	19	0	0	50	0	0	0	0	32	63	71	0	17	17	19	0	0	15	0	15	0	0	19	0	0	77	0	52	28	0	0	15	31	0	0	0	0	0	0	0	0	0	19	35	34	36	0	0	0	24	0	20	0	26	0	0	15	0	0	0	13	0	20	13	0	0	0	0	0	0	21	0	0	0	0	0	0	0	35	0	0	41	56	0	0	0	0	34	0	39	31	0	36	0	25	0	0	20	0	0	0	24	18	0	0	0	0	0	0	0	13	0	0	0	22	27	0	0	0	0	22	0	26	0	0	18	15	21	0	38	0	0	0	17	15	0	0	15	0	0	0	0	23	52	0	0	0	18	0	0	0	0	0	0	92	25	0	0	41	0	35	0	0	0	0	13	0	0	0	37	0	25	41	13	13	0	0	0	15	0	0	0	200	116	35	0	37	24	27	17	15	0	0	0	0	0	13	30	0	375	0	0	0	0	0	0	0	0	17	15	0	0	0	0	0	0	83	0	0	17	0	0	0	0	17	0	20	36	0	19	45	0	0	15	28	0	0	0	0	0	0	30	81	0	0	17	0	0	0	0	0	0	0	0	0	0	32	0	0	0	29	0	0	20	19	15	64	40	69	0	15	15	0	17	15	0	0	0	0	42	0	13	0	0	19	0	0	0	0	66	0	0	0	0	0	0	21	36	19	0	0	0	0	15	0	0	0	0	0	0	0	22	0	0	0	0	33	0	120	15	0	0	0	0	15	26	0	0	0	27	0	0	22	0	30	18	0	0	20	0	0	22	34	0	70	26	15	0	15	0	92	15	0	26	58	114	0	0	0	39	0	0	0	0	0	0	0	0	84	102	136	15	52	17	0	29	0	0	15	43	65	19	0	169	116	80	77	0	174	15	0	0	0	20	0	20	0	0	50	0	0	23	0	20	17	192	25	0	0	0	0	0	98	0	0	24	151	0	37	0	0	0	18	0	0	29	0	0	0	0	0	0	24	0	0	17	0	0	22	0	0	0	47	41	0	0	0	0	0	0	24	39	58	345	0	0	0	0	0	35	0	84	0	66	0	0	0	0	13	0	126	0	30	0	24	0	0	0	0	0	0	0	0	385	68	23	49	0	21	0	0	0	0	219	0	0	0	0	0	0	0	0	0	0	0	18	0	0	0	0	13	20	0	0	0	0	0	0	47	0	92	0	28	0	0	0	34	22	0	0	20	18	0	0	18	0
37	1	11	0	0	21	4	8	25	0	10	3	0	10	0	33	0	0	3	0	23	6	0	3	5	11	6	13	12	22	19	18	3	2	82	5	0	0	40	11	34	3	8	4	25	13	12	0	0	0	8	4	0	23	13	16	0	9	21	53	0	78	0	6	15	19	0	5	0	0	4	13	7	0	3	3	101	13	7	0	0	0	13	3	40	0	0	7	0	0	4	7	12	7	19	17	4	16	19	39	6	16	0	0	33	0	0	0	52	43	4	0	0	38	6	0	63	0	7	40	69	34	53	0	0	93	38	7	0	0	0	0	0	0	64	35	3	26	17	0	4	2	59	27	35	11	41	0	77	13	7	0	2	2	12	3	28	27	12	0	30	11	11	3	47	10	0	2	0	0	3	110	12	11	0	3	5	10	0	0	19	0	0	2	14	3	0	0	0	0	0	6	25	2	46	66	4	0	3	6	13	7	3	74	5	13	0	47	31	107	59	19	11	21	9	4	17	12	3	79	20	7	0	0	18	53	2	25	9	9	17	0	0	7	8	0	52	16	2	4	20	0	22	0	127	2	19	5	3	8	6	0	0	0	46	0	0	4	217	16	94	0	0	7	22	36	16	26	0	4	3	3	2	42	0	0	15	29	26	0	0	0	2	74	3	82	80	0	51	2	83	0	5	17	25	9	18	2	0	11	9	10	2	0	4	10	0	35	3	45	7	3	3	207	15	87	11	0	0	7	13	18	0	3	19	18	6	12	24	40	0	0	0	2	3	0	6	15	5	6	13	7	49	4	39	9	11	0	0	84	43	2	19	15	17	4	4	2	0	5	34	2	40	9	31	30	5	9	7	6	0	39	18	32	5	5	3	12	18	4	45	0	6	25	15	0	8	5	0	31	20	0	0	14	0	17	5	0	0	35	4	69	0	33	18	131	30	5	0	12	7	10	0	0	70	82	7	6	26	67	0	0	0	5	0	0	10	12	16	13	0	0	4	0	124	0	18	9	5	28	0	0	0	0	11	29	17	33	21	12	3	3	4	0	11	0	0	0	0	2	3	17	3	56	8	19	0	7	25	13	0	3	0	0	5	21	39	12	2	13	9	6	30	0	0	10	3	0	7	54	22	7	33	2	0	0	4	7	19	0	8	7	16	10	0	0	0	54	8	98	62	3	2	7	0	7	20	7	57	0	21	31	0	15	3	3	0	0	3	0	6	0	0	21	13	22	9	5	11	12	11	11	3	43	15	0	53	19	0	0	43	15	2	0	46	19	8	4	0	0	5	0	2	0	3	0	12	9	2	29	7	13	0	0	0	41	13	10	27	16	18	0	0	19	0	18	0	0	2	0	4	51	0	0	11	7	10	7	7	0	0	10	7	0	6	9	3	4	23	13	6	33	2	0	0	28	11	0	0	2	13	50	8	16	0	0	3	0	0	0	6	14	2	0	15	0	9	3	30	3	2	0	4	60	9	10	4	47	72	19	16	38	2	55	24	4	7	5	0	0	7	31	0	30	52	4	22	14	4	0	14	19	3	6	13	0	3	17	6	0	16	16	0	7	12	5	0	11	0	2	18	27	0	3	0	8	3	0	44	5	2	2	0	0	6	11	17	23	6	22	13	11	8	3	0	4	0	0	0	18	0	83	7	14	0	0	0	31	26	18	2	13	13	14	4	27	17	19	4	5	33	0	7	9	27	124	14	21	13	44	16	2	2	25	71	7	19	5	0	0	26	14	21	26	35	19	0	0	12	4	12	7	32	0	7	4	57	0	0	31	0	0	26	43	6	0	0	0	5	28	18	80	9	0	11	14	8	22	0	12	7	11	11	12	2	9	76	11	0	9	3	19	3	17	0	38	19	0	3	22	19	3	66	6	10	0	0	33	9	0	16	0	7	287	66	30	29	27	2	0	13	0	7	0	4	17	3	3	77	69	61	53	0	17	46	5	0	0	0	0	0	0	0	6	0	14	3	40	9	35	0	0	16	0	8	13	26	0	18	92	117	10	17	94	0	7	9	23	7	13	0	26	29	0	0	0	18	0	0	5	36	2	12	7	126	0	2	109	0	0	39	9	8	0	0	12	17	41	249	0	0	2	14	3	38	0	24	13	110	51	2	0	0	11	7	21	0	0	0	28	0	4	26	14	13	9	24	42	158	66	31	52	19	6	6	0	30	2	140	0	12	37	0	8	0	7	13	6	0	10	6	0	0	3	0	0	30	8	13	29	0	24	9	137	0	32	0	51	0	23	5	15	33	9	0	0	3	27	51	15	0
38	1	0	0	0	0	0	0	0	0	0	0	23	20	0	0	0	0	0	0	0	0	0	0	0	0	0	20	24	0	81	0	0	95	20	0	0	0	0	48	0	0	0	29	0	0	0	0	0	0	0	0	0	0	39	0	0	43	0	20	0	0	0	0	0	0	0	0	0	0	20	0	0	0	0	0	0	0	0	0	0	0	0	0	0	0	0	0	0	0	0	20	0	0	0	0	0	0	24	0	31	0	0	0	0	0	0	0	0	0	0	0	0	0	0	0	0	0	0	0	0	0	38	31	0	0	0	0	24	24	24	24	20	0	20	0	0	95	0	0	0	0	62	0	0	0	56	0	24	0	0	0	0	0	0	0	0	19	0	0	0	0	0	26	0	0	0	0	0	0	0	33	20	0	0	0	0	0	33	33	0	0	0	0	0	0	20	0	0	0	0	24	0	0	23	24	31	0	0	0	0	0	45	0	0	0	0	0	0	28	50	0	0	0	0	49	30	0	0	72	0	0	0	0	19	0	0	0	0	0	0	0	0	0	52	20	0	20	0	43	20	0	0	0	0	0	0	0	0	32	0	0	0	0	80	0	0	0	79	0	0	0	0	0	0	0	0	0	0	0	0	0	0	0	0	0	0	41	0	20	0	0	0	56	0	35	19	0	0	0	111	0	24	25	39	0	0	0	0	0	0	0	24	0	0	0	0	0	0	58	0	0	0	105	0	0	0	0	0	101	0	0	0	0	0	20	0	0	0	0	0	0	0	26	100	0	0	0	0	0	0	0	28	0	0	0	0	0	0	36	20	0	0	0	0	26	0	0	0	0	0	0	0	0	0	44	0	0	0	0	0	23	151	0	0	0	0	0	0	0	0	0	0	48	0	0	0	98	0	77	0	0	0	0	0	31	54	0	0	43	0	0	0	0	0	94	0	0	0	0	0	0	0	0	36	0	20	0	0	32	0	0	0	0	0	0	0	0	38	0	0	0	0	0	20	0	0	0	0	0	0	0	0	0	0	0	0	54	0	0	28	0	0	0	0	0	0	0	0	0	0	0	0	0	0	29	0	0	0	0	0	0	0	32	0	0	0	0	0	0	0	56	0	0	102	0	31	0	54	0	89	0	0	0	0	0	112	0	0	0	0	0	0	0	0	0	0	0	0	28	148	0	69	0	0	40	92	0	38	0	0	24	0	0	0	19	0	0	0	0	0	0	0	0	0	0	0	0	0	0	0	0	0	0	0	0	0	0	0	0	0	0	0	0	0	24	0	0	0	0	0	0	0	0	0	0	0	0	0	0	0	26	0	30	71	0	28	0	0	0	34	0	0	0	31	0	0	0	26	0	0	28	0	0	23	120	0	0	0	0	0	0	0	0	0	0	0	19	77	30	0	0	0	0	83	0	39	0	0	69	38	0	0	0	0	0	0	0	0	0	0	0	0	0	0	0	24	0	0	0	0	0	0	19	0	0	0	0	31	41	38	53	0	0	0	0	19	0	0	0	0	28	0	0	47	0	23	0	47	0	0	0	54	46	19	0	0	0	0	0	41	26	42	0	0	23	20	0	0	0	0	0	0	0	0	76	0	0	20	39	0	0	0	0	0	0	0	0	0	46	38	0	0	44	0	0	0	0	60	0	0	0	0	0	0	0	0	0	0	0	70	20	0	0	0	0	24	0	0	26	0	0	0	0	48	54	0	0	30	0	0	0	0	28	20	0	0	32	0	0	37	0	0	23	0	0	0	0	0	0	26	24	19	0	0	26	20	0	0	0	0	0	0	0	0	0	29	0	0	0	58	0	0	0	0	0	0	0	0	0	0	0	0	0	0	0	0	70	0	0	0	0	0	0	0	0	0	0	0	19	0	0	19	0	0	0	0	0	0	0	0	0	0	71	56	19	20	0	0	0	43	0	23	0	60	23	0	0	53	93	20	0	0	0	0	52	0	0	0	0	0	0	0	0	0	0	0	0	0	23	19	0	19	0	0	28	0	0	0	66	24	28	0	63	0	0	0	0	0	0	0	0	0	0	0	0	0	0	0	0	0	0	0	0	0	0	0	47	0	0	0	0	0	0	0	0	0	0	44	19	0	0	0	0	0	0	0	0	0	31	46	0	0	0	0	23	0	0	0	0	0	29	40	23	0	0	0	0	267	71	20	26	26	0	0	19	0	0	44	23	0	0	0	0	0	19	25	0	0	0	0	0	0	0	0	24	0	0	0	0	0	0	0	113	32	83	0	60	0	20	0	19	0	19	0	0	20	0	0	0	0
39	1	8	8	6	8	0	11	0	23	0	0	11	10	0	6	0	0	0	0	8	13	0	0	10	5	0	31	0	0	11	20	0	10	35	0	18	0	8	0	19	33	10	11	0	16	15	6	0	11	0	5	6	5	10	23	8	8	25	15	79	86	0	0	0	0	6	6	0	6	11	0	8	0	0	0	15	0	27	0	12	14	0	19	16	0	11	38	8	0	0	27	0	26	0	9	0	22	41	52	9	10	26	0	70	31	0	19	23	18	0	0	0	10	0	0	0	0	0	11	28	0	200	0	27	73	15	0	0	0	0	0	0	0	104	10	0	54	33	0	22	0	48	35	20	0	6	0	14	5	0	0	0	9	21	5	45	31	6	0	10	6	0	15	21	33	0	0	6	6	0	118	9	0	0	6	5	9	27	27	39	0	0	0	243	0	0	21	0	0	8	19	0	8	79	102	0	25	0	0	15	0	8	0	11	18	0	0	10	47	0	8	66	20	0	5	0	0	0	35	19	16	9	0	0	0	10	10	18	13	22	10	0	42	0	31	47	39	0	0	11	0	12	0	0	0	13	15	0	10	0	0	20	15	101	12	0	8	44	12	22	0	16	34	22	16	17	19	0	0	9	0	0	0	0	0	24	10	17	6	13	0	0	19	6	46	36	22	6	0	32	10	0	143	82	31	24	11	0	38	0	0	0	5	0	0	45	23	0	31	0	0	0	117	6	95	8	0	5	16	0	0	19	0	54	65	0	0	40	57	0	0	0	19	10	6	0	64	15	34	0	0	25	5	0	5	57	0	9	12	15	0	5	5	0	16	0	0	0	0	33	0	33	0	27	91	0	65	20	25	0	12	13	6	0	0	0	0	8	0	12	0	9	95	25	8	0	0	0	34	9	0	19	0	0	0	16	28	0	35	8	9	6	0	0	354	55	0	0	28	0	0	0	0	23	17	15	18	25	13	0	10	15	5	0	0	6	0	10	0	6	10	0	0	31	0	15	86	43	0	0	30	0	0	0	8	6	24	0	16	13	0	10	0	0	0	5	0	19	43	16	29	35	25	13	39	8	15	10	0	0	0	0	0	8	0	0	10	28	21	0	0	53	6	9	72	44	5	0	25	13	0	16	6	0	11	8	5	0	0	0	5	0	24	0	10	0	16	0	0	75	20	8	15	5	17	14	0	16	0	20	76	12	13	0	34	0	0	0	22	0	0	0	0	43	6	0	0	9	22	22	0	0	9	0	0	37	0	5	0	53	22	5	0	27	44	0	0	0	0	23	0	0	0	0	5	5	0	0	9	0	13	0	17	0	35	0	0	15	0	6	0	5	22	0	16	0	0	8	0	0	13	0	0	22	0	0	0	0	0	0	0	22	0	0	15	0	10	37	0	0	15	0	0	0	61	16	0	0	0	18	0	0	10	0	0	0	0	0	0	0	21	0	0	8	0	0	0	27	8	0	0	0	52	0	0	0	0	65	5	10	0	11	15	37	0	0	0	5	0	0	8	14	18	26	28	24	20	5	0	8	13	0	6	0	0	0	0	6	0	12	69	0	0	28	0	0	8	0	8	43	83	0	0	0	0	0	0	29	16	0	0	0	0	39	6	5	21	0	28	6	10	9	34	8	0	42	0	9	16	0	5	5	0	0	43	0	8	56	25	25	11	0	0	0	16	20	25	11	5	0	0	0	11	26	55	8	6	14	51	0	12	6	0	28	0	51	13	0	5	38	16	25	33	15	19	0	0	0	0	0	6	40	0	0	0	41	0	0	52	0	13	0	20	9	0	0	0	0	10	16	5	16	16	0	0	8	14	0	15	6	10	5	34	0	0	37	23	0	25	11	10	0	26	0	20	26	0	12	28	25	0	27	5	6	0	24	0	0	0	0	0	0	192	30	19	22	56	16	0	10	0	23	0	24	29	11	0	28	75	43	41	0	70	50	21	10	0	0	15	0	0	10	0	0	0	0	33	26	0	6	0	11	0	14	0	32	0	0	35	81	11	6	13	0	10	5	10	16	0	0	8	19	0	61	5	0	13	0	0	58	24	0	10	16	0	26	127	0	0	21	10	0	10	0	0	0	16	88	0	33	6	0	0	0	0	18	0	24	0	0	12	0	0	0	6	5	0	0	6	0	13	29	32	5	0	0	0	113	83	17	22	5	0	0	0	24	0	76	5	13	0	0	13	0	0	55	31	0	40	18	16	0	55	0	5	0	6	0	15	11	0	16	31	6	11	9	20	6	0	8	15	6	11	18	5	0	15	13	30	0
40	1	70	6	19	0	0	0	0	4	29	0	0	4	0	13	0	0	0	0	21	19	0	0	6	6	18	9	6	27	58	21	4	0	40	10	0	13	95	4	0	0	0	0	89	0	12	8	0	16	0	0	0	0	14	4	8	0	0	26	0	83	4	48	0	0	13	10	4	0	8	0	6	0	13	4	23	23	0	0	15	9	22	4	29	12	16	0	0	17	0	16	0	0	0	17	0	23	49	34	32	0	0	12	23	23	0	0	61	33	12	0	12	6	0	16	0	4	6	14	6	12	0	0	25	15	0	4	0	0	0	0	0	4	57	10	0	20	0	12	12	4	12	0	18	6	9	20	82	0	0	0	66	20	0	6	6	30	10	0	0	0	0	0	6	16	0	9	0	0	0	52	16	0	0	0	0	14	6	0	41	10	0	9	0	6	10	4	0	21	0	0	8	0	44	30	12	0	0	0	26	0	15	30	4	0	0	29	54	38	4	14	4	6	4	4	4	9	0	127	37	0	10	0	6	0	14	0	21	4	0	14	4	9	23	6	74	38	0	0	15	0	6	0	9	15	13	10	8	23	8	0	21	0	102	0	6	0	77	12	33	0	6	9	30	22	20	0	0	0	0	17	0	15	0	0	9	0	0	0	14	0	34	65	0	59	14	4	4	26	63	0	0	6	30	0	12	0	4	21	4	6	0	45	6	21	19	68	0	65	0	0	0	42	4	24	4	0	0	12	0	0	0	0	8	60	16	0	17	13	0	0	9	0	32	0	0	0	0	16	17	6	14	4	0	12	9	0	8	6	0	0	0	0	0	15	4	0	0	0	20	0	23	12	18	112	8	0	13	54	23	41	39	36	0	0	0	29	41	128	31	0	10	13	17	38	0	4	0	15	0	4	10	0	31	28	18	31	0	43	163	0	6	0	6	101	26	0	4	42	9	0	0	6	43	26	62	6	30	0	4	0	0	12	0	6	0	0	23	29	4	0	40	4	36	0	16	32	0	0	0	4	0	0	4	19	0	18	30	17	0	0	0	14	32	0	8	0	0	0	30	6	4	74	0	8	0	6	0	37	0	4	4	4	27	84	4	12	19	31	26	0	4	0	64	64	60	4	4	4	22	0	18	12	0	4	4	0	0	4	0	21	4	0	0	12	0	8	14	4	59	0	0	0	0	0	21	17	39	4	10	40	0	0	6	0	0	23	0	0	16	0	0	25	30	9	4	6	4	6	4	0	4	4	4	0	9	0	0	0	60	4	6	0	15	0	6	13	0	18	0	12	9	4	0	0	9	0	0	21	0	0	0	12	0	25	4	6	41	8	27	4	6	17	0	78	0	0	76	4	0	57	0	0	6	10	0	6	86	4	0	4	0	0	0	0	4	27	28	0	0	39	8	0	0	20	33	0	0	4	6	54	0	32	8	0	12	0	4	8	4	17	0	0	6	0	26	0	20	0	9	0	6	128	58	0	0	42	67	48	38	6	0	44	52	10	10	0	6	0	0	44	0	60	0	0	12	124	20	0	6	18	8	0	0	0	0	18	17	0	8	34	0	0	12	0	12	14	0	0	15	9	0	0	0	47	77	0	0	6	26	26	0	0	0	12	4	58	0	17	15	18	19	0	0	14	0	0	23	0	64	22	74	0	0	0	0	0	36	52	6	4	0	0	10	4	10	41	9	8	12	0	0	4	0	83	16	0	35	64	0	47	0	18	58	0	17	4	6	20	4	6	9	0	0	0	0	0	19	4	0	6	14	14	12	0	14	0	0	39	0	10	0	116	4	0	0	0	0	18	30	29	63	0	0	14	19	18	6	33	0	4	6	31	14	0	27	12	0	85	0	32	12	54	16	71	55	10	0	49	25	145	73	0	4	0	8	0	0	0	19	0	0	202	215	113	30	66	14	4	26	0	18	0	12	26	0	6	211	69	133	63	0	12	57	0	0	16	0	0	0	16	0	6	0	0	0	4	16	0	0	16	17	0	0	15	45	0	0	10	12	4	16	44	0	8	0	0	16	0	4	4	10	0	25	0	0	8	0	0	0	6	9	81	17	0	0	41	0	8	23	13	0	0	0	0	4	0	86	9	0	0	4	4	6	0	0	0	15	0	0	0	0	0	4	12	12	6	4	10	0	34	23	86	0	0	0	14	55	50	14	44	0	0	0	6	19	4	19	12	0	18	0	9	0	14	9	0	0	15	6	0	0	6	6	0	4	25	0	19	0	8	0	65	0	18	13	79	21	0	53	14	4	17	0	0	0	46	14	8	4
41	1	4	19	0	0	0	32	0	0	38	0	14	4	0	10	0	0	1	2	9	1	0	2	5	2	0	16	5	0	12	7	9	4	30	12	1	1	14	22	32	7	25	0	9	1	22	12	1	0	0	14	0	9	57	1	12	40	20	38	7	42	30	9	2	1	0	2	5	12	19	14	0	7	1	1	16	19	0	2	0	10	1	12	1	14	0	10	9	0	35	2	1	9	5	5	1	33	4	43	0	14	0	0	35	4	9	4	25	4	1	4	2	10	0	0	0	2	10	7	7	22	2	0	7	46	32	10	1	4	4	1	0	0	168	23	2	14	10	2	0	7	53	19	10	0	5	0	91	5	0	14	14	12	22	2	50	53	10	0	2	5	5	22	12	27	1	9	2	1	1	78	27	0	0	0	0	20	12	12	10	2	23	1	23	7	25	12	0	0	0	1	1	2	23	43	0	7	0	2	14	2	20	36	19	84	4	12	22	23	36	4	38	29	2	7	17	0	0	64	2	27	5	2	10	25	12	22	2	19	4	0	4	9	23	2	72	10	14	2	19	2	4	2	1	2	5	4	12	14	5	2	1	5	246	0	2	5	65	10	14	0	48	2	4	19	43	80	5	9	0	0	20	12	2	0	2	9	75	0	25	0	2	30	22	38	97	0	10	4	27	1	9	12	12	2	14	0	0	23	2	10	2	0	5	14	46	9	0	75	0	0	12	88	9	38	4	0	2	35	4	7	7	16	9	57	27	5	1	25	10	0	0	4	9	0	2	19	9	5	12	1	20	2	32	4	5	12	27	14	1	0	7	4	25	30	9	30	0	40	25	5	25	10	23	22	5	22	20	16	0	32	59	42	0	0	9	20	4	0	17	0	5	22	14	10	5	9	7	7	5	12	20	0	0	14	36	27	0	76	0	16	23	0	1	108	5	22	4	4	1	0	29	9	62	36	5	5	7	5	1	2	7	10	2	1	0	2	50	36	32	7	22	2	54	4	5	5	0	0	25	5	10	0	5	4	2	14	1	12	1	0	14	0	9	5	5	0	14	1	91	9	0	33	0	17	10	1	9	5	0	0	2	9	10	14	4	10	1	20	2	7	1	2	38	7	7	9	9	14	33	12	7	4	2	25	1	0	55	50	4	9	20	29	4	0	35	40	12	16	264	7	33	0	2	2	38	2	14	4	29	14	9	7	0	5	0	5	4	0	1	0	7	5	32	4	5	0	12	30	7	1	9	1	1	9	50	9	2	10	5	7	1	0	5	2	4	2	1	7	35	4	22	20	0	7	33	1	2	0	7	0	5	4	1	30	7	1	19	7	16	2	5	5	2	22	2	4	2	2	1	85	2	25	17	9	0	2	122	33	1	2	10	5	2	2	4	7	19	2	2	59	0	0	0	25	19	0	0	5	12	7	4	7	0	2	0	5	4	2	9	1	2	16	35	5	4	2	25	0	1	1	12	59	7	2	2	36	14	25	17	30	0	16	23	32	27	0	0	0	0	61	0	17	42	4	17	12	10	2	1	7	4	7	1	4	0	2	7	0	23	27	0	5	23	9	1	2	4	2	27	0	7	12	5	9	7	0	30	2	2	1	0	4	2	1	16	38	1	85	9	9	0	61	1	4	4	20	5	1	1	50	5	12	5	14	2	22	73	5	25	5	0	16	2	4	2	7	40	72	20	1	0	30	38	16	0	1	10	25	0	27	0	5	25	10	17	40	0	14	5	10	7	22	9	9	0	0	29	0	5	12	12	2	9	2	54	2	14	93	0	2	12	72	5	0	19	2	0	1	202	4	2	1	0	9	40	1	1	48	4	35	59	30	0	0	45	20	2	5	7	2	0	51	1	27	36	2	4	19	17	2	23	2	2	5	1	1	5	0	4	23	5	143	51	35	68	36	9	1	5	30	101	5	22	25	2	19	57	83	264	59	0	1	16	7	5	0	0	0	0	0	5	0	0	1	20	35	48	1	10	1	2	0	4	7	20	5	7	32	46	0	2	45	0	2	7	2	2	0	0	14	17	4	25	0	0	9	14	2	14	9	2	7	2	12	30	112	2	1	62	0	7	5	2	7	9	70	157	10	0	2	0	1	0	0	0	5	91	23	22	20	0	50	7	10	2	0	2	54	12	7	33	32	25	0	5	17	103	50	4	96	27	17	2	12	32	14	30	5	7	5	14	2	5	5	1	9	0	17	17	7	0	14	5	20	0	0	7	14	17	2	1	111	22	9	0	46	14	7	17	65	30	35	0	36	2	9	2	27	0
42	1	10	19	3	7	0	107	3	1	2	10	19	2	1	17	1	2	1	1	25	1	12	13	9	22	1	16	2	1	17	1	5	1	4	12	12	19	11	18	10	1	3	11	1	2	14	4	3	1	7	8	5	7	50	21	19	67	12	2	89	4	9	12	15	1	12	4	4	14	47	4	12	1	2	2	3	1	29	1	15	4	6	8	20	42	29	42	5	25	3	15	1	5	10	29	1	31	36	6	50	0	11	8	2	2	5	12	53	5	40	12	27	2	1	13	3	3	17	10	1	4	1	1	6	16	1	69	15	20	20	21	15	5	8	20	2	6	1	31	2	2	47	14	0	12	32	10	23	1	4	1	5	17	4	2	73	38	13	3	3	3	1	25	17	1	0	12	2	2	4	21	53	8	0	2	3	48	2	2	5	22	8	3	82	12	3	48	8	10	0	6	1	1	105	2	17	2	12	5	6	40	58	9	23	58	86	1	28	0	49	1	20	99	0	1	5	16	0	9	3	18	1	1	1	1	28	10	18	29	10	55	23	91	6	11	12	1	4	56	15	11	0	0	12	6	20	19	5	10	5	12	9	2	270	1	1	14	1	1	1	20	2	34	38	6	6	12	6	4	12	29	1	3	0	0	41	5	13	4	35	6	0	2	13	1	8	8	1	1	3	0	0	10	29	1	7	0	18	37	1	20	1	4	22	0	39	10	6	57	2	22	6	10	17	12	1	0	0	94	6	1	1	1	4	20	0	1	2	1	1	20	2	1	2	1	2	1	4	82	40	12	34	0	11	10	9	0	2	21	21	8	1	4	11	20	19	10	37	6	3	1	15	2	78	1	22	41	16	55	2	29	24	85	0	0	3	12	1	0	1	2	6	22	69	1	2	54	52	13	13	3	6	1	1	34	25	3	0	140	5	1	7	10	0	60	38	3	3	27	9	1	6	32	1	1	0	2	1	7	0	11	6	2	1	2	1	6	26	29	50	1	69	1	10	6	33	3	0	27	0	6	11	1	8	1	0	24	0	20	7	3	1	3	10	3	20	0	3	0	6	1	1	22	7	9	12	1	4	1	9	1	3	1	12	6	3	45	2	12	0	10	11	22	3	29	15	2	4	5	52	2	3	27	9	19	2	0	15	20	15	17	15	14	9	0	80	2	2	4	241	2	22	17	6	7	12	17	22	29	21	3	3	1	4	1	2	34	1	0	8	1	2	18	64	29	3	1	33	71	55	2	14	1	38	13	1	4	3	18	3	1	10	0	15	10	15	5	1	1	15	38	15	13	0	0	13	0	12	92	1	7	1	1	5	6	27	11	19	5	4	3	11	1	7	15	2	23	0	8	1	4	3	6	1	40	2	1	19	8	3	1	2	2	41	1	1	7	16	23	1	1	10	8	4	27	1	1	1	10	6	10	0	10	1	19	5	1	19	20	8	2	2	0	11	1	89	5	9	1	3	1	3	8	2	0	3	7	2	10	100	11	10	57	1	20	4	1	6	0	2	213	1	20	1	4	7	0	47	3	6	102	4	9	1	3	1	53	16	0	41	27	2	15	27	0	10	4	0	1	98	6	1	21	1	15	4	0	19	11	6	8	2	0	2	4	1	56	1	1	9	36	7	2	0	6	1	29	2	4	1	10	2	35	1	13	4	3	107	1	20	15	2	15	10	4	1	25	59	75	1	11	10	27	0	0	19	0	10	38	1	11	9	3	4	0	7	11	0	31	1	38	2	2	10	17	0	1	64	3	12	14	1	25	22	31	4	8	12	20	0	50	1	16	10	0	3	2	8	1	323	3	1	2	1	1	7	78	27	5	55	11	13	4	0	1	26	35	0	2	2	2	1	34	2	5	27	4	3	20	7	19	50	1	4	8	17	3	18	1	24	2	0	18	35	6	19	38	4	3	0	2	29	11	13	12	2	29	40	64	267	18	0	25	1	12	6	0	0	15	0	0	6	0	0	2	0	2	50	2	14	5	21	2	6	4	8	7	19	1	1	6	3	24	0	15	1	12	14	0	4	1	36	32	61	2	0	18	0	14	1	8	33	6	17	7	14	4	9	3	8	3	0	24	1	8	3	1	1	26	33	16	22	1	3	5	12	27	1	0	0	0	9	15	0	1	31	4	0	32	0	4	3	1	8	0	9	16	1	8	1	3	1	17	12	17	1	6	55	60	3	1	3	8	1	10	5	14	18	23	33	1	6	27	3	11	2	12	0	0	5	19	11	10	56	13	4	20	14	23	5	13	5	1	1	0	18	13	3	25	4
43	1	13	10	0	0	169	10	0	0	0	0	0	0	0	0	0	17	0	19	0	42	10	0	0	0	0	13	0	0	0	0	0	0	0	13	41	0	0	0	0	0	54	0	0	0	0	0	0	0	0	0	0	0	19	10	0	10	10	0	0	80	0	50	0	0	0	0	0	10	24	0	0	23	0	0	0	37	0	0	10	55	0	39	70	10	13	13	0	34	0	0	0	17	0	21	0	31	56	32	10	0	28	0	0	0	0	0	54	0	18	0	0	0	0	10	10	0	58	0	0	13	28	13	0	18	33	0	0	0	0	0	0	0	0	0	0	21	0	10	0	0	0	0	0	10	10	21	0	0	0	0	35	0	0	0	0	22	0	0	0	10	0	0	0	0	27	0	0	10	10	0	18	0	0	42	0	0	0	73	21	0	10	0	13	0	0	10	0	0	0	34	0	0	49	116	15	17	10	37	0	0	10	274	17	0	0	0	0	0	0	0	0	55	21	25	0	0	0	211	0	0	0	13	0	0	0	0	55	20	0	17	15	10	31	0	25	40	0	0	10	0	0	31	0	0	0	10	0	0	0	0	0	62	28	0	0	0	46	0	81	0	10	10	0	50	0	0	0	0	47	13	0	58	0	0	18	0	0	0	29	0	0	13	17	0	62	0	32	0	0	0	0	95	52	0	0	0	0	13	0	10	0	0	0	0	0	39	0	31	0	0	0	35	0	31	0	23	18	32	15	0	0	0	0	60	38	0	10	0	0	0	0	0	49	0	0	18	0	17	13	0	20	10	10	0	0	0	0	17	0	0	0	0	0	10	10	0	0	0	0	0	0	13	24	0	13	89	17	10	0	0	18	10	0	39	0	0	0	0	27	22	0	10	0	0	0	0	121	38	0	0	15	0	0	17	10	34	0	26	18	71	62	0	53	30	28	0	10	10	10	0	27	0	17	13	0	26	0	28	0	0	0	0	0	10	10	0	0	23	0	0	24	0	169	0	18	28	0	0	0	27	0	45	10	0	0	13	0	13	10	0	19	0	13	0	10	0	0	0	0	10	0	270	0	15	0	35	0	0	0	10	0	0	10	31	0	48	0	65	0	0	0	13	108	13	0	24	0	0	18	0	26	24	0	17	0	13	0	0	0	18	0	10	0	0	22	46	49	13	24	20	0	0	0	0	0	0	24	13	13	0	0	0	18	0	39	20	0	0	19	0	24	10	0	10	31	21	15	15	0	0	0	21	0	0	10	20	0	0	0	0	22	15	18	38	0	21	0	0	24	13	90	0	0	0	58	0	17	13	0	0	0	0	0	19	10	0	13	0	0	0	45	27	0	25	15	10	20	0	50	13	0	0	0	0	0	0	18	0	15	18	45	0	0	0	0	19	15	0	0	35	15	0	93	45	52	0	0	35	30	0	22	10	0	18	0	0	0	25	0	40	41	0	0	0	29	23	95	21	0	0	0	0	70	0	0	27	55	27	15	10	0	0	0	13	56	0	10	0	0	25	0	25	67	0	0	0	18	13	0	20	15	15	0	28	31	18	0	0	17	75	0	0	18	0	15	0	0	0	31	10	66	0	0	0	0	0	0	15	10	10	0	0	0	0	17	28	0	20	0	10	15	48	0	20	0	28	49	0	0	0	0	0	0	0	0	0	18	0	0	0	0	0	0	0	20	13	0	0	0	0	0	17	0	0	0	0	0	13	0	63	0	59	43	0	13	15	0	0	0	20	0	62	0	0	0	0	13	33	0	0	64	13	0	0	31	0	0	0	0	18	0	126	0	0	18	0	0	0	28	18	0	0	0	0	0	23	0	50	17	22	0	0	0	0	27	75	30	27	0	0	0	69	0	21	53	0	0	39	10	0	34	0	0	0	0	0	18	0	0	0	0	68	37	72	165	34	0	13	0	0	0	0	10	30	18	15	167	41	34	77	0	13	0	0	0	0	24	20	24	0	0	35	0	18	0	0	15	0	0	66	0	0	0	0	0	0	0	0	25	52	21	20	0	13	13	0	0	19	0	0	0	0	10	0	24	17	0	0	0	34	0	0	0	0	10	0	0	0	10	0	0	0	0	0	0	63	219	0	0	0	0	0	55	0	66	0	54	23	20	72	13	39	0	0	0	0	0	10	15	0	0	19	0	46	0	10	367	33	91	54	0	10	0	0	0	0	84	17	0	0	0	0	0	0	10	10	0	0	0	0	0	27	22	0	0	10	0	0	0	49	0	61	0	40	37	0	20	0	0	200	55	0	0	125	0	0	0	26	0
44	1	5	57	1	1	25	26	0	1	0	1	4	1	0	13	0	1	0	3	14	10	1	1	8	13	0	27	2	1	10	1	2	1	46	12	2	8	1	8	34	1	3	0	4	0	20	4	1	0	16	26	1	1	14	7	17	22	5	1	1	80	20	13	0	3	4	1	2	3	20	0	11	1	1	4	4	31	10	1	11	7	2	23	39	27	18	31	1	27	1	8	3	13	1	18	1	10	61	26	51	6	14	5	10	1	2	1	2	33	7	0	20	1	1	16	1	1	7	7	4	14	36	1	19	19	3	8	1	2	2	1	1	2	27	6	2	7	68	28	7	18	58	6	8	11	28	4	29	1	0	17	1	9	4	7	32	54	3	0	1	6	17	6	25	1	1	7	6	1	3	19	39	2	1	1	2	23	1	3	2	28	7	2	41	1	39	25	8	1	0	1	6	1	27	9	27	2	45	48	9	2	3	60	6	19	0	12	4	5	22	8	37	11	17	17	1	9	0	83	9	23	11	28	3	5	33	49	10	11	2	12	19	17	23	22	12	4	2	13	32	14	14	35	3	8	6	26	1	14	4	1	4	2	215	1	2	4	97	0	1	1	4	10	14	19	1	16	2	14	5	20	2	11	0	0	7	2	20	5	46	1	1	1	1	12	38	10	26	0	3	12	0	12	36	8	36	0	14	46	1	5	2	9	36	11	31	34	1	39	1	5	11	73	2	53	5	0	0	57	5	4	2	10	9	52	16	1	11	10	1	2	2	5	7	3	1	2	2	45	57	3	18	0	1	10	7	0	23	22	10	22	0	11	8	11	4	1	14	0	0	0	18	2	43	4	2	14	13	4	6	28	19	100	2	2	11	10	17	3	18	2	8	22	21	0	6	12	2	14	11	2	13	0	0	21	51	9	0	107	3	2	37	110	1	39	13	3	22	6	4	3	16	16	48	0	17	9	0	18	1	1	10	4	0	5	0	6	12	9	1	2	81	1	56	2	16	11	1	23	0	4	23	1	18	0	0	21	1	9	8	9	1	0	8	4	18	0	17	1	3	3	1	117	5	13	1	16	6	9	25	1	0	9	7	18	8	36	3	25	1	6	1	18	17	25	14	5	22	2	18	12	11	7	1	10	16	2	22	21	2	2	31	16	0	4	31	7	22	8	217	14	5	4	19	8	12	20	2	19	21	26	1	2	5	1	1	4	18	1	4	1	5	16	58	21	16	1	12	10	2	0	13	1	13	5	34	5	10	5	2	4	9	1	16	20	13	14	1	0	11	32	28	19	9	9	13	0	5	70	3	2	1	1	1	3	27	4	20	19	16	2	16	10	0	64	4	1	9	2	2	7	5	2	0	22	3	11	12	2	32	8	6	1	1	3	3	6	14	17	1	2	9	12	25	12	0	0	0	7	3	32	12	20	5	16	5	1	8	12	7	6	8	1	28	5	102	2	46	7	8	5	10	6	1	5	5	36	75	45	58	83	7	16	3	34	10	1	32	1	0	243	12	56	105	3	19	1	18	31	3	94	9	22	1	9	2	52	3	1	32	34	11	10	21	2	17	1	0	4	29	4	1	1	1	11	10	2	1	10	3	3	3	0	1	12	3	39	0	6	12	12	12	6	1	4	1	19	2	22	2	5	19	1	5	10	2	1	117	1	10	19	1	10	26	1	1	4	48	29	2	9	2	14	1	112	2	0	9	8	2	8	46	28	2	7	20	8	8	3	39	29	1	21	18	3	0	5	28	2	6	7	32	5	22	14	12	6	2	6	5	19	4	57	4	2	6	2	3	4	330	12	2	14	1	1	0	34	11	20	28	21	11	1	1	1	56	49	1	2	1	6	1	44	6	18	28	10	1	26	2	6	56	1	5	0	7	2	17	5	16	1	0	48	34	3	53	17	42	2	1	34	49	17	2	13	1	19	26	73	264	43	0	10	1	14	1	0	39	0	39	0	2	10	1	4	3	4	54	9	32	33	0	0	1	11	11	2	20	1	14	43	1	80	1	13	1	1	3	26	4	25	6	9	63	0	0	20	3	0	10	7	32	2	6	1	56	23	17	14	23	8	1	9	0	49	2	19	181	44	11	17	20	1	98	21	183	10	60	18	4	3	8	0	1	1	21	27	1	9	0	0	4	2	1	5	0	33	192	83	2	37	1	8	42	22	2	2	98	29	1	2	0	3	17	6	1	2	1	13	6	0	1	11	1	4	1	12	0	13	2	5	0	25	2	20	4	31	25	36	6	27	16	3	0	10	1	4	5	19	1
45	1	5	9	0	0	62	6	1	6	5	0	0	0	6	6	0	0	0	22	0	17	21	0	3	1	0	11	3	9	18	11	6	5	35	19	0	6	3	6	17	0	1	14	5	5	24	3	1	0	27	14	0	0	21	1	6	8	1	24	3	144	8	29	0	5	5	0	0	0	18	0	9	1	0	8	15	47	18	3	0	46	15	62	42	18	6	3	8	1	6	3	14	0	0	3	0	18	22	28	5	1	5	0	15	9	0	21	18	9	3	5	0	25	0	6	0	8	3	19	0	12	36	0	9	46	17	0	3	1	1	3	1	3	83	29	0	58	17	0	0	18	46	24	6	0	0	1	56	3	1	0	1	6	19	5	5	15	12	0	19	0	6	0	17	1	1	5	5	0	5	69	3	0	8	0	18	38	8	15	0	17	5	0	3	0	85	0	0	6	0	6	5	11	45	88	32	3	38	11	18	0	1	55	0	9	5	12	31	1	6	3	12	12	1	12	5	0	0	195	0	1	32	1	5	1	11	9	8	15	25	22	29	25	27	1	45	3	0	27	8	0	22	15	53	3	6	8	0	5	17	1	0	11	175	0	0	3	228	1	22	0	0	9	11	52	12	52	0	11	5	0	0	58	3	5	32	19	42	0	34	0	0	100	3	48	112	5	18	3	17	3	0	6	12	49	64	3	0	36	0	5	0	0	0	5	6	18	0	38	1	6	0	46	25	19	0	15	18	3	0	3	1	6	8	110	8	0	25	14	5	3	27	0	40	0	0	9	3	11	5	9	36	1	117	9	5	1	27	21	3	14	1	17	6	0	3	0	1	0	18	6	14	0	15	52	25	0	8	0	0	3	17	5	0	0	19	11	58	54	1	5	21	12	21	0	47	3	48	1	0	0	0	0	18	43	17	25	0	14	11	57	35	11	14	109	81	0	1	27	0	1	8	12	53	14	1	12	0	0	5	0	3	88	0	0	6	55	3	6	8	14	64	0	148	0	18	1	5	9	43	8	19	0	3	11	17	9	1	11	3	0	1	0	5	0	0	0	36	6	17	1	0	191	0	27	0	0	3	3	1	0	0	1	18	27	6	60	11	42	8	15	3	46	102	17	14	12	6	25	0	0	51	22	3	1	8	9	1	14	0	34	5	19	3	14	62	15	17	35	118	3	25	3	11	8	27	0	11	0	5	43	0	0	6	11	0	6	0	0	19	3	21	48	11	6	0	6	8	19	9	9	3	12	24	9	18	3	17	9	0	5	14	49	11	29	17	78	0	11	24	6	6	5	5	6	1	6	1	0	5	6	0	19	0	35	6	0	18	0	8	0	31	11	17	64	3	22	1	1	0	35	5	1	19	6	0	3	78	12	11	14	6	0	0	11	0	21	9	3	0	15	3	3	15	95	46	0	12	9	12	12	38	5	0	19	0	24	3	0	6	21	43	9	14	6	24	39	35	17	1	1	9	36	15	6	1	32	65	45	8	18	8	17	17	6	24	0	0	0	5	17	0	11	157	0	5	5	6	19	9	6	6	1	3	34	24	1	8	5	1	0	0	0	3	17	3	19	0	0	15	6	9	0	0	0	9	0	14	3	0	0	0	0	9	27	0	15	0	43	1	15	9	0	6	9	40	19	8	5	1	39	29	6	3	0	12	3	25	0	6	5	0	9	6	31	46	3	3	9	3	0	3	27	14	17	0	8	9	38	3	54	3	18	39	18	40	3	0	6	24	5	15	38	14	6	0	0	8	3	5	32	3	0	0	0	104	6	8	39	1	12	34	293	0	0	12	0	0	14	66	17	24	9	1	6	5	21	9	34	68	5	0	6	0	3	22	22	6	18	5	0	1	28	6	28	32	8	5	8	8	1	38	6	12	6	0	12	12	0	35	0	0	82	29	14	19	12	12	42	21	17	32	0	8	17	5	1	21	31	95	21	0	3	1	6	17	0	11	38	11	0	17	1	3	6	0	8	9	19	3	6	15	0	8	27	47	0	0	21	92	68	47	42	0	9	8	1	17	0	0	0	27	0	11	1	0	1	0	1	19	6	0	9	29	14	9	43	14	25	49	19	12	0	9	19	1	101	195	3	11	3	3	0	6	0	29	0	130	12	3	6	59	69	0	25	9	0	9	31	14	35	21	1	12	5	35	58	385	149	59	57	17	0	0	1	34	0	139	8	0	0	3	3	0	0	3	12	3	22	3	0	0	12	1	0	0	1	24	1	0	6	1	54	5	25	21	9	18	1	24	11	29	3	31	36	12	19	12	18	0
46	1	0	0	0	18	57	37	0	18	15	0	0	0	0	18	0	0	0	0	0	0	0	48	0	35	0	0	18	0	0	0	18	53	95	0	0	0	0	18	44	0	30	0	0	264	34	18	0	0	0	30	26	24	0	0	0	18	95	18	18	51	0	0	67	0	39	0	0	0	0	0	22	0	0	0	0	63	0	26	0	53	0	145	0	0	0	0	18	0	0	22	0	0	0	0	0	28	0	0	30	50	41	0	0	0	15	0	0	24	0	0	0	0	0	0	0	0	0	0	0	0	24	0	112	37	0	34	0	0	0	0	0	0	45	0	0	0	18	0	0	0	0	0	0	0	0	0	28	0	0	0	30	0	0	0	30	22	18	0	0	22	15	0	0	0	0	15	0	0	0	26	0	0	132	0	0	0	0	0	0	15	0	24	0	0	0	0	15	22	66	47	18	0	0	0	0	15	42	0	0	55	38	0	0	15	0	0	0	0	45	0	0	0	0	0	15	0	0	77	0	0	0	0	0	0	0	0	0	22	18	0	35	0	0	0	0	63	0	0	0	0	0	0	0	0	0	0	0	0	18	0	0	0	151	0	0	0	78	0	0	0	0	0	47	0	439	18	0	0	0	0	0	51	0	0	18	0	103	0	0	0	124	0	0	78	0	0	0	0	98	18	22	0	0	0	0	18	0	0	0	48	0	0	18	24	22	0	0	0	0	0	0	63	22	0	0	0	0	0	15	0	0	0	15	24	15	0	0	32	0	0	0	18	22	0	0	0	0	0	0	0	0	0	0	15	0	0	0	15	22	0	0	0	0	0	18	0	0	0	0	0	0	0	18	0	28	38	0	0	0	0	0	0	0	0	0	77	0	0	24	0	0	267	18	0	0	15	0	0	0	18	24	0	28	0	38	0	0	24	24	0	0	0	0	70	0	0	0	0	0	0	0	30	51	0	0	18	0	0	0	0	0	26	0	0	37	22	0	50	0	0	0	0	87	0	0	0	0	0	0	0	0	0	15	0	0	0	0	24	0	0	0	0	15	0	45	0	0	0	0	44	0	172	67	0	0	0	0	24	49	0	0	0	15	0	0	0	0	22	0	0	18	0	0	18	0	0	0	0	73	18	0	49	0	0	0	15	0	0	22	0	0	0	0	26	18	0	28	259	124	0	32	0	0	18	0	42	0	22	0	0	34	15	0	0	0	0	0	0	0	0	0	26	0	0	0	117	0	18	18	0	0	0	0	0	0	0	24	0	0	0	0	22	0	0	0	67	0	0	41	0	0	0	0	0	18	0	0	15	0	0	0	24	0	41	18	0	0	0	81	0	24	30	0	0	0	18	22	0	0	0	0	24	0	0	0	0	0	0	76	0	0	0	18	0	0	0	63	0	0	0	15	0	0	0	0	0	0	0	0	0	0	93	15	15	0	0	0	0	0	0	0	0	0	0	0	0	34	28	0	0	0	0	0	0	0	18	0	0	38	0	38	32	0	0	0	0	0	0	0	58	0	0	89	0	0	0	32	0	18	0	0	0	15	0	38	35	0	0	0	0	0	0	0	15	30	0	0	0	28	0	0	0	0	0	0	0	0	0	0	0	0	0	0	0	0	0	0	15	0	32	0	0	0	24	18	18	18	32	0	0	0	34	0	0	0	0	0	0	0	0	0	0	112	68	24	0	24	26	0	0	0	15	0	32	24	0	0	0	0	0	0	0	0	0	0	0	0	0	18	0	0	0	0	99	0	0	18	18	26	0	0	0	0	0	26	0	0	0	0	60	0	85	0	0	0	0	0	28	42	0	0	0	0	0	54	0	0	0	0	0	15	55	0	0	77	0	0	15	24	0	0	34	0	0	18	0	24	0	0	0	26	0	127	0	0	0	0	0	128	18	0	41	0	0	0	24	0	0	0	28	164	26	0	0	0	18	0	15	177	0	0	24	15	0	0	0	0	0	0	0	0	0	0	0	0	0	32	0	0	0	76	0	0	0	0	0	0	15	0	0	0	44	0	0	0	0	0	0	0	0	15	0	0	0	0	0	0	0	0	30	0	38	0	0	0	26	0	0	57	15	0	15	0	0	0	270	145	0	37	0	105	0	28	0	176	0	0	0	0	30	0	0	30	0	0	0	0	15	0	0	18	67	0	0	0	0	226	87	28	26	0	0	0	0	0	0	68	0	0	0	18	0	0	0	18	0	0	0	0	0	0	136	0	18	0	37	0	0	0	0	0	18	0	99	35	34	0	50	0	15	26	0	0	89	0	15	18	30	15
47	1	0	68	0	6	43	0	0	0	27	0	12	0	0	15	0	0	0	3	19	79	0	0	11	0	0	17	0	19	8	8	0	18	73	11	0	23	42	22	0	3	3	0	43	19	9	0	9	0	3	0	3	0	11	12	12	3	0	50	19	29	9	12	0	0	14	3	0	0	17	0	29	0	0	0	0	40	0	0	9	0	6	54	41	21	11	6	0	19	0	8	0	0	0	12	0	9	59	30	23	0	3	15	6	0	6	0	29	0	15	0	15	0	13	3	3	0	11	6	23	25	55	16	106	18	30	6	0	0	0	0	0	3	21	14	0	19	47	14	3	24	69	62	0	8	17	15	36	0	8	0	0	11	11	9	8	36	6	0	3	17	52	11	34	6	0	9	3	0	0	17	19	3	0	9	45	17	0	0	0	9	0	11	0	9	0	11	3	27	0	17	12	0	25	38	68	0	23	0	3	0	6	44	3	6	0	32	0	20	0	0	6	0	0	0	0	0	0	65	29	0	97	0	3	0	17	40	6	6	21	13	11	23	0	6	23	46	36	8	23	0	19	8	3	11	20	16	35	15	17	26	6	0	104	0	11	6	120	9	0	0	3	6	6	43	3	14	3	35	6	17	20	17	0	0	20	0	3	0	20	0	0	63	3	92	8	0	114	0	61	53	0	17	13	50	0	0	19	14	0	42	24	17	6	23	52	19	0	14	0	0	0	86	11	0	0	0	0	30	8	0	0	41	9	25	32	0	0	0	17	15	3	0	0	0	0	3	11	24	11	0	11	0	3	6	26	0	67	80	0	0	0	0	0	14	15	0	16	0	0	0	11	13	48	0	11	14	24	9	9	0	9	17	0	0	0	15	41	0	0	14	27	167	14	43	17	8	0	14	0	3	3	0	0	34	6	12	0	32	21	3	0	6	0	15	22	0	3	22	3	0	0	28	96	17	40	0	0	40	0	3	34	6	0	0	0	0	42	37	6	3	29	0	125	8	9	6	0	0	0	0	15	0	9	0	0	15	0	18	8	28	3	0	29	15	0	0	3	0	34	0	0	155	40	15	0	3	0	0	38	0	0	11	12	3	0	40	0	25	0	0	15	8	16	35	34	44	59	3	0	11	0	3	0	6	3	23	0	6	0	0	72	3	0	11	6	31	6	38	42	33	30	0	11	9	9	32	17	9	8	21	6	0	6	0	0	13	0	0	3	0	6	44	23	18	0	33	17	9	0	0	0	0	3	6	3	32	0	0	6	0	0	0	3	23	9	3	0	0	0	23	11	13	0	0	0	6	0	26	23	0	12	0	3	121	22	3	0	9	41	3	15	11	3	40	0	27	0	18	0	47	0	6	0	15	0	0	8	63	72	11	8	0	0	0	0	3	33	19	61	0	3	13	0	8	0	0	0	29	0	0	38	30	0	3	21	0	11	6	16	30	0	29	6	6	20	0	92	0	0	0	0	3	18	0	0	142	48	80	27	55	17	3	0	13	0	0	6	0	0	62	0	29	50	0	39	3	52	0	12	61	34	8	0	6	3	15	14	13	9	26	16	11	13	0	26	0	0	0	29	16	27	0	0	24	12	0	11	8	0	0	0	3	17	3	0	21	3	0	88	17	14	0	0	18	0	8	0	0	0	3	14	0	17	3	0	0	25	63	3	8	0	14	6	6	16	0	15	8	14	8	78	30	0	88	0	12	16	0	0	0	0	70	12	0	47	24	0	3	9	11	3	58	3	31	0	0	16	0	17	0	0	8	17	0	6	9	0	35	74	9	11	97	3	0	0	0	0	0	94	3	16	3	0	17	0	3	0	32	3	22	6	0	0	0	11	52	6	9	38	42	3	29	0	0	33	0	38	6	6	3	46	6	0	0	0	0	53	0	3	0	0	6	18	19	21	3	0	3	0	23	224	0	0	0	11	11	27	84	73	37	0	12	33	27	0	0	34	0	34	0	0	3	0	21	3	3	8	17	0	0	3	0	3	0	0	11	0	3	59	15	18	205	0	59	0	3	9	0	3	6	0	8	25	0	52	12	0	0	0	14	21	0	38	0	14	28	11	0	37	6	0	110	3	6	9	9	267	0	9	3	11	0	226	101	264	17	51	6	0	48	14	0	64	9	0	0	0	6	0	0	17	0	60	3	0	32	337	59	20	27	26	8	3	25	69	0	33	8	3	3	0	3	9	6	0	0	0	8	11	0	0	3	0	6	16	19	0	0	6	9	0	17	3	58	8	33	3	13	6	6	3	0	3	0	0	3	0	13	0
48	1	0	0	0	0	54	0	0	11	0	0	0	0	0	0	0	0	0	0	0	50	0	0	0	0	0	76	0	24	33	11	0	0	33	11	0	17	62	0	0	0	0	0	11	0	0	0	0	23	0	54	0	15	17	0	0	0	0	0	0	88	0	0	0	29	11	0	0	0	11	0	0	0	0	0	0	0	0	0	11	23	57	11	0	0	0	0	0	39	0	0	0	0	0	0	0	17	0	54	0	0	0	0	53	21	0	39	18	0	0	0	0	19	0	11	19	0	0	0	0	21	11	0	24	26	0	0	0	0	0	0	0	0	26	0	0	11	30	0	0	0	23	0	0	11	0	0	0	0	0	0	0	0	0	0	11	15	0	11	0	15	0	0	22	15	0	0	0	0	0	36	0	0	0	0	23	0	0	0	0	0	0	0	0	0	11	0	0	0	0	0	0	0	0	0	11	15	0	0	54	0	0	120	0	15	0	93	39	47	0	40	25	0	0	68	0	0	0	84	23	0	32	11	0	23	0	29	36	0	0	11	27	0	0	0	104	34	0	11	15	0	52	0	11	11	62	17	0	0	0	0	11	0	27	0	0	0	457	36	114	0	23	11	30	132	131	0	0	17	0	0	0	51	0	0	0	0	11	0	0	11	0	44	0	0	41	0	69	0	70	0	32	11	0	0	0	0	0	39	0	0	0	0	0	30	0	41	0	11	0	0	0	56	74	23	0	0	0	47	0	0	0	0	0	51	0	0	11	0	0	0	0	0	18	0	0	0	0	0	0	18	32	18	29	11	0	0	0	0	0	0	0	15	0	11	0	0	0	0	29	29	11	0	34	32	0	0	11	0	18	31	11	11	0	0	40	21	44	0	37	0	0	27	0	70	11	15	18	0	0	0	0	17	0	15	0	11	0	17	22	17	17	31	108	18	176	0	0	0	0	0	0	0	31	57	15	43	0	0	0	0	0	11	0	0	0	0	0	42	0	0	22	0	202	0	0	0	50	0	15	0	0	0	0	0	0	15	17	20	48	0	0	0	0	27	0	0	0	0	17	0	0	47	0	0	0	0	0	29	0	0	11	66	45	55	0	0	0	64	0	0	0	0	0	24	0	0	24	0	0	30	97	0	0	0	0	25	0	0	0	0	0	20	0	25	0	28	49	0	11	21	50	0	0	44	11	0	25	0	0	60	0	0	0	0	21	17	0	23	0	0	0	42	0	0	26	0	24	11	0	0	11	0	0	0	0	15	0	11	0	24	0	0	11	21	29	17	0	0	36	0	11	0	0	11	0	20	0	22	0	39	0	0	0	21	0	55	20	0	0	0	32	0	0	66	0	26	0	0	0	11	0	25	0	11	0	0	0	0	0	26	0	0	0	38	0	40	15	0	0	0	0	0	0	0	11	0	0	15	39	11	72	38	0	0	0	0	0	0	0	23	0	0	11	0	17	0	11	0	0	0	0	61	0	15	22	57	31	17	0	29	0	20	0	17	17	0	0	22	0	27	0	22	139	0	35	0	29	0	0	17	0	0	17	0	30	0	35	28	20	11	0	0	17	37	0	0	0	0	30	15	0	0	0	106	65	0	0	15	0	0	0	49	0	0	25	11	0	15	30	0	0	32	109	0	11	0	0	0	0	107	11	0	0	0	0	0	15	0	0	11	0	0	0	0	0	0	0	0	0	11	20	0	0	53	0	43	58	0	0	17	29	0	88	0	30	0	0	0	22	15	0	51	11	0	0	0	21	71	21	0	15	0	0	0	39	0	0	0	0	19	11	172	0	0	0	0	0	0	15	21	32	0	0	54	0	0	0	20	77	42	22	0	0	0	20	36	0	20	0	15	0	0	0	0	0	0	0	0	0	0	0	21	0	0	24	0	15	0	0	0	0	152	21	21	20	0	0	41	0	11	0	0	0	20	0	35	21	26	20	21	35	0	15	11	0	0	22	17	22	0	0	21	0	0	0	0	0	0	0	59	0	117	33	11	11	26	0	27	159	0	0	124	0	0	0	26	0	0	0	0	129	0	15	0	0	0	0	52	31	41	0	0	0	28	0	15	26	21	56	0	0	0	0	27	0	91	253	0	0	0	0	0	31	0	70	0	18	33	0	0	31	0	0	28	0	15	0	0	0	0	17	0	11	15	21	73	133	99	54	27	11	0	0	15	37	0	19	0	0	0	15	0	0	0	0	0	0	35	0	0	0	0	0	0	0	0	0	0	0	0	0	36	0	17	0	0	0	31	0	23	29	0	0	0	0	0	0	11	17
49	1	27	0	0	0	0	17	0	0	0	0	0	22	82	25	0	0	0	0	0	0	0	0	0	0	0	0	0	30	0	20	0	35	109	0	17	17	96	0	0	0	0	0	17	20	0	0	0	0	0	0	0	0	0	0	0	0	0	0	0	86	0	20	17	0	0	0	0	0	22	0	0	0	0	0	32	39	0	0	0	89	56	43	20	0	0	17	25	0	0	0	0	0	0	0	0	0	0	0	0	0	0	0	0	0	0	0	150	17	0	17	22	0	0	0	39	0	0	0	0	0	22	0	0	0	0	0	0	0	0	0	0	0	0	0	0	56	71	0	0	17	20	20	0	0	0	0	26	17	0	0	0	0	0	0	76	72	0	0	0	0	0	0	26	0	0	0	0	0	22	56	34	0	0	0	30	66	47	0	0	0	0	0	0	0	0	0	0	0	0	0	0	0	40	100	0	0	0	17	34	0	0	65	0	0	0	0	55	82	0	0	0	0	0	20	17	0	0	131	24	0	0	0	0	0	0	17	25	0	0	0	0	0	0	32	30	17	0	0	0	0	25	17	17	0	101	0	0	58	0	0	0	0	0	0	0	0	439	23	51	0	0	0	25	51	0	108	0	0	32	0	0	27	0	0	0	0	0	0	0	0	0	23	0	24	0	0	0	0	0	0	0	30	0	49	20	0	0	39	0	0	0	0	0	0	0	45	0	0	0	0	0	211	0	0	0	47	0	0	20	39	0	0	17	114	26	0	0	0	0	0	0	0	0	0	0	0	0	0	0	0	17	0	0	0	0	0	42	0	17	0	0	0	0	0	0	17	0	0	0	0	0	0	24	17	35	0	25	17	0	34	0	0	0	0	0	24	17	0	34	44	0	97	0	47	0	0	0	0	0	0	0	0	0	0	0	0	32	0	22	37	32	39	29	41	192	0	0	0	0	0	0	0	98	56	0	0	0	70	0	0	0	0	0	0	0	58	0	17	0	0	37	0	323	0	0	0	0	0	0	0	0	0	0	0	59	0	0	0	60	0	0	0	0	0	0	0	0	0	0	0	0	155	0	0	0	0	35	0	0	17	0	34	0	0	17	0	0	107	0	0	0	0	0	0	41	41	0	0	0	48	30	0	0	0	0	43	0	0	0	0	0	0	0	25	45	0	0	56	0	22	38	0	0	0	0	0	25	0	0	46	0	0	17	0	0	0	0	0	0	0	33	48	0	0	0	0	0	20	20	0	17	38	0	0	48	0	17	0	0	0	0	0	0	65	33	26	63	0	0	0	17	0	0	0	0	0	0	58	0	0	0	0	0	53	0	0	33	0	45	0	0	40	0	46	0	0	0	0	25	0	0	0	0	0	0	0	0	34	0	69	34	0	0	0	0	42	20	0	30	0	29	0	0	26	44	0	0	0	44	0	74	0	0	0	0	0	0	0	0	24	29	0	0	0	0	42	37	57	0	0	0	20	0	0	0	41	36	45	27	0	0	0	20	81	77	0	17	0	0	0	0	0	68	0	24	0	30	70	34	44	0	0	0	0	0	29	0	0	0	35	0	17	0	0	0	0	0	0	21	0	0	0	0	48	0	27	0	0	0	0	0	0	0	0	32	83	0	45	0	0	0	31	0	0	0	0	27	17	0	38	0	0	0	0	0	0	0	0	0	0	0	0	0	0	0	0	0	0	0	38	38	0	0	0	0	0	32	0	0	0	0	22	152	0	39	0	0	0	29	0	0	52	0	54	0	0	0	0	0	24	0	0	0	0	30	0	0	311	30	0	35	226	0	0	0	0	0	0	0	33	0	0	0	20	0	0	0	0	20	0	0	0	0	0	17	30	17	17	0	0	0	20	0	0	22	0	0	20	0	17	0	42	26	0	17	0	17	0	0	0	0	73	24	22	21	17	0	0	0	20	24	0	0	0	0	0	29	44	21	22	0	0	0	0	0	0	0	0	0	0	0	0	0	0	197	0	0	35	0	34	52	0	30	23	56	0	0	25	38	107	42	207	0	89	0	0	0	0	0	0	33	0	0	0	0	49	20	0	25	0	37	0	0	32	84	99	0	0	27	0	0	0	0	0	0	194	477	0	17	17	17	0	0	0	65	0	63	36	0	0	34	0	0	0	22	0	0	29	0	20	0	17	61	0	0	41	345	367	52	78	0	0	0	0	0	20	35	20	0	0	27	81	0	0	0	0	0	94	23	0	0	17	25	0	25	0	0	0	0	51	0	70	0	0	0	50	0	26	0	21	164	0	17	0	0	0	17	38	0
50	1	25	0	0	0	18	0	0	0	0	0	0	0	0	0	0	0	0	0	0	27	65	0	0	0	0	15	0	0	22	0	0	0	67	0	0	16	0	0	0	0	0	0	0	63	0	15	0	0	0	0	0	0	15	0	0	0	0	0	0	122	0	24	0	0	0	0	0	0	16	0	0	0	0	0	0	211	15	0	0	31	0	0	36	0	0	0	0	0	0	0	0	23	31	0	0	0	117	0	0	0	0	0	75	45	0	0	0	0	0	0	0	0	0	0	0	0	0	0	0	0	0	0	43	77	0	0	0	0	0	0	0	19	37	20	0	0	0	0	0	53	15	15	23	0	0	0	0	0	0	0	0	27	36	28	16	47	0	0	39	0	0	0	21	0	0	0	0	0	0	20	0	0	0	0	24	15	0	0	0	0	0	0	0	0	0	0	0	0	0	0	0	0	77	0	0	15	16	0	0	0	0	199	0	0	0	17	72	53	0	31	0	0	0	0	0	0	0	107	34	0	35	0	39	0	0	29	31	0	0	0	0	0	0	0	92	47	0	0	0	0	18	0	0	0	25	0	0	35	0	0	0	0	0	0	0	0	123	28	43	0	0	0	0	125	0	0	0	41	25	0	0	55	0	0	0	0	31	0	0	0	0	70	0	18	47	0	23	0	26	37	0	0	117	29	38	0	0	0	0	0	21	0	0	37	0	0	0	0	0	0	0	213	0	29	0	0	0	0	0	0	0	0	0	161	47	0	0	37	0	0	0	0	15	0	0	0	0	0	0	0	49	0	15	0	0	0	19	93	0	0	18	0	0	0	0	0	0	0	0	0	29	0	45	0	0	0	0	0	0	0	0	0	0	0	18	0	17	0	23	23	83	46	0	0	0	0	0	35	0	0	0	0	0	50	0	0	0	17	30	0	0	0	0	25	44	0	0	0	0	0	0	0	45	17	15	0	0	16	0	0	0	0	0	0	0	200	0	0	0	16	15	0	121	0	0	0	0	0	0	20	0	0	0	0	16	0	0	0	52	0	0	0	32	0	0	0	0	0	20	0	47	119	0	0	0	0	24	0	0	0	0	16	0	15	31	44	0	20	0	0	186	15	37	0	0	19	0	32	0	0	73	38	0	0	0	66	0	0	0	15	0	0	0	26	24	38	0	44	16	0	58	20	0	0	33	0	25	0	0	24	0	0	0	0	39	0	0	0	0	0	0	18	0	0	64	39	0	0	0	0	0	22	0	0	29	32	15	0	0	19	22	0	38	16	0	0	0	15	16	0	0	0	0	0	23	0	0	0	0	0	0	54	0	15	0	0	36	0	0	0	18	23	0	65	0	25	0	0	0	0	0	0	29	0	0	0	0	29	0	20	16	0	0	0	0	0	50	0	36	0	22	16	0	100	40	0	0	0	35	76	0	0	0	0	0	0	0	0	0	42	96	0	25	0	29	17	68	24	0	0	80	25	0	0	0	30	62	30	0	101	0	0	33	0	48	0	0	18	0	0	0	26	71	0	52	0	39	30	0	0	0	0	15	40	57	0	0	0	0	17	0	29	0	0	0	0	0	18	19	70	0	0	0	0	0	40	0	0	0	0	0	0	0	0	16	32	0	18	0	0	0	0	22	0	0	15	0	0	0	45	20	0	0	0	0	0	23	15	0	0	0	0	0	18	0	0	0	0	0	0	18	0	0	155	0	0	20	23	0	17	21	71	98	0	55	0	0	0	0	0	0	58	0	0	0	0	0	15	0	33	15	0	25	0	42	0	0	28	0	21	54	164	15	0	0	0	0	0	0	16	0	0	0	0	0	0	0	22	0	23	0	0	0	0	16	48	0	22	0	0	0	19	0	48	18	0	0	55	0	0	0	20	0	0	0	21	39	15	51	0	23	70	43	15	16	37	0	0	28	0	0	0	0	39	0	18	42	25	51	68	18	0	0	0	24	0	74	0	78	0	24	24	0	0	0	0	0	0	0	22	0	0	0	25	0	0	0	0	0	53	0	75	0	0	0	0	0	43	0	0	16	23	0	0	0	15	0	0	0	0	24	15	0	0	30	0	58	0	30	0	0	0	0	0	0	160	425	0	0	0	0	0	54	20	58	0	114	128	0	0	45	0	0	0	16	0	0	0	0	0	0	19	0	0	0	67	278	367	54	323	0	0	0	0	0	0	52	0	0	0	0	26	0	0	0	22	0	30	0	0	0	32	28	0	17	16	0	36	0	0	0	15	0	21	0	19	0	36	39	33	67	0	0	0	0	0	16	38	24
51	1	4	13	0	48	0	4	0	0	0	0	0	0	0	34	0	0	0	0	34	16	0	0	0	19	0	27	19	0	16	19	10	0	0	0	10	10	0	4	13	0	0	10	4	0	4	0	0	0	4	0	0	0	110	0	0	29	141	0	10	0	4	4	0	163	4	7	0	0	16	0	21	10	21	10	10	0	0	0	4	7	0	7	0	10	13	0	0	7	4	0	0	16	0	4	0	0	29	0	0	0	0	7	34	0	0	0	7	4	7	0	27	0	0	37	0	0	10	29	13	0	0	0	32	16	34	39	0	0	0	0	0	0	10	19	0	60	32	0	4	46	4	0	7	0	4	24	46	0	0	32	0	0	4	4	19	24	13	0	0	81	0	0	16	32	0	21	0	0	10	19	13	0	0	0	0	0	0	0	0	0	0	0	57	0	0	0	0	0	0	0	7	0	21	0	21	10	10	0	4	0	0	4	0	0	0	0	0	7	10	7	7	16	50	0	0	0	0	7	0	32	0	7	7	0	0	0	13	4	13	0	13	19	10	37	27	0	13	44	10	0	46	0	10	7	24	13	0	0	73	13	0	0	318	0	7	0	50	7	0	0	0	0	0	0	16	10	27	7	0	55	0	13	0	0	29	7	0	19	0	0	4	0	21	205	0	0	0	0	0	0	7	4	21	7	7	0	0	7	0	13	0	0	7	0	34	29	0	4	19	4	0	69	0	0	0	4	0	0	0	0	4	13	0	7	0	0	4	4	13	4	0	24	7	0	0	21	0	34	0	7	19	0	0	19	4	0	76	7	7	0	16	7	0	4	7	27	0	10	0	0	16	0	4	0	4	10	29	50	0	37	62	4	0	0	0	4	32	0	7	13	0	13	10	4	29	165	10	7	7	0	0	0	0	16	16	13	0	57	7	41	34	24	0	53	0	0	29	19	7	0	0	21	10	19	0	4	7	0	0	4	39	0	0	19	4	29	16	29	0	0	55	0	7	29	13	0	7	19	0	13	4	7	55	0	66	29	4	0	0	4	0	0	7	0	7	4	21	7	32	0	0	16	0	0	24	0	37	0	4	0	0	0	29	4	0	10	4	7	21	41	4	0	0	7	10	0	48	4	4	7	13	21	0	0	13	10	27	44	0	0	10	0	21	0	19	0	0	0	255	0	55	0	7	4	27	10	13	16	65	0	0	0	0	69	0	7	0	0	0	0	0	10	102	0	0	0	19	13	10	0	10	0	0	0	4	19	4	0	4	7	0	16	10	4	19	13	0	7	24	0	21	7	0	0	0	0	19	7	7	27	34	0	0	10	34	7	0	13	0	13	0	4	13	13	0	16	0	19	0	0	10	0	24	27	4	48	16	0	0	0	10	0	0	13	7	39	7	66	0	0	0	0	4	4	4	0	0	29	0	0	0	0	0	24	0	0	10	0	0	0	4	0	37	37	19	0	19	0	0	0	4	0	0	0	4	0	0	16	16	10	10	41	0	7	19	4	0	0	21	60	0	10	0	0	37	0	27	10	0	16	41	24	7	4	13	79	0	0	16	0	0	16	0	0	4	4	0	0	7	0	7	13	0	24	4	0	4	21	7	7	0	65	0	65	0	32	0	0	37	41	7	0	0	60	0	16	0	53	7	10	4	4	10	13	102	0	147	0	34	7	0	10	19	0	0	27	4	32	0	4	0	24	0	0	4	0	0	4	0	0	0	13	0	4	27	32	0	7	13	13	13	4	19	7	0	21	37	0	4	0	0	7	0	0	29	4	29	13	4	39	0	0	13	34	10	0	0	7	299	32	0	7	7	7	13	39	0	4	4	21	13	0	4	4	55	24	0	83	13	10	46	24	21	16	37	19	13	55	4	7	16	0	0	0	0	0	10	0	4	4	0	0	7	0	89	4	57	50	0	32	41	7	0	13	7	10	0	55	249	79	4	10	10	16	7	0	0	0	0	0	7	0	0	0	4	0	44	0	0	0	10	0	0	4	50	0	16	0	0	10	4	48	0	19	0	4	10	10	10	32	4	13	32	0	0	10	4	7	21	0	13	7	0	4	0	4	4	0	0	0	0	4	10	7	4	4	78	0	4	13	21	37	83	0	213	7	0	7	0	0	0	4	0	16	19	0	39	21	0	0	13	41	4	7	0	13	19	66	29	10	0	24	7	0	13	7	4	7	24	29	4	0	7	0	0	0	0	10	27	0	13	7	0	37	4	0	4	0	0	0	0	71	0	13	0	7	7	10	10	7	0	4	0	0	0	27	0	16	0
52	1	1	16	0	0	1	16	1	0	5	3	1	1	0	5	0	0	0	1	13	3	0	1	1	5	1	7	5	1	23	1	1	7	13	1	1	16	5	5	13	1	1	0	1	1	33	1	5	0	7	5	1	1	26	1	0	99	10	5	0	55	1	23	0	10	3	1	1	1	19	1	3	7	1	1	7	3	10	0	7	13	7	16	37	1	16	40	5	26	3	19	7	1	0	16	0	7	16	10	13	1	1	1	48	1	5	0	1	19	16	0	3	0	1	10	1	1	13	3	3	1	1	0	1	23	1	26	5	5	5	5	1	1	19	10	0	1	13	1	10	16	80	16	0	3	5	7	40	0	5	0	1	19	7	1	55	70	7	1	1	3	26	23	16	1	7	3	0	0	37	30	10	0	0	3	10	7	1	1	1	55	10	0	105	10	44	10	1	1	5	13	0	0	30	26	7	10	13	1	5	1	10	16	13	26	1	0	0	1	40	1	44	7	13	5	3	30	1	40	23	10	5	3	3	0	1	5	48	5	1	3	16	26	7	30	7	5	1	10	13	3	1	5	13	10	10	10	1	3	1	1	0	5	337	1	1	10	102	1	0	10	1	7	1	13	0	30	5	0	1	19	1	0	0	0	26	13	1	7	13	1	3	1	1	26	13	1	0	10	37	3	1	10	19	3	1	1	0	3	0	13	3	3	40	7	33	55	1	5	1	1	13	19	3	1	1	3	1	3	1	1	5	3	1	48	3	0	13	10	0	7	1	1	7	3	0	5	13	77	67	7	77	0	1	13	26	0	13	1	13	0	0	30	16	19	10	1	7	1	1	1	5	1	10	13	10	1	10	67	7	37	40	77	0	0	3	1	37	1	1	1	1	63	16	1	1	26	10	13	3	1	3	1	1	48	13	7	0	145	23	5	48	23	1	52	30	0	3	10	7	1	10	48	55	13	10	3	0	30	13	5	3	10	1	1	5	7	19	84	40	1	30	0	73	1	7	7	0	19	0	5	1	1	10	0	1	10	1	1	10	10	0	1	13	10	10	0	10	0	23	3	0	140	1	3	0	1	5	5	5	1	1	1	30	10	1	7	0	7	7	3	7	16	1	5	19	3	26	5	1	10	30	1	5	3	10	10	10	52	7	10	10	10	3	0	13	3	3	13	318	10	16	7	23	3	19	19	13	5	7	10	5	1	1	3	1	10	19	5	1	0	1	33	55	7	0	1	10	16	10	1	3	3	37	3	10	7	3	1	0	16	1	7	73	3	13	33	1	5	10	30	5	1	7	16	30	1	1	0	1	1	5	1	3	19	37	10	3	13	59	19	5	5	37	23	5	40	5	19	0	10	0	7	1	84	16	16	19	1	0	5	33	10	3	7	0	52	7	13	1	7	1	5	7	33	5	0	16	7	0	1	10	10	19	1	1	1	23	7	5	7	1	5	19	1	16	1	37	7	3	5	19	13	1	3	3	1	33	10	37	7	30	13	10	7	7	0	5	0	7	105	3	16	99	5	5	5	26	7	0	63	52	19	7	1	1	10	10	1	30	7	3	16	1	13	5	1	7	1	63	1	10	7	1	10	3	1	13	10	19	19	7	5	19	5	10	52	0	7	3	5	3	0	0	1	1	16	1	5	1	13	1	1	5	7	1	16	135	19	16	23	3	10	7	0	5	10	10	105	26	1	19	59	1	52	5	1	5	10	1	3	1	10	7	0	55	16	7	33	7	33	5	16	1	1	7	13	37	3	37	5	10	5	7	23	55	10	10	10	7	26	10	99	7	7	30	3	5	1	221	16	1	7	0	13	3	84	10	7	52	10	16	7	3	5	59	70	1	26	1	1	3	55	1	37	59	1	1	37	13	26	77	3	1	3	1	1	30	0	5	3	3	120	48	3	67	19	16	3	0	30	40	3	10	16	1	84	44	40	207	63	3	44	1	19	13	1	13	0	23	1	16	5	1	3	0	5	23	10	5	0	1	0	7	3	40	5	3	1	26	10	3	19	0	7	1	3	5	5	0	13	48	10	55	0	1	19	5	1	7	10	5	1	0	1	16	55	19	3	10	1	1	10	0	23	3	7	154	3	5	33	37	13	77	77	191	59	16	7	10	5	26	10	1	33	7	1	1	10	1	1	26	3	1	0	10	23	112	73	5	7	1	10	3	26	30	1	84	89	1	3	1	1	5	1	0	5	0	3	13	0	1	3	1	0	5	1	1	1	5	16	1	80	10	10	5	23	0	10	13	7	19	5	0	5	3	1	5	40	0
53	1	0	0	0	0	57	0	0	0	160	0	0	0	0	0	0	0	0	31	0	19	0	0	0	0	0	0	0	0	0	0	0	0	0	0	27	0	0	0	13	34	0	0	0	0	0	0	0	19	0	0	0	0	0	0	0	0	110	0	0	185	24	13	0	19	0	0	0	24	0	0	0	0	0	31	24	0	13	0	13	42	39	27	13	0	0	0	0	27	0	0	19	48	0	13	13	0	0	0	24	0	0	60	0	0	0	0	0	0	0	60	13	0	0	0	0	0	13	0	13	27	0	24	24	19	0	0	0	0	0	0	0	0	106	0	0	0	0	0	0	96	19	0	13	0	0	0	51	27	0	27	0	0	13	0	0	0	0	0	0	24	0	0	0	0	0	0	0	0	0	0	19	0	0	0	62	0	0	0	31	42	0	0	27	0	0	0	19	0	0	27	13	0	31	0	0	13	0	0	109	0	19	117	0	0	0	0	31	74	0	0	0	19	0	0	0	13	0	64	0	0	0	0	0	0	39	37	0	0	0	0	0	13	66	0	48	86	72	0	37	0	0	0	34	0	24	13	0	13	0	0	0	0	19	0	0	27	194	0	64	0	0	0	13	37	13	48	0	0	0	0	0	13	0	0	0	24	0	0	0	0	0	0	13	48	169	31	51	0	24	0	0	72	19	13	0	0	0	48	0	0	0	13	0	19	0	19	0	19	0	0	0	19	0	42	0	0	0	60	0	0	0	0	13	45	164	0	39	13	0	0	19	0	0	0	0	0	0	31	0	0	13	0	24	27	27	0	0	0	0	0	0	19	0	0	0	0	0	0	34	34	0	0	13	0	66	39	31	13	0	0	13	0	0	0	0	0	0	0	19	0	31	0	0	0	0	0	0	0	13	0	24	0	0	24	0	0	0	24	0	0	0	0	0	19	13	0	0	13	0	0	0	0	130	51	0	0	0	0	0	0	0	24	0	0	0	27	57	0	0	0	13	13	42	0	0	0	0	31	0	27	0	0	0	0	0	24	0	0	0	0	13	39	19	0	0	13	0	0	143	0	0	96	19	0	19	27	0	0	0	0	0	0	0	27	0	34	0	13	60	0	13	0	0	13	0	0	13	27	0	19	91	31	0	0	13	53	0	39	0	0	0	42	13	13	0	0	78	19	37	24	31	0	0	0	27	13	37	0	0	62	0	0	0	0	0	0	19	0	0	0	0	27	0	0	0	0	0	0	0	0	19	0	0	0	0	0	0	0	0	19	19	31	27	0	0	0	0	13	19	19	13	0	0	0	0	0	0	0	0	27	0	76	0	48	0	0	0	0	19	0	0	0	0	127	0	0	0	0	0	13	0	0	0	0	0	0	0	0	0	0	19	0	0	19	0	0	13	0	0	24	0	0	19	84	66	0	0	0	24	0	78	27	0	0	0	0	0	0	0	45	0	0	0	0	0	0	72	27	0	0	0	0	0	0	0	39	210	0	42	60	13	96	31	62	0	0	24	0	0	51	0	13	106	0	66	0	19	0	0	13	19	19	0	0	0	19	0	0	0	13	0	0	19	0	19	0	0	0	0	0	0	0	0	13	0	0	24	0	0	0	0	0	0	0	0	24	62	34	0	0	13	0	0	0	0	13	0	0	0	0	81	0	0	0	0	0	153	0	0	19	0	0	0	0	0	0	27	0	0	0	37	0	0	13	0	24	0	74	0	0	0	13	231	24	31	0	0	0	0	0	39	100	19	0	0	0	13	0	51	0	0	13	0	27	148	0	0	39	19	0	48	42	0	0	0	0	0	0	48	19	0	0	86	0	0	0	0	13	42	0	0	0	0	0	19	106	0	0	0	0	0	0	0	13	27	0	0	0	0	0	13	0	0	0	0	0	86	0	0	0	0	109	0	13	34	0	13	13	0	19	0	0	0	0	0	0	0	27	48	24	0	13	27	0	0	0	89	0	89	0	0	24	0	0	0	0	0	0	0	19	0	0	0	31	19	0	0	0	130	0	0	104	0	0	0	0	0	0	0	31	78	0	0	0	0	24	0	13	0	0	0	19	0	0	0	34	19	19	24	0	0	0	0	0	0	34	246	0	0	0	0	0	106	86	153	0	60	0	0	0	0	0	0	0	0	19	0	0	0	0	31	0	19	0	0	13	425	106	39	19	0	0	0	0	0	0	19	0	0	0	0	0	24	0	19	0	0	0	0	0	0	51	0	37	24	0	0	66	64	0	0	27	0	24	0	84	0	0	39	0	27	0	0	0	0	24	24	0	13
54	1	9	3	2	0	10	6	2	0	11	7	7	2	2	9	1	4	0	8	23	15	1	0	0	2	3	12	1	12	20	8	3	53	66	0	2	3	27	1	22	1	1	5	41	10	1	0	0	1	17	3	0	4	12	2	5	0	3	25	0	69	0	15	3	4	0	0	5	0	10	8	23	3	7	7	9	45	11	8	4	23	14	27	55	10	10	19	5	5	3	28	21	3	9	4	3	21	36	64	8	5	2	0	33	8	2	16	19	27	4	0	2	7	5	3	20	2	12	23	18	12	25	5	106	100	10	0	0	0	0	0	0	12	57	2	15	10	63	2	5	14	37	17	30	2	1	3	49	7	0	0	0	8	13	4	22	10	2	0	9	21	16	0	25	14	0	0	2	1	6	96	24	5	4	8	34	20	7	1	4	8	0	4	0	0	3	0	0	5	4	8	17	0	38	54	27	0	25	1	19	0	1	76	2	15	0	27	61	63	4	14	19	24	5	1	1	3	4	69	12	11	14	9	7	33	0	23	19	0	0	3	2	5	13	0	38	40	13	15	33	4	44	6	5	6	23	9	1	9	5	0	0	4	12	2	1	6	109	9	18	0	6	0	16	31	24	39	5	28	1	7	3	13	3	0	2	18	11	6	5	5	0	64	3	129	36	5	29	6	36	16	9	25	97	24	7	9	3	21	5	12	6	11	17	15	1	31	3	24	2	0	4	255	21	32	4	8	0	8	1	8	0	0	3	85	33	6	22	22	1	4	13	6	28	8	3	11	4	0	4	13	25	7	4	18	11	2	36	24	2	2	5	18	3	1	8	0	1	0	27	21	14	6	40	22	14	5	20	3	6	32	21	21	3	5	15	26	51	18	39	8	13	153	0	30	14	8	2	13	0	3	0	8	16	64	10	17	5	10	41	13	10	21	9	139	38	0	0	5	3	3	4	16	100	58	32	18	0	48	1	3	1	19	0	4	1	6	31	19	0	12	3	4	88	1	6	5	2	18	0	11	0	0	0	14	10	16	1	1	9	2	10	2	37	3	1	1	8	2	14	7	1	75	33	43	6	6	18	12	2	3	4	5	14	40	21	17	6	41	13	2	8	2	2	9	15	20	8	24	8	9	67	0	0	0	5	16	0	0	0	5	0	11	2	11	3	42	17	60	16	31	27	1	12	15	18	9	25	0	3	27	0	0	8	12	2	10	8	10	4	4	0	42	7	1	15	5	2	2	6	5	0	7	0	0	60	58	0	0	0	3	11	1	42	96	11	0	0	0	5	6	3	4	0	8	28	3	5	1	2	9	0	0	5	88	29	5	66	6	56	0	2	26	12	42	15	5	3	1	7	36	11	1	17	0	6	2	2	12	12	16	29	5	0	6	2	15	21	10	4	28	6	0	0	27	28	0	1	1	13	18	30	40	2	0	10	0	3	1	10	17	0	1	10	1	5	1	60	36	15	7	15	30	17	12	11	24	129	90	69	131	12	31	18	10	25	5	4	0	4	10	5	17	79	12	37	15	29	6	3	32	17	0	8	7	0	4	2	5	14	64	1	2	9	9	7	33	7	5	11	22	12	3	2	23	4	4	14	8	4	4	4	2	0	28	33	25	4	34	20	6	5	11	12	24	0	1	13	1	2	41	22	0	0	7	2	9	55	12	3	1	1	0	1	36	34	10	0	2	9	3	19	5	8	113	12	25	28	29	6	0	6	40	39	6	48	10	11	2	23	6	10	59	14	8	2	10	13	3	8	15	24	2	8	12	55	2	0	66	11	1	43	95	9	1	5	0	0	19	18	86	28	1	23	6	3	9	1	25	22	23	9	2	9	3	91	76	7	15	4	31	2	23	4	25	24	3	5	18	9	3	21	9	11	0	1	8	20	0	16	3	6	102	43	38	54	22	9	2	16	5	5	0	12	15	4	4	53	59	36	75	1	7	67	18	22	8	40	25	42	8	23	4	1	2	4	3	4	15	30	19	8	2	13	19	28	4	4	14	100	16	10	398	23	19	14	26	10	6	1	14	40	4	6	0	5	11	3	4	21	10	11	17	17	1	24	32	0	3	62	0	6	3	2	1	4	89	174	0	0	0	0	0	36	7	56	0	58	18	2	0	0	10	0	19	7	21	0	12	3	5	36	32	22	23	16	23	112	146	40	43	12	7	28	2	31	2	87	1	3	6	5	19	4	4	12	7	1	15	13	10	0	6	6	13	51	5	7	15	0	5	6	62	7	30	16	29	17	29	16	30	31	8	6	2	0	14	39	21	5
55	1	7	24	6	26	1	37	35	6	6	30	2	53	10	10	18	40	18	16	6	3	22	61	30	28	4	22	48	6	56	6	3	10	4	16	6	69	40	61	2	1	128	12	40	20	79	35	14	12	6	37	20	20	35	3	1	73	26	53	64	2	10	14	48	12	59	28	24	24	10	10	69	18	2	1	35	0	1	0	7	1	9	53	4	6	20	92	6	18	53	35	37	24	1	6	0	9	14	2	18	12	45	14	4	0	6	9	1	14	10	56	7	3	4	26	6	14	40	20	33	10	6	6	33	14	3	6	2	7	7	1	4	4	20	10	1	1	35	10	1	14	28	2	22	10	14	4	66	6	22	1	1	1	22	10	1	30	76	2	14	6	6	9	3	14	14	40	14	1	26	9	2	1	3	7	6	6	30	53	1	12	1	22	51	6	3	14	9	20	1	16	2	7	9	3	16	4	3	24	7	51	35	1	22	56	20	3	1	1	98	3	26	2	7	3	1	14	1	1	10	9	26	10	9	2	12	1	2	16	18	12	26	1	16	7	1	1	4	2	7	1	3	4	20	37	18	6	12	2	1	42	26	1	501	6	9	6	7	3	1	7	2	14	14	1	2	53	1	40	10	7	1	1	30	14	56	20	53	14	30	37	1	20	79	3	1	0	1	14	9	2	10	4	9	1	1	12	1	7	1	4	1	1	28	9	76	12	33	20	1	20	14	2	73	1	1	1	0	10	37	1	7	48	18	1	10	1	24	14	1	6	1	1	1	14	4	7	3	42	14	1	4	14	33	6	4	0	4	6	12	48	4	12	1	69	14	12	9	1	1	1	4	1	18	1	14	22	4	6	2	16	30	18	9	66	1	10	6	10	40	1	9	26	35	7	1	4	6	1	18	6	37	0	10	20	14	10	2	174	1	1	1	10	1	37	9	28	9	20	10	1	16	16	1	3	3	1	6	1	1	1	22	10	28	12	7	1	128	2	45	1	26	1	3	30	14	2	3	14	0	3	3	20	22	1	1	26	7	45	4	3	10	4	9	14	16	6	12	3	10	16	1	9	4	24	14	1	14	1	7	3	4	9	6	1	6	2	26	1	3	1	120	4	1	2	12	1	7	7	40	10	9	1	4	28	2	3	40	7	10	1	16	6	16	10	35	0	3	6	554	3	4	1	6	12	6	14	1	1	9	6	22	9	18	4	1	10	1	0	1	9	0	1	30	14	1	30	10	18	12	6	20	1	18	24	1	14	1	1	1	3	1	16	1	20	1	1	1	1	9	3	1	3	7	1	2	1	1	1	1	2	22	2	1	2	12	3	1	2	2	1	2	1	2	1	3	2	1	2	0	1	9	7	1	10	1	2	40	1	1	14	0	10	2	0	9	1	1	4	1	1	0	6	1	4	0	1	1	2	0	0	3	2	6	1	1	1	4	4	1	4	3	3	2	24	6	1	3	1	1	0	14	1	0	1	4	1	1	1	84	1	12	4	1	1	10	1	3	0	1	24	14	2	1	1	6	1	24	1	7	7	3	9	4	2	7	9	4	1	2	1	0	3	1	0	6	1	1	1	16	1	2	1	1	1	3	16	1	2	4	4	1	2	10	3	4	3	1	4	1	24	1	2	0	2	0	7	1	92	2	28	1	4	10	18	24	14	89	26	12	9	1	14	10	28	4	4	45	138	18	1	1	18	2	1	1	1	1	7	1	3	1	1	0	1	1	56	6	18	3	51	7	1	28	6	1	7	18	9	3	10	1	2	4	3	3	10	14	14	0	2	1	3	2	0	9	0	18	0	161	1	1	18	0	20	3	16	12	3	4	1	1	1	9	1	24	16	1	12	7	1	7	71	35	12	81	37	37	37	4	1	14	1	10	9	2	4	14	1	26	35	1	3	42	22	12	12	6	1	1	16	16	4	1	18	22	18	35	48	171	48	1	84	2	4	7	30	1	1	1	30	7	1	0	7	7	2	35	1	4	1	14	1	3	2	18	1	9	12	9	1	1	4	1	1	1	1	4	1	9	3	10	24	30	45	1	1	4	3	1	1	35	48	2	1	1	10	2	2	30	7	1	1	4	10	2	1	1	76	100	87	9	2	0	0	1	2	1	1	1	3	0	1	16	2	1	1	33	4	1	66	10	26	10	20	9	2	9	3	1	6	1	22	24	24	2	75	10	26	4	24	7	16	1	10	35	40	3	4	9	0	16	2	2	30	4	24	1	7	9	7	22	20	4	4	4	2	4	0	1	6	3	16	1	3	35	9	18	30	1
56	1	13	12	13	0	11	7	0	0	0	0	11	0	0	13	93	0	0	46	0	24	17	0	0	0	0	24	0	31	0	28	0	64	70	11	17	6	20	0	24	0	0	0	0	0	86	0	0	0	18	0	7	48	0	0	0	13	0	11	0	116	0	9	0	39	0	9	0	0	50	0	0	0	0	0	53	13	18	9	0	64	20	15	61	0	0	7	0	0	0	11	21	10	0	0	0	0	9	35	14	13	39	0	78	55	0	60	21	44	0	0	0	0	0	0	0	0	0	0	0	13	44	0	0	7	48	0	0	0	0	0	0	0	36	6	0	34	6	0	0	16	56	20	21	0	0	0	39	0	0	0	17	11	23	11	18	0	12	0	0	0	9	0	11	0	0	0	0	0	0	0	0	11	0	0	35	36	25	0	0	39	0	0	0	18	21	0	0	0	0	42	0	0	41	32	29	0	18	26	45	0	9	60	9	0	0	0	19	96	0	15	12	13	0	43	0	0	28	121	9	0	19	6	14	19	0	37	20	0	0	9	53	39	23	20	58	124	0	7	54	0	39	0	79	21	7	20	9	0	13	0	0	9	54	6	0	0	110	9	6	0	0	0	11	83	0	50	0	0	13	0	0	13	0	0	16	0	21	0	39	0	0	24	0	0	14	0	54	0	34	9	7	9	24	86	78	0	0	19	0	0	0	0	0	42	0	27	0	106	0	6	0	20	0	36	0	0	0	66	0	22	0	0	0	74	23	0	77	15	6	6	14	0	15	16	9	6	0	0	0	9	17	11	70	0	0	0	6	53	0	6	31	13	35	0	34	0	0	0	41	0	41	0	38	20	51	47	0	0	0	11	25	0	0	0	15	7	40	0	10	13	0	0	0	0	17	59	80	7	0	9	0	0	13	9	0	0	21	23	0	27	0	39	0	83	12	0	0	0	0	26	0	55	46	13	0	11	26	19	0	0	0	9	0	0	0	66	17	14	0	25	17	0	146	0	0	0	0	0	22	0	28	0	0	0	0	0	0	13	14	0	0	0	19	21	0	7	0	0	11	7	0	253	0	0	0	18	0	0	19	6	0	0	15	23	6	18	13	21	0	0	9	33	42	6	0	21	26	0	6	23	375	10	0	0	16	39	0	0	0	17	0	39	7	40	0	32	33	84	87	35	77	0	0	12	0	15	7	0	18	83	0	9	0	7	10	0	0	9	37	0	79	91	0	0	7	6	0	0	9	9	13	56	0	0	26	0	26	17	0	25	13	17	30	18	0	66	37	7	53	0	7	0	0	7	0	0	0	6	0	0	0	0	0	33	0	7	28	0	0	0	66	26	0	45	0	19	0	0	6	15	23	9	7	21	15	0	70	6	25	32	10	0	0	0	0	0	61	10	0	21	10	0	16	16	16	0	0	40	14	49	34	11	0	15	0	13	0	0	0	0	46	0	7	0	33	59	29	28	0	0	29	0	15	9	18	23	38	18	15	19	0	0	0	0	30	0	0	0	20	10	0	28	149	0	12	0	35	25	0	33	29	14	18	49	9	0	21	9	0	22	6	13	0	25	19	9	0	0	6	0	18	0	0	12	11	0	11	7	0	0	0	0	0	30	35	0	0	31	0	19	7	9	23	0	50	14	0	0	0	31	21	0	0	117	26	0	11	0	7	13	6	0	9	0	72	0	0	0	0	0	47	0	0	0	0	0	10	0	0	54	0	12	82	0	9	0	12	0	39	0	18	36	0	39	0	0	0	13	11	9	6	0	12	0	36	0	0	0	0	9	11	145	28	0	9	0	0	0	13	78	0	0	0	21	22	0	0	47	70	44	6	14	9	0	23	36	7	6	9	7	0	20	11	6	22	11	12	6	0	0	49	0	11	17	0	23	47	0	24	0	0	96	11	12	16	6	24	29	9	41	0	0	0	13	16	0	13	43	28	12	0	0	23	13	14	0	13	39	13	0	15	61	0	0	6	0	0	11	0	40	18	0	42	19	37	0	22	0	50	60	80	55	0	6	11	13	6	27	0	0	21	15	24	0	0	11	10	10	36	29	0	24	0	39	49	22	7	0	39	0	0	0	0	0	11	39	311	0	0	0	0	0	21	0	0	0	119	26	49	18	24	0	0	67	11	33	0	17	0	0	6	11	7	0	36	41	323	69	24	18	46	0	6	0	18	0	36	10	0	21	9	37	6	0	0	0	0	0	50	21	0	39	0	0	0	0	0	0	0	28	14	40	0	31	7	21	0	31	16	37	26	22	0	20	0	9	0	0	0
57	1	0	0	0	0	0	0	0	0	0	0	0	0	0	0	0	0	0	0	0	0	0	0	0	0	0	27	0	0	36	0	0	0	0	49	0	0	0	0	0	0	0	0	0	0	0	0	0	0	0	0	0	0	0	0	0	0	0	0	0	0	27	0	0	0	0	0	0	0	0	0	0	0	0	0	0	0	0	0	0	0	0	63	0	27	0	0	0	0	0	27	0	0	0	0	0	0	135	0	45	0	0	0	0	0	0	0	0	0	0	0	0	0	0	0	0	0	0	36	0	0	0	0	0	27	0	27	0	0	0	0	0	0	0	0	0	0	0	36	0	53	0	0	0	0	0	0	54	0	0	0	0	0	0	0	0	0	0	0	0	0	0	0	0	0	0	0	0	0	0	71	0	0	0	0	0	0	0	0	0	0	0	0	0	0	0	0	0	0	0	0	47	0	0	159	0	0	95	102	0	0	0	27	36	27	0	0	0	0	0	0	0	0	0	0	0	0	0	0	0	0	0	0	0	0	27	0	0	27	0	0	0	0	36	0	0	0	0	0	27	0	0	0	0	0	0	0	0	0	0	0	0	0	0	0	0	0	0	0	0	0	36	0	0	27	0	0	0	0	0	43	0	0	0	0	0	0	0	0	0	0	0	0	0	0	0	0	0	0	0	0	0	0	0	0	0	0	0	0	0	36	0	0	0	0	0	27	0	0	0	0	0	0	0	0	0	0	73	207	0	0	0	0	0	27	0	0	0	80	0	0	0	0	0	0	0	0	0	0	47	0	0	0	57	0	45	0	0	0	0	0	0	0	0	0	0	0	0	0	27	0	27	0	0	0	0	55	0	0	0	0	170	0	0	0	0	0	0	0	0	0	0	0	36	0	0	0	68	56	0	0	0	0	215	0	0	0	0	27	0	0	0	0	0	65	60	0	0	0	0	0	0	0	27	0	0	0	0	0	0	0	0	0	0	0	0	0	0	43	0	0	27	0	0	0	0	0	0	0	0	0	0	0	0	0	0	0	0	0	0	0	0	0	0	74	0	27	0	0	0	0	27	76	0	0	0	0	0	0	0	0	0	0	0	0	133	0	0	0	0	0	0	0	80	0	0	0	0	0	27	0	67	0	0	0	0	57	27	0	0	27	27	0	0	50	0	0	58	79	36	0	0	0	0	0	0	0	0	0	43	0	27	0	0	0	0	0	0	0	0	0	0	0	0	0	0	0	0	27	0	0	27	0	0	0	0	0	0	0	0	0	0	0	0	36	0	0	0	0	53	27	0	0	0	0	0	0	0	59	0	0	36	0	0	36	0	0	0	0	0	0	0	0	0	0	0	0	0	0	0	0	0	0	0	27	0	0	83	0	0	0	0	0	0	0	0	49	0	0	0	0	0	45	0	0	0	0	0	0	0	0	0	0	0	0	0	0	0	0	0	0	167	0	0	0	0	0	0	0	0	0	57	0	0	0	0	0	0	0	0	0	0	0	0	0	0	0	0	0	0	51	0	27	0	0	0	0	0	87	0	27	0	0	0	0	0	0	0	0	0	27	0	0	0	0	0	27	0	0	47	0	0	0	0	0	0	0	0	27	0	0	0	0	0	0	0	27	0	0	118	0	0	0	0	0	0	0	0	0	0	0	64	0	0	0	0	0	27	0	0	0	0	0	0	0	105	0	0	0	0	0	0	0	0	74	0	0	0	0	0	0	0	195	0	0	0	0	0	0	0	0	0	0	0	0	0	0	0	0	0	0	0	0	0	0	594	0	0	0	0	43	0	49	0	0	0	0	0	0	91	0	0	0	0	0	0	0	0	0	0	0	0	0	0	0	0	60	0	0	0	0	27	0	27	0	0	27	0	0	0	0	27	0	0	0	0	0	0	0	0	0	0	0	27	0	47	0	0	36	0	0	0	0	0	0	0	64	0	27	45	0	64	0	0	0	0	0	0	0	0	0	0	0	0	0	0	0	0	115	51	0	0	0	0	0	0	0	0	0	0	49	66	0	0	0	0	49	27	0	0	0	0	0	0	0	0	0	0	0	45	0	0	0	0	0	0	36	0	0	127	0	0	0	0	0	0	0	91	0	0	0	0	0	70	0	92	0	0	56	0	160	0	0	0	0	0	0	0	27	0	0	0	0	0	0	0	108	80	0	0	0	0	0	0	27	27	0	93	43	0	0	0	0	0	0	0	0	0	0	0	0	0	0	0	0	77	0	0	0	0	0	0	0	0	0	0	0	0	0	0	0	84	0	0	58	0	0	0	0	67
58	1	7	0	0	0	9	8	0	0	0	0	0	0	0	0	0	0	0	20	26	36	23	0	0	5	0	71	0	15	0	15	0	75	113	41	0	5	19	0	19	9	22	0	10	0	0	5	19	0	9	0	8	16	47	6	11	8	0	9	0	89	22	27	0	6	6	0	10	0	13	0	0	0	0	0	33	54	7	5	0	66	8	37	76	0	7	0	7	13	0	6	8	9	6	6	0	10	12	110	12	0	20	0	25	0	0	15	0	8	0	0	0	0	0	20	7	0	0	0	0	0	35	0	65	20	0	0	0	0	0	0	0	0	23	15	0	0	69	0	0	40	27	20	0	0	6	0	6	0	0	0	34	0	41	45	6	9	21	0	0	25	24	0	22	30	0	0	0	0	9	30	0	0	5	0	47	26	6	0	0	6	0	0	0	0	152	0	0	0	0	12	0	0	25	48	18	21	55	12	13	7	5	142	0	6	0	8	49	17	0	39	11	8	7	101	0	0	0	70	26	0	9	17	6	10	0	22	21	13	0	0	10	0	13	29	47	13	0	7	0	0	10	31	6	0	0	0	0	0	0	0	0	5	42	0	6	0	128	18	16	17	0	0	6	47	71	22	0	44	0	5	0	59	15	0	0	46	13	0	24	0	0	28	9	16	5	0	37	6	9	28	0	9	0	16	37	0	0	12	0	0	17	0	0	26	7	25	0	11	0	0	0	51	0	51	15	9	0	22	0	31	5	0	0	102	6	0	65	12	0	0	26	0	0	6	0	15	0	6	0	33	20	5	20	0	11	13	29	34	9	0	0	9	0	0	0	0	22	0	9	6	8	6	30	9	8	0	25	0	0	13	23	12	0	0	6	11	11	0	17	9	22	47	5	41	36	0	102	0	0	0	13	56	44	81	0	17	0	17	5	0	0	59	6	33	0	0	0	0	6	0	0	0	80	19	19	75	6	25	0	0	10	22	17	0	0	0	0	12	0	10	0	0	171	0	10	7	0	15	0	97	0	39	0	10	26	13	0	13	15	0	10	0	35	6	0	0	20	0	5	0	0	202	0	0	0	0	8	0	0	0	0	0	11	44	68	0	6	41	0	0	18	50	180	0	15	0	11	6	20	0	39	0	0	0	0	39	0	0	0	23	9	14	18	18	17	27	35	22	69	0	26	8	0	0	38	5	17	0	12	32	0	0	0	25	11	0	36	0	19	89	28	12	16	0	12	0	14	21	18	6	0	0	0	0	7	9	13	0	6	25	0	15	10	0	16	80	9	45	76	0	31	0	0	0	0	0	0	7	7	13	19	0	5	45	0	0	0	0	21	0	60	33	24	66	8	22	22	6	0	11	17	0	12	0	13	8	30	6	5	21	8	0	0	0	0	9	32	0	0	31	9	0	9	0	0	0	0	0	8	9	38	6	7	17	0	31	0	0	0	16	31	0	0	0	22	31	54	12	0	0	19	12	7	9	8	12	0	5	9	17	31	0	5	0	13	0	0	0	0	8	0	13	169	0	20	0	10	27	7	7	13	20	37	19	13	7	9	9	0	25	11	0	10	0	6	0	12	0	6	12	20	0	9	5	0	0	0	10	11	11	11	9	0	0	9	0	16	17	29	0	0	0	12	61	56	34	15	0	0	38	33	0	0	0	0	0	45	13	43	18	26	0	16	8	67	0	7	6	0	0	22	6	0	11	14	0	6	11	0	39	0	24	6	7	28	19	8	0	9	6	5	125	9	15	11	0	15	0	6	14	9	116	0	0	58	0	0	63	14	16	45	178	6	6	0	0	5	0	36	62	0	0	0	7	5	0	6	20	55	25	0	23	0	0	30	58	0	7	5	0	8	24	11	9	24	11	9	9	5	0	26	0	8	0	6	8	13	0	6	21	5	191	25	10	0	13	0	21	22	59	35	0	5	9	5	20	15	24	71	12	7	0	0	11	7	0	51	16	56	0	7	5	0	0	0	0	18	8	0	10	44	0	39	0	48	0	0	0	48	91	24	33	0	7	26	48	9	13	15	13	47	0	0	0	27	0	0	5	0	29	46	13	6	17	82	6	0	0	13	0	13	13	0	32	0	80	425	0	0	8	15	0	185	211	337	0	161	57	16	45	47	26	0	55	38	53	0	22	0	0	9	12	0	0	20	39	114	118	17	89	10	0	11	0	41	9	146	0	19	0	0	12	7	0	6	0	0	12	0	0	0	7	0	17	41	0	0	0	0	15	0	34	17	10	0	35	16	19	11	36	43	12	7	58	22	12	31	12	0
59	1	9	8	0	0	16	0	0	0	0	0	16	0	4	0	0	3	8	6	3	13	0	0	6	0	0	30	0	43	11	23	0	10	78	0	2	2	10	0	21	0	0	5	21	12	5	0	0	0	10	3	0	5	8	2	8	0	0	32	4	72	2	25	13	4	3	0	4	9	5	2	11	7	8	12	10	56	0	0	3	21	47	28	101	3	7	0	7	11	6	28	16	33	8	4	13	28	21	47	4	10	23	0	18	3	0	21	24	12	20	0	0	7	5	5	0	0	0	0	21	26	13	7	100	17	12	9	0	0	0	0	0	7	41	5	0	10	86	3	2	9	18	14	30	0	4	9	30	0	0	0	5	11	19	0	13	20	2	5	0	9	49	0	12	4	2	0	3	0	20	25	10	35	0	0	34	10	8	0	0	7	0	0	0	0	9	0	3	0	13	9	13	2	45	33	24	0	59	11	19	0	3	110	3	20	0	8	29	36	8	19	5	27	8	8	4	3	10	98	26	0	0	0	20	3	2	27	22	0	0	14	5	6	4	4	57	29	13	43	5	0	30	4	0	0	28	10	3	8	0	3	0	0	21	0	0	6	207	15	16	4	4	0	17	53	15	33	0	38	56	7	0	29	0	0	7	7	21	0	11	0	0	121	2	200	28	0	31	22	15	7	0	23	47	46	13	5	4	5	7	0	0	0	6	0	2	27	0	46	0	0	0	145	4	30	0	11	0	34	2	0	2	0	3	89	27	0	23	0	17	0	26	0	13	14	0	42	5	7	5	9	21	0	30	6	11	0	90	21	0	3	10	16	10	0	7	0	15	0	11	0	11	0	33	24	14	13	10	0	0	13	31	12	19	0	25	16	42	21	40	8	24	120	5	20	25	9	0	24	0	4	0	18	0	45	6	22	26	7	76	20	17	31	16	40	27	0	0	11	2	0	0	5	71	29	50	8	0	27	0	0	0	33	0	0	0	28	0	70	6	0	5	0	120	0	2	10	4	180	4	7	7	0	2	8	0	16	0	29	10	3	10	7	10	4	2	0	2	0	12	8	0	116	47	8	2	5	18	0	0	2	9	13	18	30	38	15	8	43	26	0	2	20	11	30	27	19	5	23	19	18	36	2	0	0	0	24	0	0	0	8	0	20	5	29	0	35	11	33	11	20	12	5	3	20	8	5	4	0	4	11	0	0	2	0	9	4	9	6	3	10	19	32	6	7	4	6	4	0	4	4	0	6	2	2	31	23	4	10	15	3	8	51	16	33	0	24	12	0	24	8	8	6	0	14	8	0	25	5	9	18	9	4	0	74	16	0	14	20	70	0	20	27	0	76	37	36	0	0	8	14	11	3	10	8	0	2	16	0	4	6	13	0	0	0	0	20	21	5	0	38	12	4	0	2	0	0	0	8	5	23	44	29	7	19	0	0	4	5	10	48	5	2	39	10	6	28	47	10	7	7	13	28	21	16	11	9	39	39	16	16	15	13	4	22	19	0	0	7	0	10	0	13	117	12	19	3	14	47	12	61	13	3	2	3	21	7	3	2	5	16	0	0	0	3	6	19	4	4	6	21	7	0	0	13	15	0	14	5	7	7	0	0	0	3	43	21	0	13	8	5	3	7	13	16	4	11	8	13	0	12	21	0	0	0	0	0	68	9	12	29	44	7	18	16	19	0	0	4	2	7	16	0	0	148	11	25	21	15	0	6	10	22	11	0	62	10	10	0	42	4	0	59	2	3	3	14	6	5	6	5	27	7	0	36	33	0	0	18	12	7	39	154	8	11	0	0	0	6	7	85	29	0	10	3	0	0	0	18	13	25	9	11	0	0	11	53	5	27	6	7	14	7	7	28	6	8	6	18	13	2	5	10	12	0	2	12	26	0	20	0	0	24	37	31	21	16	12	3	12	10	2	0	13	13	5	11	40	42	24	25	11	0	16	15	7	4	45	16	46	4	7	24	4	0	19	0	13	0	13	58	0	4	40	12	36	3	12	0	42	46	10	143	24	38	4	19	2	8	2	11	49	7	9	0	0	21	0	21	16	20	9	6	0	9	34	37	3	22	41	0	0	3	0	12	9	102	228	5	0	0	0	18	67	48	139	13	57	27	91	8	7	7	33	16	11	21	0	17	0	0	55	16	24	2	29	79	237	163	85	37	11	4	5	2	12	0	45	4	2	2	0	23	12	9	4	0	15	21	18	10	0	0	0	20	51	13	0	9	0	16	6	46	0	67	13	36	9	32	10	46	41	7	0	28	0	12	11	22	0
60	1	3	14	1	16	0	23	3	3	1	1	2	1	1	39	1	0	1	9	27	19	0	1	18	6	0	30	9	1	11	0	9	1	27	10	1	27	1	19	14	1	4	2	1	1	29	20	1	1	1	14	2	11	76	14	23	31	2	7	10	1	30	40	3	1	10	1	11	2	57	3	8	9	1	3	10	8	4	1	26	8	5	8	1	49	45	47	1	66	3	20	2	6	3	48	1	14	53	7	70	1	18	13	22	1	1	0	10	7	12	1	41	1	0	29	2	5	19	21	1	7	8	0	1	16	1	39	6	9	9	6	4	9	8	6	1	9	1	48	3	20	61	1	1	29	37	24	19	0	2	1	1	34	7	5	44	54	14	2	1	1	5	10	1	3	1	3	0	0	7	18	58	2	1	11	1	19	1	1	1	43	3	8	92	13	21	9	1	3	1	4	7	3	78	12	4	3	32	1	19	1	7	4	7	13	0	1	1	1	34	4	9	12	17	1	3	18	0	16	3	3	3	3	5	0	88	2	18	27	3	39	13	17	13	20	3	11	8	17	40	29	1	2	11	23	31	33	14	26	9	0	2	7	255	0	1	5	1	1	0	1	12	31	5	7	1	6	0	3	1	80	1	9	0	0	18	7	7	4	50	1	1	1	1	0	1	3	3	0	1	3	0	15	31	1	1	5	30	29	1	15	1	8	41	5	55	20	0	33	5	1	43	4	3	20	1	1	0	95	8	1	2	1	8	10	1	2	24	3	4	2	7	3	22	0	1	7	1	122	75	7	56	1	1	20	30	1	0	15	1	7	1	1	3	14	24	1	1	6	3	1	43	7	23	3	17	16	15	18	17	14	49	117	0	1	5	9	3	1	4	3	23	11	28	1	1	23	3	25	9	3	18	1	1	50	49	10	0	128	16	1	2	4	0	50	26	0	3	24	10	1	1	7	2	15	3	10	2	5	2	3	22	1	0	1	1	1	21	32	9	3	88	0	2	4	46	9	1	1	0	3	14	0	21	1	4	58	4	15	6	1	11	4	20	7	10	1	9	1	26	5	1	5	1	24	1	6	2	17	7	1	1	1	26	14	3	20	1	4	0	6	6	31	0	31	61	15	23	13	2	3	3	11	7	16	18	1	16	43	9	9	21	39	1	0	44	3	6	3	234	3	23	7	10	72	20	54	17	31	47	17	13	12	3	4	0	26	8	1	15	1	10	33	92	45	11	3	31	32	14	7	10	1	15	1	9	11	12	1	6	1	3	1	19	10	21	1	3	8	18	61	34	13	3	1	15	1	1	80	12	1	7	9	1	2	13	3	7	19	18	12	18	5	7	37	0	9	1	24	3	14	4	20	1	80	1	7	7	1	5	1	13	12	5	8	1	12	43	34	3	1	16	15	1	19	1	6	28	17	9	1	0	11	1	21	7	1	8	20	2	10	1	1	18	7	135	3	8	7	11	1	7	3	3	3	1	9	7	9	112	15	36	13	3	34	5	1	10	1	9	293	11	52	1	7	25	1	29	9	12	172	27	21	7	8	1	85	7	0	44	49	0	20	49	8	43	1	0	4	75	13	2	1	1	15	33	1	20	18	7	8	3	1	13	1	6	83	1	3	7	27	22	1	1	37	1	25	10	14	1	12	3	13	1	34	5	1	129	7	22	17	1	32	21	6	3	4	24	66	3	19	12	54	1	1	1	1	4	1	0	1	2	1	1	1	7	9	3	19	50	46	9	1	4	2	0	4	60	5	7	6	1	23	44	1	21	1	1	8	11	34	2	3	13	1	7	1	8	1	375	17	1	1	1	13	7	23	9	5	17	13	20	3	1	2	43	47	1	8	4	15	14	102	5	25	105	7	4	20	5	5	107	1	1	1	8	6	50	1	54	1	0	0	18	10	68	20	7	6	1	6	70	7	8	17	7	37	20	100	217	48	1	20	2	5	1	0	0	5	0	0	1	1	0	6	0	8	91	5	8	9	1	1	3	15	30	6	15	1	1	13	1	49	0	23	7	1	12	1	3	1	6	19	95	1	8	28	2	3	1	7	22	2	1	1	1	21	3	4	34	2	0	17	0	14	20	2	1	8	8	31	10	7	1	1	1	13	0	0	0	1	0	1	13	18	1	1	1	16	0	6	25	3	14	10	3	29	1	19	5	5	3	37	14	56	1	12	27	38	1	7	4	20	5	21	1	9	1	13	16	1	9	1	15	7	3	32	1	2	1	8	1	11	1	17	7	19	30	37	13	1	19	9	4	0	20	9	3	40	8
61	1	11	13	1	1	15	18	1	1	27	2	4	5	1	11	2	9	20	10	17	5	1	8	3	5	5	22	3	44	22	37	6	21	66	1	7	4	38	1	14	2	1	5	14	3	1	2	1	6	10	3	1	9	12	2	6	1	2	8	1	93	1	13	3	8	2	1	1	2	8	2	8	2	3	10	10	21	8	1	1	17	22	59	81	1	2	15	7	3	2	11	47	3	8	3	1	23	44	27	15	8	13	0	43	22	1	10	17	23	1	1	3	6	3	5	9	1	18	15	8	65	25	3	17	58	15	1	0	0	0	0	0	16	35	6	6	4	15	1	3	13	27	9	23	1	10	8	141	5	6	0	12	9	22	3	27	28	5	16	10	16	2	0	32	8	1	0	8	1	16	104	23	4	2	2	36	8	28	30	9	11	44	1	1	1	2	1	17	5	2	14	27	1	54	48	54	1	9	2	34	6	114	34	1	27	0	61	75	90	7	16	33	58	10	7	10	3	21	53	25	8	3	2	4	4	1	39	30	1	1	4	4	13	5	1	54	95	5	33	21	1	24	15	7	10	28	4	3	11	6	1	1	2	14	4	2	6	48	5	5	2	1	1	6	30	9	56	3	10	13	4	3	89	3	1	11	19	12	2	3	11	23	53	13	16	42	5	22	11	14	10	1	27	11	22	22	9	1	33	14	1	8	1	11	15	1	29	3	59	1	5	1	72	23	44	7	9	2	8	18	13	23	1	2	46	30	2	31	40	1	2	22	2	15	9	1	19	2	2	7	5	34	6	11	47	9	3	14	15	3	2	8	19	3	1	6	1	1	2	11	7	8	2	86	31	20	4	15	6	9	15	21	22	4	3	7	34	69	2	17	4	10	14	0	15	14	8	6	21	1	1	1	1	2	14	9	26	4	14	13	5	1	8	22	523	22	7	0	7	2	3	1	2	72	28	24	16	2	20	3	2	3	14	1	5	1	8	19	29	2	8	4	2	127	1	8	3	2	7	1	10	1	1	18	9	10	17	4	24	17	2	5	2	5	4	1	8	6	4	6	1	1	58	3	4	13	4	11	6	2	1	2	4	10	56	7	38	2	23	3	2	14	19	1	7	11	17	8	8	7	11	46	13	1	7	3	27	1	1	1	4	1	16	6	18	1	57	23	47	13	11	7	22	5	18	29	5	12	1	5	20	35	1	2	5	10	3	5	11	3	4	1	45	7	1	5	5	3	1	4	5	1	52	1	2	40	21	5	1	1	1	8	14	22	83	1	2	2	1	40	8	16	4	4	15	19	4	2	19	6	12	8	9	7	81	13	2	25	17	28	5	2	51	5	61	9	25	11	1	5	57	9	3	32	7	4	1	3	13	14	8	7	7	3	11	0	19	28	10	55	42	103	2	1	40	15	26	57	5	17	11	22	9	5	1	2	2	5	7	7	16	29	39	18	2	33	0	39	15	10	3	15	23	9	3	11	85	165	154	124	83	10	14	7	28	25	3	37	5	5	38	1	20	85	6	63	11	22	26	14	52	8	26	7	25	81	3	2	1	8	39	6	19	4	5	7	16	4	6	12	18	10	17	4	21	4	35	10	4	1	1	1	1	3	8	23	13	1	54	12	15	10	8	4	9	1	3	60	6	2	37	11	1	1	3	4	0	31	4	5	3	4	2	9	41	30	7	0	2	13	9	6	1	3	38	16	7	14	9	6	1	3	13	21	2	28	3	5	20	28	5	3	36	21	29	11	8	11	25	9	16	7	1	11	8	47	26	0	26	9	3	11	124	12	2	6	1	0	5	22	86	5	3	3	19	1	7	2	45	13	16	13	2	7	21	76	21	3	19	3	11	4	58	4	33	62	5	3	32	9	1	19	4	8	4	7	2	22	3	17	1	19	253	59	36	36	33	16	1	16	9	6	26	9	31	3	5	64	36	37	43	5	3	15	13	13	7	34	18	36	7	14	16	3	1	6	7	25	11	19	34	9	2	5	20	27	4	11	10	123	26	11	63	7	33	11	27	5	7	2	2	35	5	10	2	2	6	3	8	14	26	4	19	13	7	8	32	18	8	35	1	9	1	4	1	2	66	76	1	1	2	1	1	61	8	26	0	59	17	2	10	6	13	1	12	2	18	8	35	3	4	28	13	13	18	14	60	46	76	27	45	14	20	16	14	26	1	121	6	5	26	7	31	5	3	9	18	7	11	14	11	1	24	8	6	16	5	7	8	1	20	5	66	4	32	15	40	17	18	20	38	16	13	6	1	2	40	5	7	2
62	1	13	17	2	1	24	21	1	1	38	4	5	4	3	23	5	13	12	14	22	2	2	8	1	4	3	15	8	51	29	38	12	27	57	2	14	6	50	1	14	1	1	10	24	1	0	2	2	6	11	3	1	9	15	2	7	2	4	6	1	62	2	9	4	7	3	1	1	4	12	3	10	3	5	15	13	15	5	0	1	14	29	72	83	4	8	21	9	4	3	12	59	3	7	5	1	17	37	16	16	6	12	1	42	23	0	10	25	29	2	0	6	8	3	4	9	1	32	12	12	70	31	4	21	70	9	0	0	0	0	0	0	13	40	11	5	4	23	1	3	10	34	12	38	0	20	5	158	8	4	0	9	9	35	6	24	37	10	2	16	7	2	0	34	6	1	0	6	1	13	125	15	6	1	2	35	5	38	42	7	10	29	0	0	1	2	2	7	5	1	7	23	4	83	40	74	2	4	1	23	6	98	25	1	38	0	21	19	22	4	12	42	52	9	9	12	6	29	48	17	4	4	3	1	1	1	30	26	1	1	3	3	14	6	0	57	75	3	25	26	1	18	18	12	12	34	9	3	8	4	0	1	2	21	5	5	5	19	3	1	2	0	0	7	27	11	64	5	18	8	6	1	80	4	1	12	21	13	4	5	18	27	67	15	18	62	3	23	2	7	4	4	23	10	21	20	10	3	22	12	4	7	1	7	12	1	21	2	50	2	7	2	39	20	28	10	7	1	5	12	17	23	0	2	36	20	1	30	42	1	4	15	1	12	9	1	15	1	2	3	2	34	10	7	50	7	7	18	15	2	3	12	21	5	1	8	0	1	2	12	6	10	6	106	34	17	10	7	1	10	11	24	25	6	5	7	47	73	2	21	3	10	19	1	14	19	10	5	20	0	1	2	1	5	22	9	19	1	23	12	6	5	16	15	869	16	5	0	5	3	2	1	2	51	14	18	14	0	18	2	1	1	12	1	10	1	12	16	33	4	7	8	3	119	1	8	2	1	23	0	6	1	4	22	2	7	19	6	33	17	1	11	5	9	4	1	8	10	4	10	2	1	59	4	5	5	5	12	6	1	1	2	3	10	37	7	33	1	26	1	1	10	17	0	10	10	13	6	8	15	8	42	13	0	13	4	15	1	1	1	2	0	10	1	16	1	39	16	51	22	10	8	19	13	15	35	6	15	0	9	16	19	1	2	4	7	1	5	4	3	5	0	32	5	2	4	10	5	2	1	1	1	52	0	1	36	26	4	1	0	1	2	15	23	85	2	3	2	0	34	5	22	5	2	12	17	3	0	24	3	10	7	5	7	87	17	3	23	12	14	2	0	48	5	42	3	22	4	1	3	57	11	0	33	2	4	1	2	11	10	6	7	8	2	3	0	21	29	12	37	39	56	2	1	64	19	35	60	7	8	5	9	7	5	0	2	1	1	4	6	11	31	37	9	1	35	0	27	15	7	2	13	23	7	1	11	92	234	185	184	94	9	12	4	25	26	3	20	1	5	36	2	22	55	10	42	17	20	27	9	32	15	34	8	27	67	2	5	5	9	29	6	15	5	7	10	20	3	9	12	16	9	10	2	21	2	53	6	3	1	1	1	2	3	7	13	9	0	40	7	15	11	9	3	10	0	3	52	3	2	25	11	0	1	10	4	0	32	12	5	3	1	2	7	62	32	8	0	5	17	6	4	1	5	18	7	5	7	8	11	0	6	8	4	1	18	4	5	10	26	7	5	22	36	30	9	6	14	30	6	26	2	0	4	3	38	15	0	24	5	2	17	100	11	1	5	2	0	7	26	81	5	3	5	12	0	7	1	65	31	15	10	4	9	16	75	24	1	27	4	6	5	61	5	40	61	5	5	39	5	0	17	3	9	5	3	3	17	2	14	0	12	132	78	45	25	37	12	1	12	6	6	27	4	39	2	2	85	38	46	50	2	3	16	15	13	13	23	19	24	13	14	8	2	1	8	8	26	9	20	28	4	1	1	23	20	6	7	20	140	27	13	40	4	34	8	29	4	10	2	2	38	10	16	2	2	8	4	8	19	18	6	14	19	3	5	30	20	5	26	0	7	1	3	0	2	45	60	0	2	3	1	0	47	5	21	1	63	10	0	9	4	9	2	14	1	14	9	40	4	3	22	23	9	24	18	44	34	78	25	31	9	25	27	24	27	1	157	2	5	24	6	36	3	4	10	19	9	4	7	6	0	26	3	5	14	5	8	15	3	16	1	88	9	33	12	52	15	18	20	37	16	14	7	3	2	46	7	12	2
63	1	9	13	1	0	20	13	1	1	27	3	4	6	1	12	3	11	15	8	20	5	0	4	2	2	3	21	7	47	19	44	4	24	64	3	6	8	31	0	15	2	1	1	17	2	0	3	1	4	9	4	0	6	13	2	3	1	5	7	1	86	4	18	2	6	3	0	2	3	11	2	8	3	2	13	9	17	5	1	1	21	19	57	77	2	2	22	3	3	2	13	45	3	9	5	0	18	34	19	13	3	11	0	42	20	0	11	16	30	2	0	6	7	1	3	5	2	23	17	5	56	18	7	21	69	14	0	0	0	0	0	0	22	44	5	6	2	12	1	1	7	25	7	27	1	10	5	140	5	5	0	9	8	26	4	22	36	12	9	9	12	1	0	26	6	0	0	9	1	13	107	23	3	1	2	39	6	25	29	10	12	32	0	2	1	2	1	21	4	1	7	17	2	62	41	52	1	9	1	26	4	76	30	0	26	1	40	66	51	5	16	38	61	5	8	9	2	23	49	21	5	7	2	4	4	1	44	29	1	1	5	6	14	4	1	62	81	5	33	33	1	14	15	5	11	28	3	2	11	1	0	1	6	26	4	1	7	30	4	4	1	0	0	11	31	11	60	2	10	6	5	7	92	2	1	13	8	11	2	7	8	19	59	10	18	54	2	27	9	8	9	1	29	15	23	15	4	4	37	7	4	3	0	13	14	0	30	2	58	2	8	0	60	20	44	8	15	0	7	14	15	22	1	2	49	33	4	34	40	0	2	20	2	16	6	1	20	2	4	7	8	31	4	12	42	8	4	21	18	2	2	9	27	5	0	5	0	0	1	9	8	10	10	87	31	16	9	16	2	8	14	18	36	4	5	4	36	66	2	21	2	10	21	0	7	11	9	5	23	1	3	1	2	2	20	11	24	2	24	20	5	3	13	22	554	15	9	0	7	2	2	0	3	66	27	22	20	1	8	2	2	1	12	1	8	1	5	24	28	4	14	3	1	137	1	7	3	2	11	2	10	2	3	12	9	9	16	3	24	16	2	6	1	7	3	1	4	6	4	6	1	2	55	2	5	14	5	7	5	2	1	2	2	10	47	4	39	1	38	4	2	11	17	1	10	14	11	4	10	12	11	44	23	0	3	2	22	0	0	0	2	0	8	2	13	2	47	19	51	27	11	15	9	8	21	30	7	13	1	7	26	15	2	5	5	14	2	3	12	3	5	0	38	13	2	4	7	2	0	3	4	2	62	0	2	43	28	3	1	0	2	9	15	19	62	1	1	1	0	33	9	24	9	1	11	15	4	0	21	4	11	13	4	4	75	12	5	26	15	17	7	1	49	4	56	3	23	7	0	4	55	8	3	30	3	3	2	11	13	11	6	12	8	2	13	0	14	29	11	34	44	76	1	0	54	19	26	51	10	18	18	13	8	4	1	1	0	4	3	8	8	26	26	12	1	49	0	44	22	10	5	9	36	4	7	10	97	311	200	177	124	10	13	6	28	34	5	30	2	2	46	0	18	77	7	59	11	30	30	9	50	8	28	16	18	75	2	1	2	10	34	8	17	8	7	7	8	10	8	14	13	8	13	2	21	2	39	10	4	1	1	1	2	2	8	15	4	1	51	9	13	10	8	6	10	1	3	55	3	3	38	11	1	3	4	2	0	38	7	4	2	3	4	5	53	31	8	0	3	16	10	7	0	1	45	17	5	10	7	23	0	3	10	12	2	30	4	9	13	22	5	10	32	25	26	9	5	20	23	9	20	5	2	10	4	33	22	0	21	6	6	12	118	11	1	5	1	0	4	28	82	1	3	3	14	1	5	1	55	19	14	10	3	3	16	77	26	5	24	3	20	4	57	3	40	64	4	3	35	7	1	15	8	4	4	2	3	19	3	14	0	12	205	77	50	29	44	18	2	15	10	5	18	6	38	2	5	79	35	46	46	4	3	27	9	15	7	22	18	24	7	16	10	3	1	7	7	33	11	19	31	6	2	6	27	22	5	5	15	138	27	13	65	5	28	15	30	5	7	2	0	27	4	14	0	3	9	3	8	15	26	2	25	16	10	11	33	21	7	32	0	9	1	1	0	2	59	74	1	3	1	0	0	75	10	29	0	66	13	0	12	3	8	1	14	4	26	5	30	1	3	31	12	13	15	16	53	55	81	26	39	19	25	11	21	22	1	142	8	8	23	3	28	4	4	5	13	7	14	12	10	2	25	5	5	7	6	9	8	1	22	5	61	3	36	15	49	16	11	19	36	10	12	7	2	1	37	6	7	1
64	1	7	15	0	0	9	20	0	3	18	0	5	7	0	5	4	14	20	5	25	6	0	4	7	3	8	18	9	54	21	46	3	26	81	3	7	5	35	1	3	1	0	13	13	2	1	2	0	0	3	3	0	20	16	1	3	0	2	4	0	103	2	15	2	4	3	0	0	0	3	5	12	0	3	4	3	9	1	0	0	13	27	55	84	2	10	18	8	11	2	10	65	3	10	14	0	10	45	7	19	3	10	0	40	22	2	3	10	15	2	0	3	5	2	1	3	2	22	5	12	51	50	4	19	72	4	0	0	0	0	0	0	19	30	2	7	8	9	2	8	7	25	6	14	0	17	15	149	4	10	0	4	12	20	0	16	44	7	10	8	4	1	0	29	4	0	0	4	0	17	108	27	10	0	0	18	6	19	16	10	18	27	0	0	3	3	1	21	3	0	8	36	0	78	54	54	2	4	2	35	3	74	29	0	28	0	11	25	25	2	21	28	49	7	7	12	5	24	49	13	9	2	16	4	2	0	28	24	1	0	11	3	12	2	0	55	101	10	25	16	3	10	28	12	2	31	4	0	11	8	0	0	0	27	0	2	10	14	3	5	0	2	0	8	47	13	48	0	9	10	5	3	63	7	0	15	19	5	0	7	16	17	69	3	7	47	3	26	12	15	7	4	12	8	30	23	0	7	35	12	5	8	2	8	13	3	39	0	52	0	3	0	49	17	50	6	5	0	8	20	22	19	0	0	40	33	0	33	40	0	0	19	1	13	3	0	8	2	7	15	3	33	4	8	52	8	2	13	11	9	0	1	20	2	0	6	0	0	1	11	1	14	7	111	31	25	7	13	2	15	11	14	29	10	2	3	21	58	3	20	0	21	21	0	6	5	18	9	16	3	8	0	0	2	8	2	34	0	20	4	1	0	4	21	594	15	5	0	3	3	2	0	3	55	20	21	15	3	29	2	0	0	13	0	4	3	7	11	31	3	4	3	10	125	0	6	8	9	3	3	5	2	2	15	10	13	16	3	23	39	0	5	5	4	0	0	7	5	10	6	0	0	86	2	6	29	9	9	0	10	0	2	0	20	54	7	42	0	22	0	3	10	15	0	10	15	19	4	3	15	12	46	25	0	1	11	27	0	0	3	0	0	24	3	14	3	52	25	33	28	21	4	22	19	28	43	10	20	0	9	8	33	0	0	2	5	2	0	12	4	0	0	28	4	4	6	6	3	0	2	3	3	50	0	3	34	23	0	5	2	0	5	15	17	49	2	2	0	0	24	3	21	10	10	11	19	2	0	15	4	5	14	6	5	104	18	0	20	23	7	3	4	28	8	67	7	25	17	0	3	65	2	3	36	2	4	2	2	10	11	6	7	4	3	7	0	11	31	12	57	60	53	0	0	40	10	26	52	11	10	4	33	5	3	0	8	0	10	5	6	12	29	30	14	4	31	0	33	20	3	6	14	44	16	0	15	98	194	155	128	55	2	4	8	14	41	3	21	8	3	58	0	20	67	6	35	12	24	25	12	36	19	25	6	16	58	2	2	1	12	26	9	23	7	13	3	14	9	2	3	21	1	11	0	5	3	28	16	3	0	0	0	0	5	5	16	12	0	60	4	12	9	4	10	10	0	9	33	3	2	55	9	2	2	9	2	0	43	10	2	4	0	0	3	41	29	2	0	3	7	2	8	0	2	16	20	10	6	4	10	3	2	7	5	0	36	5	14	15	26	13	9	39	18	26	11	7	10	41	10	21	3	1	9	2	54	11	0	20	10	4	11	131	10	0	9	0	0	4	40	86	0	2	2	21	0	11	0	63	46	16	11	11	10	20	55	19	7	31	8	5	2	66	1	34	68	1	10	40	11	0	29	12	12	5	8	0	31	3	21	0	16	259	73	41	17	49	2	1	6	10	6	29	15	41	9	3	66	44	47	63	4	8	5	17	25	9	28	27	32	9	25	10	5	2	7	8	31	2	20	29	3	0	6	29	35	2	3	12	84	27	11	43	10	25	15	29	6	2	2	3	33	6	15	0	0	6	0	5	9	15	6	8	9	8	8	31	20	1	16	0	10	1	4	0	5	55	55	0	0	2	2	0	72	7	14	0	73	3	0	9	20	14	0	10	0	31	6	39	1	3	41	6	3	9	20	66	65	44	12	47	8	32	19	31	22	0	104	4	3	22	7	24	2	3	7	9	10	5	17	13	0	40	4	0	6	5	3	18	0	13	1	82	6	40	12	67	21	15	8	46	6	6	11	1	0	34	5	3	3
65	1	10	15	1	1	2	40	1	1	27	4	7	9	0	7	2	9	24	4	38	6	2	14	5	5	5	16	4	29	31	20	5	16	86	4	12	6	39	1	11	1	4	3	9	3	1	2	3	10	6	3	2	7	18	4	1	2	4	16	0	111	3	29	1	4	5	0	1	3	20	4	5	6	2	12	8	19	2	0	1	16	41	46	57	1	8	21	12	4	1	12	56	2	8	8	0	22	38	42	19	4	13	0	33	13	1	6	18	27	3	0	4	5	4	1	6	1	14	10	9	29	25	3	40	69	14	2	1	1	1	1	0	7	49	6	2	2	22	2	1	13	36	9	28	1	15	6	93	2	1	0	5	8	23	3	14	33	8	14	12	13	6	1	19	6	1	0	9	4	10	107	27	5	4	1	35	4	29	32	5	4	1	0	1	0	1	1	10	2	1	11	17	0	96	60	46	4	12	11	39	5	116	37	0	17	0	89	98	142	10	16	26	48	13	7	11	2	15	63	21	5	8	3	8	7	1	37	32	0	0	6	2	12	8	1	60	73	8	28	44	1	20	13	6	7	43	9	3	11	5	0	1	1	30	2	4	5	34	8	4	1	1	1	10	29	10	76	2	11	12	5	3	28	2	3	11	14	22	1	7	18	35	52	8	13	7	7	27	13	33	6	2	17	7	16	21	6	4	36	13	5	5	1	7	20	0	37	2	45	2	9	0	131	51	53	3	10	3	9	18	11	45	1	3	45	30	2	34	37	0	3	18	2	16	17	1	22	1	5	10	6	42	4	22	19	13	3	6	15	1	3	14	31	2	1	10	1	1	2	12	3	8	9	73	32	29	5	9	5	4	16	27	34	2	6	6	41	77	5	10	3	10	20	0	4	12	8	3	16	0	4	1	1	2	12	9	16	3	27	13	3	2	12	19	367	34	6	1	5	2	1	1	9	68	29	21	25	1	47	1	1	2	10	0	4	1	6	10	32	1	14	3	1	126	1	16	3	1	7	2	10	1	1	10	14	6	24	4	35	17	1	6	1	9	2	1	2	9	2	5	1	1	98	2	4	17	5	17	9	1	1	2	1	6	38	15	27	1	26	1	4	10	26	5	9	20	16	5	10	7	11	52	30	2	9	1	37	1	1	1	2	0	16	1	17	2	56	13	44	24	10	7	9	7	10	32	6	29	1	5	25	16	1	4	2	2	1	3	4	5	2	1	48	10	2	5	6	5	1	2	1	1	55	0	1	35	18	2	1	0	1	9	17	31	32	2	3	2	1	44	7	38	5	2	9	18	14	1	24	1	9	8	1	3	84	3	1	25	15	22	4	1	33	11	71	12	34	6	0	6	67	13	0	45	1	5	2	3	3	4	9	14	5	2	7	0	11	26	19	57	31	26	1	1	16	7	11	51	4	16	4	20	8	3	1	1	1	3	4	7	5	31	26	16	5	43	12	43	21	16	5	5	24	8	7	11	29	34	40	27	17	10	19	10	17	32	3	14	2	5	42	2	28	116	7	43	8	26	37	6	32	10	23	17	33	73	3	4	1	4	40	8	14	5	14	14	10	2	5	12	9	9	5	5	19	5	40	13	8	5	5	5	3	2	2	14	14	1	49	17	15	17	8	2	9	2	7	33	9	4	47	8	1	2	8	2	1	39	9	4	4	3	3	4	17	35	6	1	7	14	5	14	1	3	33	8	7	15	7	1	1	7	15	19	3	20	7	6	9	24	2	4	35	14	24	10	15	16	26	5	20	10	2	6	1	54	18	0	22	4	6	23	127	16	3	3	1	1	10	31	114	3	8	12	22	1	10	0	46	36	16	10	3	4	5	72	26	2	34	3	1	0	55	0	47	59	0	2	37	7	1	21	7	7	1	4	5	20	2	17	1	21	259	69	40	51	38	14	10	13	9	10	18	8	38	2	6	77	50	45	55	5	10	2	15	13	1	26	13	27	1	14	16	3	1	7	2	14	15	6	27	18	1	8	16	19	5	5	11	128	19	12	117	10	22	12	22	6	2	3	1	41	7	21	2	1	7	3	6	24	20	7	16	14	11	7	30	18	5	34	0	5	1	2	1	4	65	72	2	2	5	1	0	17	1	9	0	75	11	7	10	5	10	1	6	3	23	11	34	2	7	23	9	11	14	11	62	86	66	12	45	8	23	18	25	12	1	99	3	3	25	7	40	2	2	8	13	9	6	12	6	1	83	4	5	11	2	3	13	1	9	1	87	5	22	11	45	7	22	12	29	16	12	4	2	1	31	6	13	2
66	1	12	16	1	0	1	6	1	1	27	1	5	10	1	21	1	13	17	9	9	9	0	9	2	6	7	27	6	53	21	37	4	16	78	1	4	3	40	1	13	1	2	2	2	2	0	2	2	2	6	1	0	12	21	3	3	4	2	7	4	152	4	25	10	4	2	1	1	3	12	3	15	7	3	15	8	24	35	1	1	24	63	84	56	1	2	22	15	4	3	5	58	2	12	5	3	35	53	9	19	4	23	0	37	16	1	6	13	35	1	1	2	2	5	1	5	1	13	14	11	37	47	4	18	62	7	0	0	0	0	0	0	20	40	7	4	2	14	1	2	9	17	4	20	1	14	11	96	10	58	0	5	12	30	5	13	18	11	5	3	8	2	0	12	11	0	0	3	1	6	80	23	3	3	2	44	11	37	41	2	11	43	0	0	1	9	1	53	4	2	16	18	0	65	70	39	4	1	2	27	16	174	25	2	16	0	20	28	32	5	20	26	69	5	10	9	0	8	65	14	11	6	1	2	3	1	55	32	1	0	3	1	16	7	1	48	112	2	50	28	1	14	10	4	4	33	20	2	10	2	1	1	1	14	3	1	5	16	3	1	0	0	0	11	34	4	67	2	6	1	7	5	79	7	7	5	12	22	2	2	13	0	61	19	6	4	4	17	9	11	14	1	17	3	27	21	2	1	25	6	5	7	1	9	17	1	29	2	69	1	13	0	29	44	50	4	20	3	1	11	15	28	1	1	39	35	1	43	27	0	1	24	0	14	6	1	13	1	4	8	6	33	18	8	16	10	5	6	13	0	2	20	33	2	2	11	0	0	2	11	4	8	1	89	26	13	4	16	7	1	12	34	30	7	3	1	38	73	3	33	1	10	4	16	4	18	9	9	31	5	1	2	1	5	12	8	32	7	19	10	5	4	17	48	318	24	14	1	6	3	1	0	2	69	25	36	21	1	25	2	1	4	11	2	10	1	31	7	27	3	8	1	1	128	0	2	1	3	9	0	17	1	0	10	3	3	26	7	28	3	4	13	3	4	5	0	1	6	8	13	2	1	70	3	5	1	7	7	10	3	2	3	3	5	49	12	44	0	25	5	7	24	13	0	6	16	23	7	9	8	17	57	13	1	5	0	25	2	0	1	14	0	25	1	30	0	50	17	40	20	3	11	18	9	24	18	4	25	0	8	23	44	0	4	9	7	2	2	3	2	5	0	38	10	2	5	15	13	7	10	3	0	7	0	0	34	23	39	0	0	3	11	0	23	28	6	2	0	1	97	12	23	2	0	10	15	7	1	28	1	9	6	2	7	72	20	7	22	27	10	7	8	61	7	74	14	44	31	1	5	57	6	8	41	32	3	2	2	11	13	14	12	6	6	10	1	18	21	18	194	35	43	3	2	4	2	12	24	13	34	9	17	3	16	0	0	0	1	25	3	3	23	44	26	6	13	1	36	7	8	3	11	26	13	4	13	17	11	67	12	3	8	11	3	28	26	2	87	3	6	26	1	20	143	6	33	3	12	19	10	34	3	10	10	14	70	2	4	3	21	19	14	20	2	14	8	16	1	8	18	9	5	15	9	12	4	29	15	7	1	1	1	1	1	4	11	12	1	58	10	18	11	9	7	12	0	2	38	6	1	55	4	4	2	2	4	0	34	10	5	6	5	3	21	16	59	7	1	7	8	5	5	5	0	4	5	9	4	1	0	0	6	14	10	1	48	3	7	7	24	8	5	15	10	16	8	21	11	21	2	23	2	0	3	1	52	14	0	22	14	2	10	249	10	7	5	22	0	3	19	68	2	6	1	55	0	7	1	103	6	29	9	1	4	11	55	29	4	22	2	0	1	44	1	25	44	1	2	30	5	1	52	3	9	7	1	2	25	13	20	1	34	168	48	31	29	26	25	1	11	12	5	4	5	22	2	2	47	40	30	35	2	2	0	6	2	0	17	9	18	0	4	15	8	4	10	2	52	16	31	36	5	5	9	21	28	6	6	15	101	34	9	21	12	27	6	28	10	7	1	3	19	11	20	0	1	4	2	6	18	38	11	20	13	8	8	31	8	13	37	1	11	1	8	1	2	38	27	2	2	5	2	1	15	0	8	0	50	6	0	5	2	11	0	13	4	16	13	29	2	2	18	16	10	9	7	55	63	41	18	45	16	18	13	11	14	1	79	28	14	83	8	21	3	7	11	5	6	5	19	14	1	2	6	5	7	6	2	17	0	6	2	92	4	41	13	40	26	9	14	23	10	15	5	0	1	78	2	12	1
67	1	15	11	1	1	2	27	1	1	20	2	6	6	1	12	3	5	20	8	38	5	3	13	2	4	8	22	3	42	29	36	8	21	62	1	10	5	37	2	15	2	1	5	16	5	1	7	2	10	6	2	1	10	15	3	5	1	3	15	1	128	4	17	2	2	2	1	4	2	12	4	8	3	1	11	8	18	10	1	1	13	11	50	89	4	5	36	9	2	1	14	47	4	11	6	1	23	37	49	18	5	17	1	35	17	1	8	18	29	4	0	4	3	5	1	4	1	15	8	7	16	21	2	27	60	7	1	0	0	0	0	0	6	39	2	3	1	28	1	2	11	27	5	24	1	14	7	85	3	2	1	3	5	23	1	21	36	8	9	8	9	2	0	22	7	1	0	4	1	6	110	17	5	3	3	46	8	24	28	8	6	5	1	1	1	1	1	13	4	2	9	27	1	56	57	45	3	8	6	32	5	114	41	1	18	0	58	60	110	4	16	32	64	8	17	12	5	6	82	26	7	5	3	5	20	1	38	29	0	1	2	2	12	13	1	66	81	9	36	47	1	19	11	8	7	32	4	3	27	3	1	1	5	31	1	4	6	37	6	18	1	3	1	9	45	12	70	1	5	8	6	3	29	2	1	8	14	18	3	7	9	28	52	14	13	21	3	20	8	18	9	1	14	8	20	31	4	4	39	8	5	9	2	8	22	1	51	1	49	1	8	0	79	31	41	6	11	3	7	9	8	32	1	1	43	38	2	27	37	1	2	21	9	21	17	1	16	1	2	5	7	45	8	21	23	11	2	8	17	2	1	9	17	2	1	6	1	1	4	12	5	10	4	105	34	32	5	13	3	12	22	21	30	3	1	6	43	86	5	15	1	9	32	0	3	14	7	5	18	1	2	1	1	1	13	10	25	3	22	10	6	2	9	30	398	32	4	0	4	1	2	1	3	88	26	18	16	1	20	1	1	1	10	1	4	1	9	19	26	1	10	4	2	125	0	10	4	1	5	1	6	1	4	17	7	6	24	8	34	18	1	9	3	6	4	1	2	8	3	6	1	1	108	2	3	21	4	12	7	1	1	3	3	5	43	16	34	1	31	3	4	14	9	2	7	11	18	5	13	11	10	42	20	1	6	5	32	1	1	1	4	0	17	1	14	3	56	25	44	25	13	10	7	10	18	23	4	14	1	6	28	26	1	4	5	6	3	3	3	4	4	0	35	8	1	5	11	4	1	4	4	1	59	0	1	39	19	2	1	0	1	6	14	27	46	2	6	1	1	44	9	29	3	2	15	21	5	3	17	2	11	6	6	8	79	3	2	24	18	15	5	3	44	6	66	7	24	13	1	5	67	10	1	45	5	4	1	1	8	7	12	19	1	1	7	0	13	25	10	37	37	17	1	1	29	21	10	53	5	14	5	16	5	7	1	2	1	1	4	6	4	20	23	20	5	30	5	34	18	17	5	11	28	13	7	11	20	57	72	55	29	10	11	5	19	29	3	23	3	3	36	3	23	138	10	35	10	23	27	5	26	6	31	12	19	49	2	2	2	6	33	7	16	3	12	12	15	2	6	12	18	9	26	4	25	4	28	18	9	5	5	5	2	2	5	20	8	3	50	14	14	15	7	3	7	1	4	38	4	4	41	14	0	1	4	2	0	35	6	3	8	5	1	4	19	33	8	0	10	14	6	2	1	8	23	5	7	11	10	2	1	3	24	9	1	28	3	7	3	22	6	6	39	18	24	11	5	15	28	8	14	14	3	6	3	42	16	0	30	4	7	16	127	12	2	6	1	1	8	17	84	4	5	19	14	1	10	1	47	57	17	9	1	5	3	69	21	3	34	5	3	2	42	2	51	38	3	7	48	6	1	18	5	8	1	2	3	25	3	12	1	22	163	85	53	38	50	11	9	12	8	8	27	5	44	4	6	90	38	59	58	5	6	4	24	11	8	46	22	49	8	11	28	7	1	13	4	20	9	12	50	12	4	10	19	23	7	5	8	93	26	10	95	6	30	15	25	8	5	4	1	34	5	15	1	1	5	2	9	14	27	7	16	16	20	7	35	19	2	23	0	9	1	3	1	2	55	67	1	6	1	1	0	76	13	64	0	104	17	1	11	11	18	1	8	2	23	12	29	2	7	31	16	8	13	9	57	84	101	16	53	10	21	22	24	21	1	89	6	5	32	5	22	3	4	16	19	9	6	14	8	2	93	7	4	10	3	9	7	0	17	4	80	4	27	14	48	12	17	19	43	23	9	4	4	1	45	10	10	2
68	1	7	13	0	24	2	14	1	1	29	2	4	13	2	14	13	28	6	15	22	9	0	15	4	4	10	23	10	35	27	27	9	18	58	2	5	6	53	1	14	9	0	5	10	4	2	14	0	2	13	1	1	21	18	5	6	0	3	9	1	69	12	24	3	5	2	1	7	20	14	1	29	8	5	25	14	14	18	1	1	16	3	80	40	8	14	55	2	2	6	8	58	23	6	10	19	40	74	17	21	7	35	0	26	16	1	15	16	38	9	0	2	3	6	1	4	1	25	12	12	26	102	2	25	97	12	0	0	0	0	0	0	0	22	4	1	1	17	1	6	13	23	5	46	7	32	19	84	7	385	1	12	10	29	6	14	23	9	2	5	17	1	0	11	19	0	0	4	2	9	107	13	5	3	4	29	9	22	23	2	6	13	0	0	1	1	1	5	7	4	46	28	4	51	43	80	1	7	4	19	24	259	27	1	23	0	4	4	9	1	13	40	34	25	40	24	3	15	47	22	5	2	1	5	5	0	17	12	139	1	3	4	22	4	0	50	102	2	18	20	2	19	17	7	6	66	21	3	8	4	0	1	1	29	3	1	17	14	3	2	0	1	1	8	33	3	67	0	7	0	6	4	28	5	1	13	15	46	5	5	17	9	54	29	4	34	4	11	7	6	7	3	10	6	13	36	2	1	33	4	3	3	1	4	17	0	28	4	44	5	9	0	11	40	43	5	17	96	1	50	5	5	8	0	45	30	3	52	32	1	3	26	1	14	15	2	15	3	5	8	4	28	5	12	15	5	3	7	19	3	3	20	33	4	1	12	0	0	10	9	6	6	2	69	21	39	13	9	6	6	17	35	31	1	1	5	96	69	1	37	2	13	12	0	1	11	6	1	11	0	4	1	1	3	12	9	12	5	18	6	6	1	18	40	278	28	15	0	2	0	2	1	0	36	11	13	11	1	6	1	3	1	11	1	3	0	18	5	24	2	6	1	1	116	1	5	1	1	17	0	9	1	0	45	8	6	25	2	3	13	16	18	6	3	5	1	0	2	8	11	1	2	68	4	7	6	5	12	5	2	2	1	2	6	25	10	22	0	27	3	4	42	54	1	35	10	30	3	10	14	31	57	4	0	7	2	16	0	0	1	5	0	23	2	27	3	34	23	41	20	3	10	16	12	11	16	1	19	1	6	17	16	1	6	5	3	2	3	8	1	4	0	30	8	5	14	16	17	3	6	3	0	4	0	0	47	42	49	5	0	2	6	1	20	57	1	1	10	0	81	6	25	1	0	12	4	1	0	23	1	42	8	10	7	56	32	4	25	12	5	4	1	27	7	43	16	21	16	1	5	44	14	3	22	12	2	13	0	5	7	16	10	14	1	14	1	12	25	10	140	21	13	3	0	13	12	41	24	2	9	7	15	8	10	2	0	0	1	10	2	4	5	24	9	2	26	0	50	11	9	5	7	22	4	3	12	6	11	19	23	1	8	28	8	13	21	1	15	4	1	31	1	17	80	6	13	3	24	31	9	21	6	60	16	23	35	4	18	2	12	9	5	74	3	19	7	10	2	3	19	15	7	18	2	15	2	52	9	11	2	2	2	4	1	3	15	7	1	34	8	5	15	8	4	11	0	7	22	11	0	59	4	3	1	6	4	1	25	2	6	7	3	2	5	17	21	11	1	21	13	2	5	1	0	2	4	2	4	2	1	0	9	30	1	0	19	18	9	11	23	5	4	11	15	52	24	31	10	11	3	13	2	2	6	1	51	3	1	25	4	1	7	129	6	6	3	98	0	5	23	82	3	16	1	60	2	7	3	41	18	13	11	1	5	1	39	19	1	15	2	1	1	50	1	31	54	1	2	27	3	1	34	2	10	2	3	0	25	4	21	1	17	180	31	21	12	31	31	3	9	20	4	17	3	28	2	1	34	330	34	26	1	1	1	10	5	7	20	18	22	7	5	12	4	2	7	7	30	13	14	22	7	3	4	14	23	9	4	21	61	42	7	11	2	25	11	19	24	13	0	1	20	13	20	36	1	1	3	9	15	26	11	16	9	9	8	29	1	3	23	0	9	1	6	2	5	35	30	1	6	3	0	0	47	5	36	0	29	2	0	17	0	10	27	14	5	14	25	36	5	11	33	20	9	12	12	37	36	63	30	54	24	18	11	52	17	1	69	9	11	37	13	27	2	2	21	56	11	2	8	4	0	1	3	5	6	5	11	6	1	17	9	73	3	40	10	47	18	17	9	32	12	25	6	0	1	60	7	11	2
69	1	14	15	1	1	7	23	1	1	28	2	4	5	2	15	3	3	20	9	36	3	4	14	2	8	10	12	6	47	25	48	6	21	60	3	4	5	41	3	11	3	4	4	11	7	1	3	1	8	6	2	1	13	18	1	3	1	4	17	1	84	8	16	3	2	3	0	4	3	22	4	5	5	1	14	8	18	7	0	2	17	7	68	88	4	7	39	2	1	1	25	46	2	7	5	0	16	34	48	19	3	17	1	38	18	1	9	25	29	2	0	4	3	3	2	4	1	20	8	7	18	19	3	38	83	9	1	0	0	0	0	0	2	54	2	2	8	30	1	2	13	33	4	23	1	9	11	94	4	1	0	2	8	25	1	23	38	1	7	9	5	2	0	21	5	1	0	2	3	7	108	18	6	1	4	49	9	32	33	4	4	6	0	1	0	3	1	15	3	2	11	29	2	57	54	63	4	8	7	26	5	111	44	0	23	0	64	68	92	3	18	39	50	10	11	10	8	9	77	28	6	1	3	2	16	1	25	17	1	1	4	1	8	9	1	69	63	9	20	38	2	20	18	9	9	41	8	2	23	5	0	1	3	35	1	4	8	32	8	16	1	3	0	12	58	13	70	2	7	7	7	7	35	1	1	19	12	18	1	14	7	35	60	9	23	16	8	15	2	15	10	4	14	11	22	30	3	2	38	8	2	7	1	7	22	1	64	1	48	1	7	0	85	44	39	10	10	1	1	7	4	23	1	2	34	39	1	31	36	0	2	16	9	28	18	3	20	2	3	9	8	51	4	14	18	15	3	8	20	1	2	7	21	1	1	10	0	1	4	6	3	8	5	111	24	26	7	11	4	5	25	26	29	2	1	4	36	75	3	19	2	8	39	1	1	13	13	9	11	0	3	1	1	1	12	15	33	1	29	8	3	2	7	31	398	33	5	0	2	1	2	1	6	64	23	17	15	2	19	1	2	2	11	1	3	1	9	26	19	1	7	6	1	129	1	11	4	1	9	1	9	1	5	28	10	4	35	1	33	15	1	6	2	5	4	2	1	10	3	11	1	1	172	5	2	91	2	16	9	1	1	3	3	6	40	20	38	1	36	1	4	18	17	3	11	11	23	4	12	14	3	35	25	1	7	6	19	0	0	1	6	1	17	3	10	1	52	18	43	23	6	5	11	10	20	32	7	10	1	11	18	18	1	5	4	4	2	2	3	4	3	2	27	5	2	5	10	6	1	4	3	2	51	0	3	48	27	1	2	0	1	3	8	24	47	2	4	1	1	41	12	21	2	1	19	17	9	3	31	1	10	1	6	8	80	2	2	21	24	13	3	9	32	9	66	10	25	7	0	4	74	4	3	43	8	2	1	6	8	3	9	34	5	1	8	0	14	29	9	27	32	14	1	1	24	19	12	66	3	15	5	9	6	4	1	5	1	1	2	4	2	11	11	14	4	23	3	37	18	7	1	11	23	10	6	14	12	56	68	55	33	8	15	4	25	27	2	24	1	2	49	3	23	120	11	28	11	25	18	7	18	5	38	10	15	38	3	2	1	7	40	4	17	1	13	8	18	4	5	7	10	9	23	5	17	2	24	21	6	2	2	2	2	2	7	12	9	1	54	15	9	20	5	4	2	2	11	41	5	1	38	7	1	1	2	2	0	27	13	5	13	6	4	2	11	19	14	0	9	20	7	2	4	12	19	2	3	8	12	1	5	7	14	15	0	27	6	7	1	20	8	2	34	16	27	12	4	22	21	5	13	10	1	7	1	43	14	0	30	2	6	12	107	5	4	9	2	0	6	30	77	3	4	12	8	2	5	1	33	71	6	10	3	3	3	69	28	3	25	8	2	2	35	2	46	39	2	8	40	8	1	20	9	7	2	3	2	26	1	8	0	15	181	75	53	34	47	8	7	8	7	10	26	9	45	5	4	75	40	50	55	4	11	3	21	15	8	38	20	44	8	19	25	11	1	15	4	20	11	18	47	13	2	6	27	28	5	5	8	99	26	7	105	7	28	12	23	7	5	2	1	34	4	25	1	1	4	3	13	11	20	5	8	10	22	7	30	18	3	20	0	2	3	3	1	4	39	64	0	10	1	2	0	96	11	84	1	97	17	0	8	11	14	0	12	1	29	17	35	2	6	25	20	9	17	11	47	80	105	19	57	14	27	23	35	17	1	98	9	4	36	2	19	4	2	18	27	13	5	18	11	1	78	2	6	9	4	7	15	2	13	4	74	9	35	17	61	12	20	14	53	28	7	4	2	1	42	9	11	2
70	1	28	26	4	0	3	59	3	1	45	10	5	25	1	14	6	20	43	18	67	14	7	28	7	12	11	19	9	50	22	41	10	39	47	5	13	18	77	3	19	6	1	9	34	2	0	11	2	55	5	2	1	23	19	6	3	0	4	22	0	47	7	18	1	2	11	0	3	9	20	3	13	9	5	20	9	21	6	1	1	24	19	75	103	6	11	53	14	3	7	25	50	12	5	2	2	21	26	42	13	4	21	0	10	5	0	2	8	44	9	0	12	6	8	1	2	1	29	14	16	23	34	3	36	75	37	1	0	1	0	0	0	13	39	2	5	4	40	1	2	4	33	8	40	2	44	13	66	11	13	0	15	7	23	1	15	57	23	1	15	5	2	0	33	21	3	0	7	4	10	133	14	3	5	6	32	11	50	55	15	2	5	0	0	1	1	1	47	7	1	17	44	2	52	32	68	1	37	18	18	12	221	40	0	21	0	67	43	155	4	12	26	26	2	9	16	1	33	48	26	7	12	2	7	14	1	19	15	1	0	8	2	13	1	1	51	63	1	20	20	3	16	2	17	13	56	7	5	10	1	1	1	1	59	4	4	6	32	21	1	1	1	1	11	21	27	55	1	17	10	13	4	32	2	1	13	32	21	8	16	38	79	78	22	33	17	5	20	1	19	1	1	16	10	19	35	14	3	35	6	3	1	4	16	13	1	25	1	37	3	7	0	50	38	30	9	2	1	4	37	5	42	0	4	35	53	3	27	42	2	9	18	2	16	17	2	21	1	9	11	2	18	2	23	26	9	2	6	5	1	1	8	32	1	0	9	0	0	9	7	3	5	1	75	10	22	14	11	6	10	11	20	25	6	2	8	72	65	14	16	9	10	68	0	3	9	10	6	11	1	0	2	2	1	7	15	18	6	32	6	1	0	6	9	354	32	14	0	9	1	2	1	9	39	29	11	8	2	49	0	1	7	7	3	5	2	9	17	17	2	7	10	2	88	0	14	1	1	7	0	7	1	10	30	10	3	40	13	43	15	2	9	5	10	3	3	2	16	5	11	6	1	123	10	15	264	4	9	11	1	2	2	9	6	32	14	49	1	17	1	3	15	26	2	23	22	25	2	10	7	6	32	36	0	5	3	19	0	0	1	1	1	9	1	24	5	26	12	35	60	5	5	10	25	9	14	6	16	0	8	21	27	0	2	2	2	5	1	6	1	4	0	25	6	1	9	20	6	1	5	5	2	76	0	1	22	26	1	1	0	0	3	37	15	85	7	2	0	0	28	9	28	5	1	2	9	2	0	28	1	11	6	6	2	58	1	1	18	9	3	3	2	21	3	78	4	17	13	0	1	47	10	1	20	9	1	0	6	1	1	4	12	2	1	1	0	7	21	11	31	18	6	0	0	12	6	5	53	7	3	1	9	4	4	0	6	1	1	3	1	2	6	42	6	3	22	0	24	8	5	1	5	10	0	1	5	4	25	40	54	7	1	3	2	9	11	1	41	5	1	36	1	15	75	3	9	4	23	9	16	14	6	24	9	13	42	6	2	2	3	25	5	12	1	4	4	6	1	1	8	18	3	9	2	15	1	37	10	2	1	1	1	2	0	3	16	3	1	23	11	6	9	1	2	4	1	18	41	9	2	43	5	0	3	7	2	0	35	17	7	7	10	3	9	26	20	5	0	7	21	5	9	2	3	18	2	1	2	5	3	0	7	12	12	3	18	6	3	5	32	8	5	15	25	42	10	6	7	20	2	5	4	2	2	1	20	15	0	12	1	8	9	69	3	1	4	2	0	1	23	99	2	7	1	9	1	3	1	35	9	8	10	0	5	2	58	10	13	39	8	2	4	46	4	64	51	4	8	60	3	0	14	2	12	1	13	3	26	3	22	1	16	217	75	60	36	44	2	3	6	2	8	32	3	43	3	5	82	35	61	67	1	5	3	22	9	4	21	24	22	4	10	10	4	4	8	3	26	5	17	59	7	1	5	12	9	5	12	14	86	30	2	38	1	15	11	32	9	2	4	1	29	8	27	5	1	7	2	7	9	26	12	25	18	39	11	22	56	2	25	0	3	2	3	1	5	40	33	4	12	6	1	0	79	3	31	0	114	15	0	6	20	15	1	9	2	16	28	26	1	9	17	48	22	16	14	52	38	115	15	47	13	25	11	37	18	1	69	10	5	32	16	21	1	4	18	36	5	8	11	3	1	93	10	1	9	13	13	10	0	22	9	54	6	29	16	50	8	9	12	56	19	11	1	3	1	77	7	13	3
71	1	5	28	16	5	5	9	7	4	74	0	5	28	0	26	16	14	28	33	41	9	0	0	4	9	26	37	16	31	14	18	4	20	52	9	0	9	22	5	14	9	0	12	20	0	0	26	0	0	20	5	0	35	49	0	12	0	0	0	0	0	5	41	14	0	12	0	9	5	43	0	35	5	0	24	26	7	12	0	7	26	12	52	53	26	28	16	0	5	0	0	18	16	0	37	14	14	53	0	39	26	37	0	22	16	0	12	0	52	4	0	12	0	0	16	0	4	52	12	33	26	85	7	31	70	0	0	0	0	0	0	0	16	35	7	0	0	5	5	0	9	4	0	45	0	52	72	70	26	700	4	20	7	49	9	0	49	9	0	5	5	0	0	39	33	0	0	16	16	9	88	7	16	0	7	43	20	52	45	0	4	18	0	0	0	0	5	0	0	0	45	52	5	33	56	39	4	0	0	7	16	213	47	0	0	0	26	7	33	0	4	58	12	14	12	12	0	49	31	16	0	0	0	5	0	0	12	18	124	0	5	7	14	0	0	55	82	0	0	7	4	20	0	5	9	53	33	0	14	0	0	12	0	58	4	0	0	9	0	0	0	0	5	22	28	0	43	0	4	4	7	0	24	0	0	0	5	26	5	7	22	22	31	16	22	24	0	7	0	5	0	0	18	0	12	60	5	22	22	16	18	0	4	18	0	5	9	0	16	9	7	0	0	0	7	5	22	125	7	85	5	5	0	0	12	26	5	52	0	0	0	22	0	20	7	0	43	0	0	18	9	9	0	0	12	5	0	7	14	12	0	14	35	0	0	12	0	0	22	0	5	4	5	52	5	7	22	16	0	0	5	16	55	0	0	9	109	52	0	37	0	5	4	0	0	14	4	5	16	0	0	0	0	9	4	4	28	9	33	0	5	5	9	28	148	18	71	0	4	0	0	0	0	20	5	9	7	0	18	0	0	0	12	0	0	0	5	7	20	4	9	28	0	178	0	0	0	0	20	0	18	0	0	45	0	0	43	12	9	14	0	12	5	18	37	12	0	5	12	5	0	5	67	14	18	554	9	31	5	0	4	0	0	5	41	5	24	0	55	0	0	43	14	0	47	33	82	0	9	9	5	14	5	0	0	0	0	0	0	0	0	0	9	7	37	0	12	7	7	49	16	45	0	12	22	7	14	43	4	9	14	33	0	0	0	0	0	0	5	4	0	5	12	7	0	14	7	9	7	7	0	0	9	0	0	22	37	14	0	0	0	16	0	12	84	22	0	0	0	64	14	24	5	0	0	12	0	0	5	0	80	0	0	0	37	33	0	20	7	12	0	0	26	0	75	16	14	18	0	0	5	12	0	0	9	5	4	0	0	0	0	12	0	0	9	4	5	26	9	169	12	41	0	0	0	14	0	0	4	0	0	22	0	4	0	0	7	0	5	0	22	12	127	14	7	9	0	14	0	0	5	20	20	0	0	5	0	7	14	12	4	12	0	0	9	0	0	14	39	0	31	0	9	55	9	5	0	14	0	5	41	4	12	0	7	47	16	5	0	7	0	0	16	7	20	7	20	0	0	16	39	0	5	0	18	0	12	9	5	0	0	0	16	0	0	0	0	0	7	5	4	14	7	22	5	0	22	61	5	9	58	0	5	0	12	9	0	31	12	0	9	9	5	33	7	24	0	0	7	7	9	9	0	0	0	0	0	5	0	0	0	0	12	0	0	0	20	0	4	9	0	0	0	5	60	33	31	22	7	0	5	0	4	4	0	18	14	0	0	7	4	7	77	14	5	0	132	0	0	39	74	0	0	0	56	0	14	0	7	0	0	18	0	31	0	41	14	7	24	0	0	0	4	0	35	9	0	0	43	5	0	96	0	0	0	12	0	31	9	39	0	43	92	45	16	12	22	0	0	5	0	5	0	5	26	0	0	70	217	35	26	0	5	0	0	0	28	16	26	16	28	0	5	9	7	5	0	28	0	56	97	18	4	7	9	5	4	14	37	89	35	0	7	0	7	12	14	14	0	0	0	24	37	24	43	0	18	4	7	0	31	4	33	9	4	0	0	0	0	7	0	0	4	0	0	5	5	18	41	5	9	0	0	4	0	16	0	20	16	0	14	0	16	14	12	0	7	14	20	5	5	7	58	12	0	14	64	31	28	41	14	107	16	0	28	9	0	22	9	0	18	0	7	4	14	43	7	7	9	4	0	0	0	0	14	7	16	18	0	0	16	33	33	0	16	7	37	0	0	5	33	28	5	0	0	0	97	0	14	5
72	1	7	16	0	0	0	20	0	12	68	16	0	20	5	16	16	25	0	30	5	5	0	34	16	39	25	16	56	0	52	0	5	12	48	16	5	16	82	12	39	12	12	20	16	0	0	0	7	7	16	12	0	20	16	12	16	0	7	5	0	7	25	5	5	0	12	34	7	12	43	0	16	25	5	34	0	5	0	0	0	16	43	5	25	5	16	112	0	20	0	25	12	0	0	20	7	5	30	0	56	0	12	0	0	0	16	16	12	7	16	0	7	25	0	30	0	0	20	7	30	7	0	0	20	16	102	0	0	0	0	0	0	0	52	7	0	0	0	0	0	16	0	0	68	0	39	30	0	7	7	7	12	0	0	0	7	48	7	0	0	0	7	0	16	25	0	12	7	20	0	25	12	0	0	16	7	25	20	20	0	34	52	20	7	16	25	5	16	0	0	48	20	0	25	16	12	0	12	0	0	5	20	7	0	12	0	12	61	43	7	0	0	25	0	12	0	5	0	20	0	0	5	5	5	0	20	0	7	0	0	7	5	0	5	0	34	7	0	7	43	43	7	0	0	5	20	30	0	5	0	7	12	20	210	0	0	0	0	7	0	5	0	0	7	12	0	7	0	0	0	12	0	39	0	0	105	7	7	0	34	0	12	25	16	0	0	20	5	0	7	0	7	5	5	0	75	0	30	30	0	20	0	5	56	16	25	12	16	61	12	0	0	43	7	7	0	0	0	79	20	12	0	7	0	16	0	0	7	0	0	0	7	0	7	16	7	0	0	56	43	7	5	0	48	7	25	0	0	0	0	0	7	25	0	16	20	0	0	7	0	0	5	0	39	0	20	16	25	7	12	48	0	52	7	0	7	7	0	0	71	0	5	12	0	12	16	7	12	5	0	5	12	7	5	5	16	0	0	117	0	12	0	12	0	52	25	0	7	5	0	0	0	0	7	0	0	7	0	12	0	0	0	0	0	0	5	7	12	0	20	0	30	0	61	7	12	7	12	0	0	0	12	0	34	0	34	39	20	52	0	0	0	7	25	12	7	5	0	0	0	16	0	89	0	43	354	5	7	0	0	0	0	0	5	7	5	20	0	7	0	39	7	0	0	43	12	34	0	12	0	0	0	0	30	0	0	5	16	30	0	0	0	5	0	0	12	5	7	20	178	5	5	0	0	16	16	0	12	0	43	43	0	0	0	0	0	0	0	0	0	0	0	5	7	0	0	5	39	5	0	0	16	43	16	7	12	16	0	0	0	0	0	0	0	68	7	7	7	0	5	30	7	39	5	0	0	0	0	183	0	12	0	0	0	43	39	0	30	16	0	0	7	20	0	82	7	0	0	0	0	12	0	0	0	0	5	0	0	0	0	0	7	0	0	0	0	12	34	12	0	0	0	12	0	0	0	0	5	48	0	12	0	0	0	0	0	7	34	7	0	0	0	30	7	0	77	0	0	0	0	0	0	0	0	0	0	5	0	75	39	30	0	0	0	0	7	0	7	12	0	183	0	30	0	0	25	5	7	7	16	30	25	16	7	12	12	20	48	0	0	0	5	0	16	20	20	0	0	0	16	25	0	0	0	5	12	0	0	0	0	0	0	0	0	0	0	0	0	30	0	5	5	16	5	0	0	89	7	7	0	7	0	25	0	16	0	12	159	7	7	30	7	0	12	0	25	0	5	39	7	0	5	7	0	0	0	0	0	0	0	0	0	20	0	0	5	20	0	0	7	12	7	0	0	7	0	0	0	30	0	12	5	0	0	0	12	0	0	5	0	43	0	0	7	0	0	16	0	5	165	20	0	20	5	12	0	0	5	0	7	20	12	0	7	16	0	7	5	7	7	0	0	25	0	79	48	0	25	136	0	0	25	5	7	0	0	0	5	0	43	0	0	0	71	30	20	64	7	43	7	5	7	0	0	64	25	7	52	89	117	16	0	39	0	0	0	0	0	0	0	0	0	0	7	5	0	5	12	0	0	30	7	0	0	12	0	7	0	5	92	16	0	5	0	0	12	16	5	5	0	0	12	0	34	30	0	30	0	12	0	7	52	12	0	16	12	12	25	7	43	0	0	5	0	12	0	0	0	0	0	30	16	0	7	0	0	0	0	0	0	7	0	0	0	0	0	0	0	12	0	0	7	7	12	12	12	25	7	16	0	0	7	20	7	0	12	0	61	25	0	20	0	20	0	0	0	39	7	52	16	0	5	0	0	20	16	25	0	0	0	39	0	39	43	7	0	16	12	20	7	16	12	12	20	0	0	43	0	7	0
73	1	29	28	2	28	10	21	0	0	48	6	2	26	4	18	17	44	27	47	36	21	0	2	2	17	16	30	11	34	16	25	9	25	57	2	2	13	45	2	29	19	0	19	2	0	2	20	0	2	13	4	5	44	40	2	2	0	0	28	0	30	8	53	3	0	2	0	13	35	29	0	27	5	8	56	29	13	16	0	2	12	5	102	42	5	2	43	2	6	2	2	55	9	0	19	3	22	83	30	35	7	42	0	29	2	0	36	9	48	13	0	2	3	6	6	4	2	31	14	38	24	138	8	18	68	21	4	0	0	0	0	0	5	35	3	5	2	3	2	0	11	24	6	64	0	20	45	55	0	636	2	12	7	41	7	10	17	9	5	5	26	0	0	7	32	2	0	8	16	0	102	22	3	0	3	46	21	32	25	6	2	12	0	0	2	0	2	25	13	0	30	56	3	40	26	58	0	21	2	11	32	210	45	0	15	0	22	19	14	0	23	31	34	6	31	25	2	13	57	27	11	9	2	13	5	8	9	13	87	0	4	6	14	0	0	38	98	0	13	16	0	13	5	7	5	76	35	0	14	5	0	7	2	50	3	0	9	23	8	0	0	0	2	8	24	7	35	0	7	0	12	10	45	4	11	8	24	55	9	10	23	14	52	32	0	44	0	14	6	9	0	2	12	5	17	71	8	7	21	2	5	2	6	6	11	3	3	0	17	2	23	0	12	29	23	7	17	149	6	46	11	24	5	0	62	26	2	54	17	0	8	21	0	4	13	0	10	0	5	13	4	31	3	13	29	2	5	7	14	2	0	16	32	0	0	7	0	0	8	6	0	8	2	65	4	36	15	24	8	5	8	34	13	7	6	8	108	63	2	61	6	32	2	0	3	13	5	4	16	0	0	7	0	11	5	9	31	4	32	2	0	0	12	29	188	37	29	4	12	3	6	0	0	12	5	2	6	0	3	0	2	2	10	0	2	3	13	5	32	2	14	4	2	120	3	10	0	4	19	0	29	2	0	18	0	0	14	8	7	4	0	48	8	6	10	6	4	9	7	22	5	0	98	3	11	237	0	21	22	0	2	0	0	8	50	7	27	0	7	5	3	58	42	0	53	23	54	14	10	9	9	22	7	0	0	0	27	4	0	0	16	2	14	5	38	11	28	14	40	37	6	12	9	12	2	14	2	41	0	6	16	18	0	13	10	2	0	4	4	0	2	2	41	10	0	7	12	44	6	12	4	2	19	0	0	38	19	78	6	0	0	5	0	5	54	14	0	22	0	85	5	39	9	0	2	4	12	0	17	0	42	13	6	0	67	25	2	13	0	0	4	4	11	0	71	20	32	24	0	3	20	10	8	4	12	7	7	0	5	2	22	8	0	0	6	4	3	2	27	217	17	48	3	0	4	2	6	20	5	8	8	9	2	19	7	0	0	2	21	2	6	13	76	6	2	25	0	41	0	15	7	8	12	0	5	7	2	5	10	8	0	0	10	0	13	18	0	13	16	2	40	0	31	66	4	12	3	17	13	2	18	11	6	11	9	30	12	21	5	9	7	4	38	7	9	10	12	0	2	21	8	4	0	0	9	0	21	4	5	0	0	0	0	0	2	2	2	0	26	10	5	2	4	0	9	0	25	35	2	0	107	4	21	3	11	6	0	29	5	9	7	8	3	13	13	30	6	0	21	9	2	10	0	0	3	3	3	4	2	0	0	19	24	0	0	20	9	7	12	3	5	6	9	3	36	18	47	9	4	4	0	0	3	6	0	30	4	0	7	7	7	11	111	9	0	5	132	0	2	17	104	2	12	0	64	0	12	4	12	0	12	17	0	7	2	32	12	3	11	0	2	0	6	0	22	5	0	0	28	6	2	102	6	13	0	2	0	56	7	19	5	40	107	20	14	12	24	10	0	9	11	7	6	9	26	0	3	25	221	29	17	3	0	2	6	7	3	8	22	10	3	8	18	0	2	3	0	45	9	44	70	19	7	11	10	6	14	3	20	53	25	0	4	2	21	9	19	29	13	2	5	9	35	7	39	0	6	5	6	11	30	17	30	4	12	10	17	0	4	20	0	16	2	7	2	5	22	13	0	4	9	2	0	8	0	0	0	36	3	0	13	0	29	32	16	13	7	13	29	6	0	23	32	16	12	25	47	19	60	20	29	71	12	5	29	15	0	36	2	9	31	6	29	0	7	14	31	2	7	16	11	6	0	2	0	12	18	8	7	0	18	5	48	0	13	13	32	32	6	6	25	10	13	4	0	0	86	0	18	8
74	1	16	10	0	1	3	6	2	1	19	1	6	7	1	18	2	9	19	11	34	11	3	35	1	6	8	19	5	29	19	18	4	19	66	1	2	5	39	2	18	7	0	3	12	4	1	2	0	3	12	2	0	17	15	2	4	1	3	6	6	98	3	23	4	7	3	0	1	4	28	5	16	3	2	17	6	20	21	1	0	27	29	97	95	4	1	49	7	3	2	6	57	2	10	4	2	28	43	18	12	8	29	1	23	10	1	8	22	30	2	0	2	2	5	1	2	1	17	15	8	20	46	4	11	88	15	1	0	0	0	0	0	14	37	6	6	1	11	1	3	13	24	10	19	1	16	6	84	9	38	1	4	12	29	5	10	36	6	12	6	10	1	0	14	23	0	1	4	3	6	128	17	9	4	2	50	10	30	32	3	13	84	0	1	2	6	1	27	5	0	24	24	0	43	50	36	4	1	1	24	13	155	34	2	16	0	36	50	64	5	18	29	59	14	16	10	0	7	65	21	13	3	3	8	6	1	32	18	1	1	2	2	8	9	0	59	136	0	22	16	1	17	15	6	13	33	12	4	10	3	0	1	2	21	3	1	4	16	3	1	0	0	0	13	24	2	66	1	3	2	8	4	37	1	4	15	13	17	1	1	18	1	56	24	2	10	7	17	12	6	8	3	10	6	17	18	4	1	30	8	5	5	1	6	23	1	24	9	52	4	3	0	29	58	45	5	13	1	1	20	10	28	1	1	49	36	1	44	23	0	4	21	0	11	8	1	18	2	4	5	6	33	29	9	18	11	1	4	19	1	3	15	36	6	1	11	0	0	5	8	4	6	2	86	36	17	6	12	8	3	17	30	32	4	2	7	37	90	2	18	3	6	2	7	2	13	9	4	15	2	1	1	1	3	12	17	26	10	22	14	2	1	10	38	299	25	5	0	8	1	7	0	0	69	29	23	17	0	10	3	2	2	9	7	25	4	23	8	33	3	14	1	3	132	0	9	2	2	10	0	7	1	0	10	8	3	27	9	23	15	3	10	3	3	7	2	8	12	6	14	2	0	110	1	2	20	6	15	16	2	2	3	1	7	41	13	40	1	29	11	6	21	11	1	6	18	17	8	15	7	18	62	5	1	1	1	26	5	0	2	3	0	18	2	19	0	41	31	42	25	7	13	15	11	17	30	7	27	1	8	24	33	1	4	8	8	4	2	5	2	2	0	41	13	3	5	24	20	8	9	1	3	9	0	1	41	26	25	0	0	1	6	1	19	25	2	1	1	0	92	9	14	2	0	11	21	5	1	37	3	14	8	7	4	63	31	5	26	22	7	3	2	49	14	70	7	61	45	2	6	60	15	11	23	28	4	5	1	4	12	10	22	7	10	7	1	20	31	13	105	26	17	1	15	6	6	2	31	18	27	8	8	5	13	0	0	0	1	34	4	4	14	10	21	13	19	0	30	13	12	3	9	23	5	13	10	4	17	74	7	2	3	8	3	18	26	3	89	3	3	33	0	14	125	6	30	7	18	13	6	21	11	16	15	9	71	1	6	2	39	19	3	12	1	20	11	20	2	8	21	9	4	12	7	20	4	13	13	8	2	2	2	4	0	3	19	13	2	35	18	12	11	8	6	6	0	6	31	4	2	56	9	1	2	4	8	0	34	10	13	16	14	9	27	28	64	14	0	7	13	6	7	4	0	8	2	4	8	2	4	1	7	20	17	0	44	14	14	40	18	10	7	23	14	26	9	33	18	18	7	18	1	1	4	2	60	19	2	27	8	1	6	168	12	12	6	23	0	4	20	67	1	22	0	73	1	10	1	72	5	20	18	0	4	4	64	31	5	24	7	1	0	28	1	26	28	1	7	28	6	1	31	6	16	8	3	6	28	5	21	1	21	345	48	31	24	32	19	3	10	19	12	7	7	33	6	4	44	28	34	43	3	4	1	13	6	1	8	16	10	1	6	9	4	7	13	3	43	20	45	38	8	2	17	9	22	6	9	10	59	34	8	22	17	45	18	26	10	6	1	2	15	6	11	5	1	7	6	10	18	24	10	18	12	16	13	40	1	1	35	1	10	1	6	1	6	29	31	0	6	6	0	0	27	1	14	0	69	14	1	3	1	30	0	9	5	17	18	30	1	9	34	10	16	14	6	44	79	40	12	53	16	40	17	17	13	0	65	30	3	44	8	24	2	7	9	8	3	4	16	13	1	17	9	8	10	9	3	17	1	10	9	109	5	39	16	54	17	22	12	22	8	9	4	1	1	46	2	7	2
75	1	13	12	1	0	4	26	2	1	43	4	7	9	0	12	3	11	24	14	39	9	2	8	3	9	7	19	3	44	27	36	9	23	64	3	6	7	39	2	14	4	6	4	18	2	0	5	2	7	5	1	1	12	16	2	2	5	5	20	0	97	1	14	0	5	4	1	2	11	12	3	4	6	1	11	8	14	3	1	0	14	21	64	112	3	7	35	7	5	1	13	49	3	4	5	1	18	45	52	17	4	24	1	33	12	1	8	20	33	6	0	5	3	6	2	4	1	24	6	7	21	27	2	32	67	11	0	0	0	0	0	0	12	43	2	2	4	33	1	1	14	28	5	31	1	11	10	92	5	3	0	15	7	18	2	22	45	11	6	7	8	1	0	24	9	1	0	2	1	8	135	22	7	3	1	45	7	30	32	4	6	15	0	0	1	2	1	12	5	1	5	29	2	53	62	63	2	15	4	35	4	93	44	1	13	0	76	57	120	5	13	32	56	6	12	9	2	11	70	18	7	8	4	6	8	1	32	32	1	1	6	2	9	3	1	79	67	15	34	48	2	17	15	5	12	36	4	3	24	3	0	0	5	37	1	3	7	46	10	17	2	1	1	10	42	14	66	2	8	19	4	3	39	1	0	9	15	15	2	3	12	16	61	12	22	25	1	22	8	29	6	3	13	11	22	31	9	3	31	4	3	5	2	11	22	1	34	3	56	2	6	1	125	38	45	4	9	3	9	12	9	30	1	2	44	32	3	28	32	1	3	18	3	22	12	2	14	2	5	8	8	38	2	22	31	13	1	7	14	2	1	5	31	2	1	6	0	1	6	8	4	6	1	94	22	19	4	20	4	14	14	25	25	3	0	4	51	85	4	13	2	11	21	0	4	16	7	4	16	1	1	1	0	1	12	18	28	2	24	8	4	2	8	32	398	32	9	0	7	2	1	1	5	82	23	17	8	1	34	1	2	2	13	2	2	1	6	9	26	0	11	2	1	153	1	13	2	2	7	2	7	1	2	17	9	4	39	5	30	16	1	9	1	7	2	1	3	7	4	11	2	0	150	3	2	64	3	12	7	1	2	2	2	5	46	12	64	2	21	2	3	16	10	7	7	12	22	6	16	9	7	33	12	1	6	2	34	1	0	1	4	0	21	2	14	2	50	29	39	26	10	9	7	10	22	24	4	12	0	10	22	22	1	4	3	3	4	2	5	4	6	1	46	5	3	7	7	3	1	2	2	1	52	0	1	37	19	1	0	0	1	4	23	20	53	2	2	1	1	44	7	25	5	1	12	10	4	1	21	3	7	4	5	6	75	3	2	21	23	18	4	4	42	4	67	17	21	12	0	4	64	11	1	32	3	5	2	16	6	2	8	18	3	2	7	0	13	18	10	40	35	18	1	1	29	22	13	66	2	13	4	9	7	5	2	2	3	1	2	3	5	13	13	20	5	32	15	35	19	11	2	9	27	4	7	10	43	52	83	41	32	6	8	7	11	24	2	31	4	1	40	1	21	120	5	24	14	19	29	11	27	4	27	14	18	59	2	1	1	5	62	7	15	4	10	8	13	2	2	10	12	7	8	2	19	3	48	18	5	0	0	0	2	1	3	12	4	1	52	13	15	8	5	6	6	1	11	41	7	3	44	6	0	1	4	1	0	28	16	5	6	1	1	5	13	35	10	1	4	18	5	6	1	6	35	3	4	9	5	7	1	4	22	26	1	31	3	2	4	23	5	6	44	20	43	17	5	17	24	7	8	4	2	5	1	46	9	1	20	7	7	12	116	13	2	5	1	0	9	18	110	3	11	12	22	1	11	1	44	29	9	12	2	5	5	61	21	7	37	5	2	1	58	2	57	68	2	5	61	5	1	25	4	12	4	9	2	40	3	11	1	20	204	96	59	33	55	9	5	13	12	3	10	4	52	6	2	105	39	62	71	2	6	5	20	12	11	29	19	36	11	13	21	9	1	11	9	14	9	13	56	10	4	15	26	22	6	12	7	99	24	6	84	8	27	20	26	8	4	4	2	25	2	20	2	2	4	4	6	12	30	7	15	12	14	6	37	15	5	20	0	4	2	6	1	2	59	73	1	5	1	0	0	75	7	46	1	132	17	25	12	21	16	1	12	4	22	15	33	3	7	25	17	14	12	8	48	72	107	17	43	12	27	14	22	20	0	79	4	2	27	6	31	2	2	11	22	11	8	6	5	1	66	5	4	13	4	7	12	1	21	2	75	6	38	14	54	15	13	20	41	19	8	6	1	1	58	7	7	1
76	1	22	22	0	0	0	53	0	0	31	0	7	13	5	13	13	9	22	16	54	11	0	24	29	14	14	11	27	75	22	35	2	40	89	24	13	11	53	3	13	0	33	0	18	0	0	7	11	14	2	0	0	20	20	7	0	0	0	14	0	62	5	37	0	0	14	0	5	16	11	13	3	0	0	26	9	0	14	0	2	26	13	91	82	0	0	22	16	3	18	14	26	5	0	2	0	24	27	20	16	18	29	0	27	16	0	5	24	27	14	0	13	5	0	18	16	7	5	14	11	11	0	9	31	53	13	2	0	0	0	0	0	3	42	5	0	9	22	2	0	9	2	0	14	0	26	9	74	18	3	0	13	7	18	0	29	74	24	7	13	0	3	0	20	18	0	0	0	0	9	111	3	7	20	3	48	22	98	94	11	9	7	0	2	0	7	7	20	11	0	0	24	0	35	40	44	9	5	0	46	14	107	44	0	9	0	68	38	77	2	37	20	11	0	13	42	5	14	18	13	0	5	14	0	7	3	22	22	0	0	14	7	20	5	0	62	24	0	37	20	0	22	14	5	16	35	9	18	3	0	0	2	13	119	0	0	0	33	16	11	0	2	2	9	35	20	33	3	3	9	9	5	27	3	5	20	26	24	0	22	5	3	62	20	11	22	0	24	0	14	0	0	16	7	9	31	9	27	59	0	0	0	0	24	42	5	37	7	46	0	16	5	35	16	31	0	3	0	9	26	3	14	0	0	3	29	5	38	35	5	7	9	0	5	9	0	14	0	18	9	9	24	2	35	29	3	0	37	11	7	0	38	27	3	3	3	0	0	0	0	0	13	0	75	37	18	2	9	3	22	2	9	42	9	0	3	38	56	13	24	0	9	13	0	3	5	0	3	22	0	0	7	0	14	11	9	7	0	33	0	0	0	0	18	255	18	7	0	9	0	0	5	2	29	14	11	2	0	54	0	16	0	14	0	5	0	27	11	13	0	18	20	9	121	5	2	3	0	3	0	9	5	5	31	0	0	40	0	18	7	9	0	13	5	7	11	14	3	0	18	3	3	137	9	3	523	2	11	0	7	2	0	0	5	22	3	31	13	7	0	0	14	7	0	29	33	13	2	20	3	9	11	20	5	5	3	16	0	0	0	0	0	3	0	9	9	31	13	72	59	0	5	0	16	13	24	2	0	0	14	7	11	0	0	33	0	0	0	0	0	0	5	9	26	2	0	7	20	7	7	2	3	22	0	0	18	22	0	0	0	0	7	13	72	51	5	9	3	0	56	5	27	22	0	0	14	13	0	49	5	0	29	3	0	18	3	7	9	9	0	5	0	38	0	87	5	3	0	0	3	27	22	3	35	18	0	0	11	5	0	0	3	18	0	0	0	9	18	11	26	27	14	0	3	5	5	16	61	9	3	0	3	2	3	0	3	0	0	3	3	0	29	29	7	2	53	0	3	0	0	0	0	0	0	0	0	22	14	29	11	11	3	0	3	38	9	0	3	9	0	89	0	9	71	35	14	0	24	24	9	26	0	16	0	7	48	11	0	0	22	56	16	0	7	7	0	0	0	3	13	16	18	3	0	7	0	7	13	3	0	0	0	5	7	5	0	0	0	44	0	5	13	0	22	3	0	11	35	3	22	16	0	0	0	0	3	0	13	11	7	2	0	0	5	5	27	5	0	2	27	20	3	16	0	0	0	0	5	9	9	0	22	38	5	0	7	13	5	3	20	35	5	11	9	27	7	13	13	13	48	3	0	3	11	0	7	5	0	0	0	2	3	91	33	0	0	0	0	7	59	98	0	0	0	5	2	7	0	20	3	22	18	3	0	3	49	37	5	14	0	0	0	61	0	87	54	0	0	100	7	2	44	0	7	0	7	0	24	5	16	11	3	129	98	48	20	68	0	3	0	7	5	14	7	98	0	0	138	33	79	35	0	16	0	14	11	27	20	24	20	27	11	0	0	2	11	13	11	7	5	133	5	3	3	7	3	22	9	14	128	16	0	20	9	5	14	20	0	26	5	2	13	0	22	24	0	13	3	0	42	11	5	9	11	11	7	24	22	9	7	0	0	2	0	0	3	14	48	3	0	3	2	0	31	0	16	7	97	3	14	7	16	7	5	26	0	3	26	54	0	3	14	22	13	16	9	75	53	109	24	44	11	9	20	44	5	0	48	3	0	53	20	16	5	0	13	9	16	11	0	0	3	31	5	3	9	24	3	0	13	5	26	48	18	31	20	68	7	5	16	31	13	14	0	0	11	37	9	31	13
77	1	14	13	1	0	5	16	2	1	28	1	8	7	1	17	3	11	22	8	35	7	1	6	3	4	8	16	4	28	22	22	5	22	66	1	9	4	38	2	13	3	1	4	10	2	1	3	1	3	8	2	1	9	12	2	3	1	4	11	1	121	3	16	3	5	2	1	2	5	14	2	7	3	2	13	10	23	5	1	1	16	36	53	114	2	6	33	8	2	2	9	37	4	8	7	5	23	37	42	12	7	9	0	32	16	1	4	24	28	1	0	4	4	6	1	5	1	11	11	7	19	33	3	23	72	8	1	0	0	0	0	0	10	42	3	2	2	20	1	2	13	31	9	24	1	16	10	95	7	7	0	7	5	20	3	21	39	7	7	9	12	1	0	17	9	1	0	3	1	7	130	14	6	2	2	34	8	19	21	2	8	44	0	1	1	1	1	11	3	1	8	27	1	49	73	59	4	25	2	31	5	112	33	1	20	1	34	33	61	2	21	30	55	8	7	13	4	9	65	20	5	5	3	4	7	1	40	26	0	1	3	3	12	9	1	66	115	8	34	38	2	16	15	10	9	30	3	3	18	3	0	1	1	27	2	1	7	35	9	12	1	1	1	8	37	11	67	3	11	15	7	3	38	2	1	5	16	13	2	6	12	6	62	14	21	36	4	26	6	24	3	1	18	8	20	18	4	3	31	8	2	5	1	8	19	1	37	1	47	1	3	0	74	30	47	4	12	2	6	18	4	26	1	1	53	26	1	30	29	1	3	22	5	12	10	1	18	1	3	6	4	43	5	12	29	11	1	9	13	1	1	7	34	2	1	6	0	1	4	12	4	11	6	85	27	20	6	13	4	11	19	24	34	4	3	7	40	71	5	18	3	8	29	0	2	17	8	2	18	1	2	1	1	1	15	24	28	1	21	11	5	3	12	27	501	20	9	0	6	2	5	1	4	83	25	18	19	3	47	2	4	1	10	0	6	1	9	8	27	1	8	2	3	131	0	7	2	2	2	1	14	1	1	8	8	4	32	5	28	15	1	5	3	5	1	1	1	6	1	4	1	1	94	7	4	10	6	14	4	1	2	2	4	4	44	16	41	1	32	4	3	15	19	1	9	14	19	4	13	11	7	44	15	1	7	6	38	1	0	1	7	0	13	3	20	2	67	27	45	21	10	10	13	7	13	27	5	20	0	4	27	35	2	6	5	7	5	3	3	3	5	1	33	4	1	10	7	4	1	2	3	0	47	0	1	43	23	4	1	0	1	5	19	27	51	2	3	1	1	50	9	21	5	1	12	14	3	2	16	2	6	8	4	7	76	7	2	23	22	10	3	2	43	6	63	15	25	11	0	4	68	12	1	44	8	3	2	1	7	4	9	21	8	1	10	1	17	34	14	70	31	21	1	4	26	18	22	62	7	14	7	16	9	7	1	1	1	2	4	6	4	20	42	19	5	26	1	36	13	17	5	15	30	10	7	12	36	41	82	28	23	8	13	2	16	24	4	40	4	3	34	2	22	126	11	36	8	19	27	6	29	10	31	11	35	60	2	3	2	8	44	9	16	2	14	10	14	3	5	12	13	7	9	2	23	3	37	13	5	1	1	1	3	1	8	22	8	1	47	16	18	13	10	6	8	1	4	40	2	2	49	6	0	1	3	1	1	41	9	5	3	1	1	7	18	38	10	0	3	16	6	4	1	5	26	4	9	9	7	7	1	6	22	23	2	30	6	6	6	23	6	3	38	14	27	10	9	13	25	8	16	9	1	5	3	46	12	0	22	6	9	18	129	13	2	7	1	0	12	16	109	3	6	3	17	2	14	1	49	19	16	12	2	4	8	70	28	5	30	6	3	3	53	3	45	57	3	6	43	6	1	23	6	10	1	11	4	23	4	18	1	23	202	75	45	40	47	8	3	13	9	7	12	6	44	5	7	81	31	50	69	6	3	5	19	10	5	28	19	30	5	10	18	4	1	10	3	17	11	12	42	11	3	8	21	28	6	7	10	107	33	8	62	11	30	13	21	5	3	1	2	38	3	16	1	1	6	5	4	15	24	5	14	9	9	4	36	20	3	28	0	4	1	6	0	3	65	60	3	1	1	0	0	81	13	69	0	105	9	1	9	8	18	1	9	2	25	17	28	1	5	24	17	13	15	7	52	74	112	20	51	15	23	15	19	23	0	82	6	2	21	6	29	2	6	14	17	5	7	9	7	1	50	4	5	13	3	4	8	1	19	3	77	6	30	14	54	10	18	22	31	10	13	4	2	3	46	3	7	2
78	1	16	11	1	0	4	17	2	0	27	2	2	3	1	18	6	11	26	5	30	6	1	12	4	9	7	21	7	37	23	20	4	19	49	2	12	3	39	2	8	1	6	5	19	8	1	1	1	8	7	2	2	12	7	3	3	2	7	17	0	118	3	12	1	1	2	1	3	7	9	5	15	3	2	12	9	19	4	1	1	19	31	49	94	2	5	34	6	3	1	10	48	4	6	6	4	14	41	44	19	5	20	1	31	15	1	5	22	32	3	0	6	1	5	1	4	1	11	9	6	29	23	5	21	85	15	0	0	0	0	0	0	12	42	4	2	8	29	1	1	8	27	7	19	1	25	5	94	5	7	0	8	7	28	4	13	53	14	6	8	9	2	0	27	12	0	0	4	5	8	128	17	2	2	2	46	6	29	34	7	5	63	1	0	0	2	0	17	4	1	10	20	3	50	59	74	2	23	2	28	11	128	29	0	16	1	57	43	84	2	18	29	42	10	9	14	1	10	65	20	4	12	3	8	11	1	26	32	0	0	3	4	16	10	1	71	82	4	46	35	3	25	13	7	4	28	7	2	10	1	1	1	1	32	1	3	8	33	11	8	0	0	1	11	40	7	67	3	5	9	8	5	36	5	1	7	19	15	4	8	13	14	61	15	15	25	2	18	6	15	5	1	21	9	24	29	3	5	30	6	6	7	1	8	19	1	29	5	52	1	7	0	67	35	46	6	11	2	4	19	4	34	1	1	41	31	2	30	31	1	5	22	5	13	12	2	17	4	3	9	6	41	4	15	19	11	2	8	12	2	1	11	38	4	1	6	0	1	9	10	3	7	4	97	19	21	5	13	4	11	15	19	29	1	1	4	45	82	4	18	1	8	20	0	1	18	7	5	13	1	2	1	1	1	12	18	26	2	23	5	3	2	5	27	523	23	22	0	4	1	1	0	3	75	20	10	19	2	32	2	3	1	6	1	5	2	11	15	29	0	9	3	1	121	0	9	2	4	7	2	8	1	1	12	6	4	33	3	26	21	2	4	1	9	2	1	2	9	1	7	1	1	107	5	2	15	6	15	8	1	1	0	6	7	35	16	48	1	23	3	5	25	19	3	8	14	13	3	15	7	12	38	15	2	5	3	30	0	0	1	10	0	9	1	7	1	72	23	43	25	10	10	12	11	15	20	4	18	0	6	25	45	1	3	4	4	4	3	4	7	2	1	37	4	1	5	8	5	1	4	3	1	30	0	1	34	32	3	1	0	0	2	16	22	65	2	3	1	2	58	10	21	3	1	11	17	3	3	19	1	19	7	7	4	64	10	1	18	44	18	6	3	50	5	51	21	26	13	0	5	82	8	1	43	7	5	1	3	7	5	12	16	8	1	12	0	18	34	14	69	31	14	2	5	28	19	20	79	13	7	6	13	9	3	1	1	2	2	5	2	4	13	35	20	5	28	1	36	15	13	4	20	17	8	7	11	29	40	85	34	27	6	6	4	20	19	5	54	2	2	31	1	22	121	8	26	5	13	24	10	23	10	40	16	30	82	2	2	1	5	58	3	25	3	13	4	17	2	2	11	16	6	12	4	14	6	37	20	8	1	1	1	2	1	2	15	4	3	42	10	15	9	11	4	8	0	8	42	5	3	40	5	0	1	3	5	0	20	8	5	9	2	2	6	20	45	11	0	7	15	7	2	1	9	25	3	4	4	4	13	2	7	17	19	2	26	6	7	4	23	5	5	31	22	36	16	1	16	20	7	14	5	2	4	3	46	18	0	22	2	6	16	124	7	6	3	2	0	5	13	89	4	6	5	9	0	15	1	43	24	12	9	4	6	4	68	22	6	45	4	4	1	52	1	55	57	1	3	53	6	1	27	5	11	5	16	1	27	4	15	0	19	241	93	56	34	56	16	6	17	8	5	20	6	52	4	4	99	43	62	79	4	7	5	14	9	5	26	16	29	5	9	14	5	2	14	6	20	10	18	41	12	7	7	27	27	7	11	10	75	24	7	55	15	36	19	27	11	2	1	0	27	3	19	3	1	6	6	7	8	22	7	19	11	16	7	32	14	2	24	0	5	2	6	1	2	61	57	2	2	1	1	0	37	7	29	0	109	12	3	8	8	22	2	10	1	20	25	36	4	11	25	19	10	10	11	51	73	97	15	45	7	30	16	16	20	1	78	6	6	31	8	30	1	3	20	21	4	6	6	5	1	51	10	6	13	4	4	16	1	14	1	83	4	33	15	53	16	16	18	37	21	7	6	2	1	51	7	9	3
79	1	12	14	0	0	1	14	0	1	31	0	0	6	0	17	5	5	11	12	36	22	0	14	18	8	14	8	2	29	24	22	11	18	75	4	0	21	35	0	5	0	2	5	17	4	0	14	15	2	14	4	0	1	5	1	2	2	6	14	0	79	8	4	0	0	8	2	8	4	9	2	14	6	1	21	17	18	2	0	0	26	38	77	157	2	11	58	17	11	6	6	25	0	4	6	9	14	30	24	18	5	12	0	33	12	12	2	34	24	1	0	6	5	5	2	0	0	12	15	5	22	38	2	78	38	22	1	0	0	0	0	0	2	48	0	11	8	24	2	0	2	33	1	15	0	8	36	59	2	2	0	0	9	18	0	11	25	1	0	2	51	6	0	12	15	2	2	34	45	0	65	9	1	5	0	21	12	5	5	0	6	140	2	0	0	0	5	14	2	1	5	26	4	73	44	22	9	17	12	15	1	60	59	0	6	2	79	33	51	0	4	18	37	0	21	2	1	4	83	28	5	11	5	18	17	0	44	14	1	0	12	0	5	6	4	54	61	15	30	24	2	18	12	0	5	20	0	2	11	2	1	2	1	85	4	4	2	51	4	29	0	0	0	8	22	12	37	0	9	0	5	2	45	1	0	14	9	24	5	5	11	2	37	11	55	20	1	28	18	30	5	2	5	9	9	34	11	5	45	12	6	6	6	18	8	4	50	2	53	2	9	0	124	25	20	0	8	5	34	1	14	9	0	4	70	22	6	6	15	0	8	25	15	5	22	1	12	0	15	17	8	15	1	4	9	9	0	2	18	2	0	2	44	2	1	5	2	0	5	0	0	0	0	62	15	14	0	12	1	2	26	6	26	4	0	0	31	56	8	24	14	8	42	2	0	9	11	0	49	0	8	4	0	4	11	11	28	12	30	14	0	2	14	51	180	24	15	0	14	4	2	1	12	81	6	15	2	1	37	4	5	1	18	0	5	0	8	6	24	1	14	8	0	181	0	9	0	0	15	0	4	0	0	9	11	12	11	5	22	4	2	0	2	4	5	0	0	4	1	9	1	0	91	9	8	99	9	6	15	1	2	4	6	12	43	12	35	0	42	2	6	1	2	0	8	17	58	4	17	5	11	30	1	11	0	0	45	0	0	0	9	6	6	5	15	0	48	20	28	83	0	5	0	11	17	30	4	12	0	14	33	5	0	12	11	2	4	0	5	11	5	0	40	9	0	11	5	4	0	0	0	0	38	0	0	38	25	2	4	38	0	1	9	22	102	5	0	8	4	36	11	24	5	0	5	18	4	2	54	0	21	0	5	2	82	29	2	35	8	15	0	6	36	6	45	5	5	14	2	1	50	11	2	6	0	4	0	0	28	6	12	20	0	0	2	0	9	15	8	4	24	12	2	2	5	9	2	25	6	8	5	15	6	2	0	0	0	0	5	0	6	24	48	0	2	50	0	30	12	8	2	8	38	5	2	9	11	22	82	24	34	5	2	6	21	12	0	26	4	0	86	0	18	128	0	49	2	25	25	0	25	8	21	9	17	37	6	22	0	8	20	11	14	4	11	9	0	2	2	1	9	17	8	0	8	0	15	11	5	0	0	0	2	0	2	9	11	0	54	6	4	1	4	9	4	0	20	17	0	2	5	6	0	0	11	0	0	43	5	5	1	0	2	2	21	17	0	2	5	11	1	12	0	8	14	1	11	8	11	0	0	0	6	21	6	35	1	8	9	48	6	1	42	5	47	17	4	2	9	1	12	8	0	5	0	51	1	0	22	11	9	11	105	11	0	0	0	2	0	53	51	1	0	5	6	2	8	0	51	11	15	2	0	12	4	51	24	20	37	8	0	2	37	0	57	33	0	6	53	2	2	12	11	1	4	5	0	22	4	34	0	20	135	60	54	47	47	21	12	21	2	0	4	5	61	6	15	67	18	55	67	11	0	0	20	9	8	37	21	37	8	9	15	4	5	12	2	9	1	21	36	6	2	12	8	12	11	26	11	118	5	5	80	0	26	4	38	4	2	5	1	18	5	26	8	0	5	4	9	18	29	5	11	0	2	6	8	5	5	22	4	0	5	5	14	4	76	71	0	6	8	5	0	77	21	62	0	57	22	0	29	0	22	1	6	2	9	1	8	1	2	28	14	9	17	2	61	86	108	53	45	0	28	22	14	22	0	49	1	6	11	4	26	4	0	22	20	22	14	6	4	0	0	2	2	4	11	11	8	0	21	0	48	1	56	29	47	4	14	6	35	14	8	5	0	2	41	8	17	12
80	1	9	6	0	0	3	41	2	1	32	0	1	2	0	10	2	16	18	3	22	1	3	8	8	7	7	12	5	24	23	21	5	15	65	1	5	13	28	2	7	4	1	5	40	9	0	8	7	2	20	0	0	19	13	7	1	2	1	2	1	121	11	38	2	0	3	0	0	10	9	3	8	3	5	7	16	20	17	0	0	29	67	86	123	2	5	26	2	4	3	6	62	0	11	3	8	33	45	23	19	13	10	0	31	8	0	3	13	26	2	1	13	7	6	1	2	1	14	8	10	24	25	5	28	57	33	0	2	2	2	2	1	5	53	25	11	8	12	3	3	13	26	2	31	1	38	11	95	2	3	5	11	18	25	1	19	37	9	4	6	19	0	0	3	31	13	0	13	13	11	101	9	1	5	1	27	7	20	29	9	13	41	0	0	0	0	5	41	6	0	22	18	3	61	60	79	3	5	34	15	9	154	21	1	20	0	20	9	37	2	20	27	30	3	7	12	0	5	75	9	7	3	4	7	4	2	19	21	0	0	11	5	11	8	0	78	81	0	35	25	2	26	6	3	10	54	1	1	4	3	0	3	0	40	1	2	2	8	8	0	0	3	4	1	22	10	71	0	7	0	5	3	23	16	0	29	9	19	5	3	4	0	65	24	3	11	1	17	15	6	5	1	24	3	15	39	3	1	33	1	2	4	6	6	12	1	16	1	65	4	13	0	25	28	37	0	8	0	12	37	11	32	0	2	35	40	0	45	33	3	5	20	0	22	15	0	24	0	11	16	8	45	5	46	7	10	2	3	13	0	2	13	73	8	0	10	0	0	1	13	6	7	1	57	22	33	7	5	4	2	13	26	22	8	1	1	36	64	11	1	2	7	3	1	6	21	7	10	14	0	3	1	1	0	2	16	13	6	26	8	7	2	8	18	278	31	16	1	8	3	3	2	2	53	12	30	7	0	9	3	1	0	6	2	5	3	16	2	34	6	5	12	1	134	1	14	2	1	128	0	4	0	0	28	1	11	24	5	47	8	0	14	0	16	2	5	2	1	7	8	3	0	108	1	8	22	2	4	7	1	1	2	0	8	38	3	50	2	23	6	1	20	18	31	17	16	22	15	7	2	4	39	0	2	1	1	14	12	0	5	7	1	15	5	44	8	54	15	25	43	2	5	15	6	32	26	5	11	0	22	33	9	0	7	0	10	14	0	3	8	8	0	44	11	0	0	8	8	9	11	3	0	32	1	0	53	47	7	0	0	0	3	46	26	85	6	26	2	0	42	11	39	7	0	16	20	2	2	45	3	25	0	7	1	69	27	0	39	33	7	16	8	60	12	69	32	38	12	1	2	81	16	10	25	11	4	3	1	24	5	11	19	16	0	11	0	23	8	5	13	24	17	4	7	17	11	23	15	8	8	0	9	6	4	0	1	0	5	3	17	6	14	47	14	2	26	1	35	16	17	3	10	26	5	7	11	16	13	82	24	3	8	11	2	29	21	2	34	1	2	35	2	16	137	6	34	3	21	24	2	14	12	73	10	2	128	4	11	0	4	17	3	11	2	17	10	12	5	3	12	11	0	58	3	13	3	17	14	8	2	2	2	0	7	11	13	6	0	32	7	8	10	7	0	11	0	18	49	24	0	34	3	0	0	6	4	0	17	12	5	1	0	1	27	21	46	1	0	16	8	11	5	0	0	1	1	7	10	3	7	0	1	8	7	0	24	6	5	13	22	7	5	10	13	32	7	1	5	10	2	3	1	3	8	0	52	13	0	13	0	8	4	155	14	0	4	2	0	0	32	181	0	23	2	11	0	20	0	51	20	13	3	4	3	7	43	16	1	26	10	0	2	32	2	50	31	2	10	47	3	0	22	5	13	0	0	3	37	3	33	1	22	176	65	37	27	50	5	3	19	19	16	5	1	53	2	7	75	42	48	48	6	16	1	17	5	1	20	17	20	1	5	7	2	4	10	3	31	5	5	47	10	3	6	17	36	5	8	7	49	30	6	14	0	48	17	35	12	13	0	0	32	2	30	2	0	3	2	4	17	27	15	13	5	4	9	27	30	8	30	2	5	3	2	0	13	32	58	0	1	0	3	0	5	0	3	0	47	5	3	17	2	16	6	19	3	16	26	40	5	4	29	20	12	15	14	88	94	68	27	34	13	34	4	22	13	2	71	13	4	32	3	48	3	2	7	14	20	8	13	6	3	81	8	4	11	5	17	8	1	11	1	63	3	42	10	43	15	20	11	22	21	15	0	1	0	53	11	15	3
81	1	15	17	2	18	1	10	2	1	27	2	4	12	1	18	7	16	12	10	43	10	1	17	3	10	12	22	6	34	15	26	3	17	65	2	2	6	48	2	12	7	1	5	10	3	2	8	0	4	8	1	0	14	18	2	6	1	3	6	1	95	6	25	5	2	2	1	7	24	14	4	18	3	3	18	9	13	6	0	0	20	6	66	81	2	10	33	4	4	4	3	33	6	11	8	21	22	66	28	16	4	16	0	36	18	1	14	22	29	5	0	2	4	4	1	3	2	28	15	6	36	59	2	18	116	6	1	0	0	0	0	0	9	39	1	2	1	14	2	3	11	22	5	38	2	30	25	82	7	241	0	9	6	27	3	12	27	11	2	6	17	0	0	17	12	0	0	9	3	10	107	20	12	5	2	39	9	20	21	2	3	85	1	0	0	0	1	24	4	1	28	23	1	51	56	63	2	7	1	20	18	202	35	1	13	0	18	26	36	1	18	42	52	6	11	20	2	9	47	22	6	8	2	3	3	1	22	29	47	1	5	1	6	4	1	64	117	2	24	25	2	15	11	5	8	43	11	4	8	4	1	1	2	33	4	1	16	36	4	2	0	0	1	8	29	2	55	2	10	0	9	2	34	1	1	11	12	13	4	4	25	3	45	22	7	17	7	24	6	6	3	3	22	7	21	29	4	2	44	9	4	8	1	12	14	0	18	1	63	4	8	0	14	27	38	2	7	100	1	32	4	8	2	1	62	36	4	36	41	1	4	26	2	10	14	1	9	2	7	5	5	23	3	8	25	6	1	5	18	2	5	8	60	5	1	9	0	0	28	7	4	8	8	114	19	21	8	13	5	4	16	22	31	5	1	6	64	71	1	28	1	12	2	1	1	11	10	3	19	1	2	2	1	3	11	17	28	9	31	9	9	7	20	69	274	29	54	0	4	4	3	1	1	48	16	13	12	1	14	1	2	1	10	3	9	4	17	12	32	1	6	3	4	143	1	8	0	2	5	0	17	0	0	21	6	7	25	1	8	9	3	14	4	5	5	1	1	8	7	7	3	0	73	4	3	8	6	9	6	2	1	2	1	7	34	9	56	0	24	4	3	30	52	0	11	13	44	4	10	14	15	46	4	1	3	1	28	1	1	1	9	0	22	3	18	1	44	21	53	28	5	15	12	12	14	22	7	17	1	12	18	10	0	4	3	5	2	5	3	2	4	0	19	5	3	5	12	9	2	6	5	0	10	0	0	42	33	24	7	0	2	6	1	29	38	5	2	9	0	74	5	28	3	0	13	18	3	2	21	1	35	7	10	7	59	18	2	19	9	17	7	2	36	8	70	10	23	13	0	4	70	10	1	38	13	4	8	0	7	7	23	20	16	1	10	0	12	20	12	131	47	30	2	3	6	9	34	24	5	12	9	18	6	6	1	0	0	0	2	6	6	9	40	21	2	25	1	46	8	6	6	12	22	6	3	12	17	12	16	11	1	12	19	4	24	27	3	33	2	2	38	0	24	92	6	29	8	22	40	10	23	13	54	29	13	66	5	8	2	9	22	5	82	2	12	8	8	1	7	9	9	6	6	5	17	5	44	12	7	1	1	1	3	1	3	13	7	0	50	6	8	14	8	8	7	0	6	37	3	1	36	11	2	1	4	3	0	28	7	2	3	1	0	6	24	31	11	1	12	10	5	5	6	1	8	2	2	6	2	3	0	9	22	5	1	23	15	3	11	25	4	7	29	14	47	20	24	15	10	2	9	2	1	3	2	61	12	0	21	7	8	15	120	12	2	4	43	0	3	28	91	4	7	2	39	0	12	1	44	4	12	17	1	7	4	53	16	5	27	2	4	1	41	1	36	45	1	2	39	3	1	22	2	12	3	6	2	26	3	18	1	16	171	56	40	25	36	15	1	12	9	3	17	5	32	2	4	59	124	43	47	4	1	3	12	6	2	12	15	13	2	6	11	3	1	8	2	14	13	17	33	7	2	5	17	18	5	15	13	74	22	6	12	2	26	7	21	8	5	1	2	30	10	18	10	0	6	4	7	13	29	6	24	7	3	10	33	0	2	15	0	6	1	2	1	4	43	40	2	2	1	1	0	26	1	12	0	35	10	1	11	1	18	16	10	3	27	20	25	2	7	22	20	10	15	13	35	51	67	18	50	15	22	11	34	13	1	69	5	5	16	6	33	2	6	13	30	6	6	13	10	1	1	4	3	5	3	6	13	2	14	4	79	8	27	18	45	16	12	19	34	12	18	4	0	1	83	2	13	1
82	1	27	12	3	1	0	6	3	2	18	4	3	8	1	15	1	6	2	8	35	7	0	0	2	11	15	13	6	44	23	26	4	36	61	3	2	4	25	1	11	2	0	7	25	6	0	2	0	2	8	3	2	18	11	2	3	0	7	25	2	99	5	6	0	4	6	1	6	1	16	1	8	2	2	24	2	13	2	1	0	11	17	42	113	16	3	36	1	8	6	23	19	5	7	6	0	27	35	109	14	12	7	0	38	22	0	5	25	24	4	0	3	4	9	0	5	2	14	7	4	13	48	11	23	77	14	0	0	0	0	0	0	0	63	6	0	3	34	1	3	11	98	34	26	1	13	18	114	4	21	0	0	10	16	1	19	35	6	0	6	11	11	0	26	0	0	0	7	5	5	217	10	15	5	0	36	9	4	0	5	13	5	1	0	0	2	1	3	0	18	12	24	0	81	64	20	3	7	25	58	2	7	33	0	19	0	11	11	21	0	29	3	83	0	0	3	15	5	67	24	11	5	2	6	1	1	40	35	1	0	5	5	13	4	0	110	26	13	22	77	14	13	27	8	4	23	6	2	36	3	0	0	11	31	2	3	29	29	15	4	0	0	2	11	110	14	98	1	13	0	2	4	34	0	0	24	8	35	6	13	2	0	69	4	40	7	4	5	3	35	9	1	18	5	22	38	9	6	35	14	5	4	1	15	16	0	143	1	80	2	0	1	84	18	51	9	23	2	0	4	8	3	0	1	86	39	4	32	21	0	5	9	0	22	3	5	45	1	4	6	7	56	3	11	25	12	0	4	12	0	2	13	31	1	0	2	0	0	0	9	0	16	8	135	25	23	8	18	8	58	27	31	43	5	4	7	20	83	1	20	2	4	90	0	6	13	4	0	19	1	3	1	1	0	14	19	33	2	26	4	13	3	1	16	200	20	3	2	10	0	0	0	1	80	11	36	4	2	65	0	1	0	17	1	8	0	9	7	25	0	8	7	7	167	1	11	32	1	84	0	12	0	0	4	10	11	51	10	7	13	3	8	4	5	2	0	10	13	6	13	1	4	78	2	2	23	7	19	30	2	6	3	2	7	13	7	69	1	36	8	3	10	5	0	7	13	31	7	16	15	17	35	0	0	73	20	25	0	0	0	2	0	22	10	14	0	80	32	56	22	5	10	4	4	23	30	5	11	0	6	18	2	0	3	6	7	9	6	2	3	2	0	40	9	7	7	16	6	2	3	5	2	8	0	0	97	5	0	3	0	2	4	1	32	23	2	6	2	0	86	15	11	3	0	26	3	0	5	36	4	11	0	1	3	62	11	10	20	25	6	3	1	47	8	78	17	3	11	0	10	77	10	2	29	0	8	1	0	3	3	7	18	3	0	12	0	16	22	4	29	34	13	0	0	6	16	7	8	2	11	6	10	5	24	0	1	0	1	1	9	6	3	2	13	7	24	0	21	11	8	4	4	23	16	8	12	2	4	25	9	23	6	3	5	42	20	20	8	6	1	29	13	22	134	20	24	16	36	14	1	19	14	7	15	0	3	2	34	8	10	28	1	8	5	16	5	18	14	10	0	8	5	12	4	23	2	2	7	4	0	0	0	0	0	13	9	6	1	79	13	32	14	9	2	5	0	3	24	0	5	27	5	0	1	5	0	0	30	18	2	2	0	0	14	10	24	11	0	3	37	10	7	0	6	29	8	2	9	10	7	0	4	15	13	0	28	7	8	0	3	4	2	39	17	10	3	5	18	2	6	29	11	7	16	3	92	0	0	31	0	11	13	89	16	14	4	2	1	27	27	29	10	2	2	1	0	24	6	36	86	11	11	0	0	8	43	31	1	29	10	4	24	57	22	35	52	25	10	32	10	3	32	4	6	0	1	3	31	4	4	0	12	139	60	32	40	48	9	5	26	8	13	0	8	42	12	10	69	17	39	54	9	8	7	71	47	31	128	69	137	31	50	50	27	6	15	3	25	3	9	113	15	1	11	37	16	10	3	2	64	37	12	36	2	26	28	12	9	2	1	2	38	2	29	5	5	1	5	9	18	22	15	22	8	29	7	37	0	0	27	0	5	1	9	0	4	7	42	4	0	0	1	0	293	74	299	0	36	3	0	1	0	2	4	14	2	23	3	37	5	3	39	36	14	9	7	47	73	102	11	56	13	13	25	4	11	0	66	3	2	26	2	18	5	4	23	6	1	8	9	2	0	9	4	12	22	3	9	19	1	21	2	82	8	42	20	58	3	16	17	38	13	12	3	0	4	30	17	10	3
83	1	19	11	1	1	1	8	1	1	16	1	6	11	1	12	3	10	8	6	48	4	1	5	2	8	7	13	9	37	20	34	6	22	61	2	7	6	36	4	9	4	1	8	34	5	0	6	1	5	7	2	2	7	11	3	6	2	5	10	1	78	2	9	2	2	2	1	4	5	10	6	16	6	2	5	12	15	6	1	0	9	37	59	55	1	6	46	9	1	2	17	30	2	8	2	3	15	43	19	13	4	21	0	38	14	1	4	16	22	2	0	6	3	6	1	3	1	13	14	8	8	21	3	59	77	8	1	0	0	0	0	0	4	38	7	5	9	28	1	2	9	43	12	31	1	22	4	133	8	15	0	4	8	18	5	16	31	12	6	5	9	7	0	16	11	1	0	6	2	13	162	14	3	2	1	37	3	16	19	5	9	2	0	0	0	5	1	23	2	1	9	12	2	45	57	78	2	13	3	25	5	75	33	1	19	0	13	14	24	2	18	52	55	3	6	6	2	10	47	17	10	2	1	2	2	1	45	22	0	1	3	2	10	10	1	61	171	15	28	53	2	10	16	8	8	25	5	2	7	5	0	1	3	29	1	1	5	25	12	7	1	0	1	9	21	13	67	1	10	3	5	2	25	2	1	15	14	12	2	7	29	38	66	16	35	4	4	38	4	21	4	1	15	6	20	9	1	1	23	3	4	8	1	11	21	0	39	4	74	2	7	0	59	27	44	5	13	2	1	18	8	20	1	6	52	26	2	35	27	1	5	16	6	11	6	2	17	6	5	12	3	37	5	9	21	12	2	7	11	1	2	9	41	4	1	7	0	1	2	11	4	9	3	58	30	19	5	10	5	1	21	28	42	3	1	6	39	62	2	22	2	6	133	0	5	12	10	5	20	1	2	2	2	1	17	11	18	6	18	15	4	1	12	10	1000	23	25	1	2	2	4	1	4	66	14	47	12	4	56	1	1	5	9	1	4	1	9	19	23	1	6	4	2	110	1	7	2	1	20	1	6	6	1	19	5	9	32	5	23	10	1	6	4	6	4	3	2	8	4	8	1	2	54	10	3	4	3	8	4	2	2	2	4	5	16	6	33	6	28	3	1	17	35	4	6	11	6	9	16	12	6	46	14	4	13	1	39	2	0	2	8	1	11	1	29	1	58	25	44	26	6	9	12	14	19	27	4	19	1	13	16	17	1	1	4	1	2	4	2	2	3	4	25	6	2	5	13	6	1	4	3	1	22	1	1	45	33	7	1	1	1	6	13	26	150	1	5	0	1	41	11	27	3	1	13	9	1	1	18	2	10	3	3	11	77	17	5	22	23	29	7	9	45	8	56	16	29	10	0	3	55	10	1	23	16	1	2	26	2	7	8	14	16	4	6	1	19	25	14	53	33	25	1	1	14	2	17	80	6	13	5	9	6	5	2	2	2	2	2	3	4	16	205	19	2	36	1	40	13	13	5	10	25	3	5	12	27	29	56	30	13	11	16	2	18	37	2	59	4	3	34	2	25	92	10	37	8	22	28	7	28	6	61	11	18	71	2	2	2	11	31	4	12	2	8	6	17	2	5	9	11	8	2	2	26	4	67	15	15	4	4	4	0	3	10	20	10	1	64	15	13	11	11	2	12	1	6	28	3	1	57	7	1	1	2	2	0	30	13	3	5	3	1	10	24	37	6	0	15	15	4	7	1	7	26	7	6	11	13	13	5	6	10	10	1	38	11	9	5	36	14	5	30	13	30	10	6	15	18	7	19	7	1	4	1	68	7	0	28	6	6	16	131	10	3	1	4	0	11	25	85	6	4	8	6	1	7	1	46	18	19	9	8	13	1	79	44	9	34	5	2	1	56	1	48	58	1	5	39	4	1	27	8	10	1	19	2	18	3	19	1	12	299	74	48	62	42	19	3	15	7	9	14	4	38	4	4	76	35	50	59	3	5	4	9	2	1	10	12	10	1	3	8	3	4	11	6	18	8	17	36	9	2	3	18	21	4	4	22	146	32	9	44	3	44	8	21	7	5	1	1	42	8	12	1	1	5	5	6	19	13	8	15	8	5	5	28	18	4	31	1	4	1	2	1	2	45	38	1	4	1	1	0	55	11	45	0	60	12	0	8	1	10	1	11	2	23	11	26	2	6	37	18	17	17	8	43	40	81	16	40	9	20	29	21	18	0	91	5	1	29	4	23	2	5	10	14	3	5	5	4	1	14	6	3	4	2	4	10	1	7	3	109	4	39	12	50	14	23	16	35	14	12	2	0	2	33	5	11	2
84	1	15	16	1	1	8	28	2	1	19	1	5	5	1	13	4	15	11	6	46	5	1	13	5	11	12	22	5	42	25	39	5	21	60	1	9	7	49	2	15	2	1	3	11	4	1	8	3	5	11	2	1	9	12	2	5	1	2	9	0	68	4	19	2	7	2	1	1	2	13	7	18	4	2	13	9	15	3	1	1	19	139	51	124	3	13	30	10	4	2	6	45	4	6	5	1	18	46	35	22	5	16	0	39	16	1	10	15	29	5	1	5	3	6	3	3	0	15	10	13	50	32	2	19	76	18	1	0	0	0	0	0	20	31	3	6	2	14	1	5	14	30	8	30	1	22	7	99	6	8	0	18	6	25	5	12	27	10	2	8	11	1	1	26	7	0	0	3	1	11	141	25	7	3	3	33	4	19	22	3	14	8	0	0	0	1	1	8	6	1	5	15	1	55	55	48	2	24	5	25	7	108	32	1	17	1	22	28	42	6	19	31	57	7	7	13	1	8	54	24	6	4	5	5	5	1	40	24	0	1	3	3	13	8	2	67	98	3	17	40	3	17	15	8	7	39	5	4	5	9	1	1	2	23	1	3	6	30	4	1	2	0	1	12	39	14	51	3	13	34	13	4	45	5	3	16	22	13	5	4	15	13	57	16	15	79	7	22	8	23	6	3	18	8	17	16	10	2	31	26	3	7	2	8	20	1	31	4	61	1	13	0	45	17	43	6	8	1	11	20	12	38	1	6	43	24	1	55	33	1	2	19	0	10	11	2	17	2	4	11	3	26	2	27	36	8	4	8	22	2	6	4	54	4	2	5	1	2	5	9	3	8	5	58	18	20	10	9	3	4	16	21	36	3	1	6	42	71	9	17	1	7	25	0	11	10	10	5	26	1	2	1	3	3	21	8	19	4	22	13	5	3	14	13	636	35	13	0	8	2	3	1	11	71	14	24	15	2	35	1	4	2	15	1	12	2	8	20	22	2	10	3	3	108	0	6	4	1	29	0	11	1	4	9	5	8	33	8	56	17	2	9	4	7	4	5	3	7	5	8	2	1	69	12	4	11	3	13	5	1	1	1	1	11	32	8	35	1	29	3	2	25	22	4	11	17	14	11	9	11	12	55	16	1	6	2	29	1	0	1	3	1	14	1	21	4	40	19	42	29	10	9	15	13	28	24	5	18	1	8	14	7	1	5	4	4	4	5	4	3	6	0	23	10	2	6	13	8	1	7	8	1	49	0	0	47	19	3	0	0	1	6	20	28	77	1	5	0	0	29	13	25	6	1	13	15	4	1	18	2	10	10	4	3	84	18	3	20	12	9	5	1	38	11	82	32	26	10	1	3	61	13	1	40	4	3	1	1	2	6	5	25	4	1	4	1	15	23	19	30	47	21	1	1	85	27	9	48	3	7	11	10	8	5	1	1	1	3	4	6	6	28	67	16	1	36	1	24	18	18	5	10	31	6	4	13	31	20	23	20	3	13	10	6	18	26	6	16	3	2	46	1	25	86	10	38	5	31	24	6	38	12	23	13	60	67	2	5	1	9	30	5	8	2	8	9	11	1	7	21	16	4	5	3	33	3	30	15	7	2	2	2	2	1	4	14	15	1	46	11	13	10	8	4	14	0	6	41	4	3	45	8	1	1	3	5	1	37	9	3	3	4	1	2	27	36	8	1	9	16	9	7	1	2	17	11	5	11	5	2	1	7	16	7	4	28	8	6	11	26	7	4	40	21	29	9	14	19	18	5	13	2	2	1	2	47	6	0	29	7	6	15	92	12	2	4	0	0	7	25	138	4	5	1	20	0	12	1	30	24	23	17	1	8	5	80	31	3	27	2	1	2	47	2	47	49	2	2	39	5	1	20	5	17	1	7	3	20	3	16	1	14	253	80	48	54	42	19	3	13	7	7	5	6	35	2	5	85	33	51	58	4	5	2	30	8	5	27	34	27	5	8	12	1	1	10	3	21	7	9	24	8	2	7	29	22	6	4	23	158	29	8	22	4	21	10	29	5	4	3	3	43	6	20	4	1	6	4	6	18	15	13	18	7	7	7	25	28	6	35	0	7	1	4	1	3	63	52	1	5	1	1	0	44	2	36	0	116	2	1	14	27	6	1	12	2	18	13	31	3	5	36	17	16	28	13	41	30	60	22	53	11	18	35	17	19	0	138	4	3	15	8	43	1	4	15	19	6	8	6	5	1	46	7	10	10	3	7	9	1	9	4	84	4	24	13	50	12	20	35	42	12	19	3	3	2	48	5	13	2
85	1	7	6	1	1	3	8	3	0	14	2	5	2	0	5	0	8	17	6	18	8	2	5	0	1	4	17	4	31	11	27	2	11	67	0	5	2	28	1	14	4	0	2	7	8	1	1	0	6	8	2	1	5	19	1	5	0	1	9	0	143	2	18	1	0	5	1	1	4	7	2	12	5	1	12	8	35	15	0	0	28	56	42	83	1	5	29	5	5	0	7	22	3	20	7	1	26	45	62	15	5	9	0	27	13	0	5	4	16	2	0	1	1	6	0	4	1	8	17	9	12	17	3	22	34	8	0	0	0	0	0	0	23	38	2	0	0	10	3	1	10	30	8	19	0	11	13	69	3	3	0	3	7	16	4	10	16	2	13	3	17	6	0	20	4	0	0	5	2	10	90	14	3	2	1	55	9	19	20	4	3	8	0	0	0	0	0	30	3	0	5	25	3	35	52	39	3	31	0	14	5	55	49	0	15	0	38	45	57	5	15	21	41	9	6	5	3	6	91	26	13	5	2	9	54	0	48	30	0	0	1	2	6	13	3	43	128	5	32	33	0	13	15	6	6	17	5	1	15	3	0	1	0	21	3	2	3	54	4	15	0	0	0	15	36	11	53	0	6	11	4	3	25	2	2	14	20	11	2	3	2	14	56	15	24	23	8	26	8	11	3	2	17	8	22	22	11	1	19	13	5	9	2	16	18	0	25	2	48	1	3	0	79	23	38	2	9	3	8	9	10	25	0	0	65	36	2	38	19	2	0	21	2	11	15	0	14	3	2	5	13	33	8	13	27	8	0	12	13	2	2	5	19	3	1	11	0	0	5	12	8	9	3	52	24	11	4	17	5	5	17	27	23	3	0	8	18	52	4	16	4	6	38	0	5	17	2	6	25	1	5	0	0	4	9	16	15	4	17	24	5	2	9	33	255	46	11	0	8	3	1	0	5	102	46	25	23	1	35	0	1	1	13	2	1	1	19	2	28	1	4	7	2	155	0	2	4	5	3	2	9	1	0	8	9	8	9	4	7	16	2	2	0	13	1	0	5	5	2	6	2	4	103	9	5	15	2	6	10	0	1	1	0	7	43	10	28	0	35	1	3	8	15	3	8	25	27	9	13	7	6	52	9	1	8	1	53	0	0	0	7	0	16	5	26	2	58	21	57	8	8	21	12	5	15	16	7	33	1	6	25	40	2	2	7	4	5	2	6	3	8	2	38	5	0	7	12	7	0	2	2	0	31	0	1	33	33	8	0	0	0	4	9	40	87	3	2	0	0	59	17	18	10	1	9	13	13	2	34	1	11	9	4	7	83	7	5	35	26	20	5	1	51	9	66	76	41	9	0	3	51	13	4	14	8	5	1	3	8	8	13	22	12	3	17	0	34	20	14	43	26	43	4	4	20	7	15	61	5	17	2	19	12	5	0	1	0	1	12	5	14	26	60	17	2	19	1	42	31	21	10	13	38	7	7	12	15	15	33	16	5	13	7	3	23	21	0	48	4	2	31	0	25	161	9	56	13	34	31	3	35	24	36	10	30	42	2	8	2	11	37	4	16	3	17	5	21	4	1	15	9	11	18	2	38	2	38	8	3	0	0	0	2	0	11	35	16	5	78	18	12	5	5	11	16	4	5	47	3	1	57	9	0	2	4	1	0	44	2	3	3	6	5	4	30	32	8	0	5	7	5	13	0	2	36	11	16	16	5	14	2	2	29	36	7	58	3	8	15	35	12	7	53	4	23	7	10	12	16	10	15	3	1	2	2	55	22	0	28	5	5	28	172	18	2	3	5	0	18	15	78	5	4	2	17	0	8	0	52	11	21	11	3	22	3	80	47	2	16	2	2	3	47	2	22	46	2	2	20	12	2	23	4	7	2	8	9	20	3	19	0	19	234	27	13	91	22	22	2	13	7	5	4	12	19	1	8	36	38	29	90	8	1	0	8	5	2	11	15	12	2	5	8	1	3	9	3	20	6	9	41	10	7	6	15	17	3	9	11	136	32	13	87	38	35	8	28	4	5	1	4	35	9	9	2	0	2	4	4	15	20	3	12	14	1	10	19	6	3	50	2	5	2	8	1	4	51	78	2	1	0	1	0	75	21	54	0	68	11	0	7	3	13	0	7	4	30	8	23	3	4	42	10	7	23	16	86	62	92	35	39	14	15	29	7	23	0	77	3	2	20	2	16	4	0	7	10	5	8	8	8	3	55	3	7	11	1	5	7	0	24	6	55	2	30	9	28	18	38	16	22	18	11	4	2	0	27	11	16	3
86	1	18	8	9	1	1	11	4	1	4	12	1	4	3	6	1	6	1	1	9	2	1	5	29	17	6	36	48	1	39	3	1	11	9	18	2	37	8	4	1	1	2	1	5	4	8	27	1	1	1	6	11	12	29	9	14	32	20	4	37	37	20	23	6	1	31	6	12	1	58	4	18	1	2	2	18	1	25	0	11	17	1	8	4	31	58	62	1	63	20	3	2	1	1	9	1	34	50	5	50	9	1	9	1	0	2	1	22	18	29	14	11	32	1	27	4	2	18	11	5	11	22	1	20	27	1	31	17	18	17	14	18	3	47	22	1	15	1	39	3	17	45	6	9	8	80	1	53	1	1	1	5	15	9	2	32	62	12	3	1	1	4	14	6	6	23	8	8	1	22	36	11	4	1	8	6	12	1	1	2	15	82	4	12	1	9	14	6	3	1	6	20	1	12	5	5	2	1	20	2	8	11	3	4	29	17	3	1	1	40	2	23	4	1	1	1	9	1	6	15	0	2	2	4	4	20	1	25	25	14	40	27	8	9	8	9	5	1	5	52	9	1	1	18	20	37	12	4	2	1	1	20	1	249	25	3	12	3	1	0	9	1	12	15	12	3	15	0	32	31	45	1	18	6	4	97	12	22	14	55	2	1	22	3	4	0	1	8	4	9	0	2	22	9	4	5	8	5	79	1	22	1	11	57	2	20	42	5	70	1	18	5	2	15	5	1	1	1	14	8	1	5	9	5	17	1	5	27	17	1	9	2	2	4	3	1	1	2	99	68	4	8	4	18	8	25	1	1	14	20	1	3	6	6	32	2	9	1	3	8	0	9	1	32	6	27	12	18	5	36	5	60	92	0	2	1	1	1	11	9	0	6	25	23	1	1	36	1	12	5	6	9	0	0	50	11	1	1	149	8	0	5	1	1	77	42	6	37	5	5	1	4	3	2	4	1	6	1	4	1	4	53	6	4	0	17	5	27	17	22	3	50	1	25	9	27	17	1	18	1	4	6	0	59	1	1	36	1	17	4	6	11	5	3	5	9	2	9	1	4	3	4	5	15	3	1	6	11	1	8	3	9	3	6	1	25	29	2	3	6	1	5	23	1	97	3	5	12	17	23	17	3	1	3	6	15	3	45	3	25	1	9	37	1	1	14	1	9	4	259	1	14	6	12	36	20	3	20	5	75	8	11	6	8	2	1	22	1	6	3	1	1	3	55	11	1	9	79	14	6	1	6	8	14	12	4	11	1	1	2	1	1	2	9	2	15	1	1	1	17	11	17	37	9	1	6	3	1	183	1	4	14	5	1	1	23	3	22	34	1	1	1	5	2	4	1	3	1	9	0	1	5	5	1	32	2	20	9	12	1	1	5	2	1	5	2	1	72	36	8	2	14	6	1	12	1	15	22	15	1	1	1	5	8	1	1	1	3	11	2	6	4	1	6	1	143	4	23	0	4	5	1	1	1	2	1	3	12	9	94	32	6	4	6	6	2	11	18	0	2	270	1	18	6	3	14	4	52	4	3	87	9	8	1	1	1	74	1	1	34	2	1	5	17	1	4	1	0	1	25	6	1	11	12	6	1	14	1	11	17	17	14	1	11	2	2	31	2	12	1	2	1	12	0	12	0	63	1	37	1	22	3	6	17	17	27	12	89	5	1	20	1	39	40	8	8	3	5	83	37	11	20	25	2	1	1	1	12	9	1	18	1	8	1	0	8	14	1	45	25	59	3	11	11	8	1	1	22	5	4	2	1	14	2	2	9	2	1	8	0	45	1	1	11	1	14	4	39	1	226	2	1	27	1	17	5	20	17	43	20	8	23	11	18	1	59	31	2	22	15	12	6	91	9	45	93	9	15	39	6	4	74	2	12	1	3	0	43	0	62	2	9	2	74	22	75	47	6	14	1	23	6	4	6	53	12	43	42	63	114	68	4	67	6	3	2	1	1	2	1	1	2	1	0	8	6	9	34	1	4	1	3	1	2	12	31	14	9	6	3	43	1	6	0	4	8	45	5	6	6	1	4	15	85	4	0	43	9	8	9	1	15	9	6	23	6	15	11	2	17	3	1	14	12	6	12	0	0	37	70	77	55	9	1	0	1	4	0	1	1	2	0	1	17	1	1	1	2	12	0	4	45	12	2	1	5	8	9	20	1	14	18	18	3	34	1	18	39	59	1	8	6	12	1	11	2	11	1	60	9	1	11	6	1	18	1	6	1	25	3	2	15	55	8	12	1	42	18	3	6	5	23	14	1	1	18	2	15	48	1
87	1	26	10	1	0	5	29	3	0	24	0	14	4	0	2	1	6	8	0	4	5	0	0	5	2	1	13	9	13	20	22	1	21	47	12	6	15	25	5	5	2	0	3	7	2	0	2	2	7	0	14	0	5	32	2	10	7	5	7	6	111	1	8	8	4	13	0	19	0	13	0	1	9	1	6	8	9	5	0	5	27	18	51	48	3	20	15	2	11	5	7	13	2	13	19	0	21	48	27	13	5	1	0	33	12	2	5	5	17	4	0	1	5	1	11	2	2	27	9	13	49	20	1	5	50	5	1	3	3	3	5	3	1	16	12	2	4	7	2	2	4	33	1	30	1	39	10	120	2	0	0	1	5	2	1	13	56	7	0	13	13	1	4	37	7	14	0	2	1	9	91	36	2	1	1	25	16	46	40	4	16	12	0	1	2	20	6	12	8	4	12	14	0	49	41	26	0	10	4	21	2	84	40	8	44	0	31	20	64	4	11	20	37	2	8	7	0	14	75	6	1	7	5	1	4	10	22	20	3	1	20	23	16	3	10	16	71	37	31	13	8	23	6	6	1	17	1	4	5	3	2	1	0	75	1	2	0	16	5	6	0	0	2	2	44	28	43	1	21	10	19	7	100	1	0	14	8	16	1	26	4	15	57	4	1	8	14	18	3	10	3	0	22	18	10	27	14	16	32	13	8	0	2	13	3	3	90	0	72	0	4	1	39	16	31	2	7	3	17	13	0	13	0	3	55	13	4	15	34	0	5	13	1	17	1	1	13	8	31	24	1	27	8	8	55	12	8	14	14	2	6	8	7	1	5	1	0	0	0	9	2	11	13	82	39	5	11	5	3	6	6	25	62	2	0	2	31	37	1	13	5	28	24	9	5	10	5	2	7	0	1	10	6	2	11	13	31	0	36	1	5	3	2	34	241	25	8	2	12	1	4	1	19	42	7	22	7	3	9	0	5	12	4	0	7	0	2	35	31	4	1	9	0	142	5	8	7	6	13	1	8	0	5	9	0	9	20	2	34	1	1	4	1	2	4	5	5	5	2	10	1	1	128	4	1	137	1	0	1	0	1	0	0	3	49	3	12	2	24	7	5	6	12	0	24	7	35	4	13	14	13	46	27	0	7	11	39	5	2	0	1	0	19	5	37	8	35	19	36	106	22	11	8	13	14	19	2	24	0	9	5	11	4	1	6	11	1	0	7	3	6	1	50	4	5	13	5	7	4	1	1	3	107	0	1	13	11	13	2	1	1	1	1	6	68	1	1	0	8	21	3	51	24	2	12	4	3	0	112	4	2	8	6	0	55	12	3	8	15	5	2	2	53	1	68	8	43	11	1	5	27	4	4	24	1	11	7	1	2	20	8	15	2	3	1	6	1	26	3	37	38	124	0	3	1	3	2	20	22	19	5	7	3	0	0	1	2	13	6	6	10	11	29	20	0	75	3	31	17	1	0	24	20	5	0	2	54	17	24	33	4	12	2	1	33	28	0	23	0	2	143	0	25	108	9	58	2	11	12	5	82	24	3	5	14	57	16	21	6	2	22	8	4	7	8	14	15	2	0	2	10	13	1	9	3	0	13	2	4	23	24	22	0	12	3	11	13	4	23	4	2	8	5	2	5	0	8	63	21	8	20	1	8	2	3	10	0	56	0	13	11	5	0	20	20	23	6	3	27	2	4	4	6	8	4	37	5	7	6	15	0	7	5	0	0	25	2	1	22	12	21	4	10	2	8	6	5	1	37	12	6	2	2	28	5	54	4	5	13	3	13	8	122	19	0	13	0	0	6	111	107	1	3	2	16	0	2	7	72	47	22	13	19	1	37	69	24	1	33	0	1	2	70	3	43	65	3	0	65	32	2	34	2	7	2	5	4	18	1	24	0	0	132	84	40	18	44	9	1	7	4	4	6	33	41	0	1	78	53	46	55	1	5	0	3	12	5	13	4	13	5	12	3	0	1	1	5	28	3	12	38	7	0	2	12	16	2	0	4	108	33	3	44	0	8	6	13	2	12	1	7	30	1	27	3	0	7	1	5	24	17	5	20	2	12	1	33	14	1	26	0	12	7	2	2	4	46	23	4	8	13	1	0	69	5	15	0	74	14	0	6	31	3	1	8	0	5	6	27	1	1	24	20	6	1	22	60	77	54	33	37	27	13	5	12	17	1	66	11	8	24	4	11	1	6	17	2	4	16	4	0	6	40	5	0	5	6	1	5	3	5	4	64	7	29	5	29	1	9	7	17	1	0	0	1	0	27	7	6	1
88	1	8	9	2	0	4	11	0	1	13	1	2	2	0	5	1	7	0	2	17	3	2	7	1	7	2	21	5	31	17	23	8	17	61	9	7	11	28	2	11	1	1	0	6	2	1	1	1	1	7	1	1	10	10	1	7	1	2	8	3	108	4	17	1	4	3	0	4	1	14	6	2	2	2	5	11	30	2	1	1	15	39	40	67	2	11	12	4	4	2	11	17	3	11	8	1	14	38	23	37	3	6	1	49	15	0	3	5	8	7	0	1	2	5	1	5	1	17	11	13	37	25	1	12	50	6	2	0	1	1	0	1	8	43	8	0	21	16	1	2	19	33	5	17	1	14	13	111	7	0	0	9	6	17	3	22	37	7	1	1	5	9	1	30	4	1	0	6	0	17	86	17	7	1	1	25	13	16	18	5	15	7	1	2	0	9	2	19	1	3	7	15	3	51	45	23	2	39	5	30	2	31	52	1	21	0	12	8	30	4	12	24	55	4	13	10	5	16	65	27	5	0	1	4	3	1	53	32	1	0	3	3	12	14	7	36	136	9	34	13	3	11	18	10	6	12	8	1	5	2	2	1	3	31	1	1	4	21	4	4	1	0	1	7	58	1	46	6	16	3	8	2	100	2	2	17	12	6	1	8	2	12	49	4	12	13	2	19	4	6	3	1	28	7	23	23	13	4	35	15	5	11	2	14	18	3	83	2	53	0	9	0	44	5	49	5	7	1	4	8	3	2	0	2	82	38	0	35	28	1	1	15	2	11	4	0	17	0	9	12	11	42	6	21	59	6	1	13	8	2	5	10	10	2	1	8	0	0	0	9	4	10	1	106	34	23	2	7	5	3	15	9	43	1	0	7	9	38	1	29	1	14	26	1	9	21	8	4	17	1	1	2	2	2	15	14	26	0	19	10	10	1	16	44	299	18	2	0	7	0	3	9	5	60	21	19	22	1	19	0	6	1	8	1	5	1	4	36	35	6	4	15	0	159	1	2	5	2	14	3	10	8	2	2	3	5	14	5	35	9	2	5	1	7	1	5	9	4	1	4	1	3	93	3	4	64	1	4	4	2	1	1	1	16	66	5	23	3	35	4	5	12	19	8	7	13	23	8	6	12	11	51	12	1	25	0	37	2	0	1	4	2	15	5	33	3	38	17	40	32	10	19	28	9	32	29	1	25	0	4	29	8	0	3	7	13	1	3	8	6	3	6	50	5	1	2	7	11	1	1	2	2	94	1	3	33	12	3	3	5	1	16	7	24	74	2	10	0	9	49	12	39	4	6	12	12	3	1	54	10	5	12	17	8	47	7	5	24	10	24	2	16	50	8	65	5	36	15	1	3	47	11	5	26	6	4	2	27	16	21	5	27	6	2	7	1	21	39	10	39	41	210	0	9	13	6	20	35	9	35	14	21	8	10	2	1	3	16	9	9	23	31	51	19	1	57	2	45	24	5	3	10	31	8	7	16	81	16	21	24	8	30	12	14	39	45	2	23	6	10	73	1	21	135	7	66	16	29	42	5	88	6	13	10	29	89	7	12	4	5	27	5	17	5	2	11	5	6	8	15	21	19	1	1	20	3	29	9	10	20	20	20	2	5	18	18	7	0	69	20	9	7	3	4	20	1	11	64	4	2	34	1	2	1	6	7	0	35	6	6	5	4	2	10	29	31	1	1	2	10	8	7	1	0	29	57	6	25	14	32	9	2	25	6	1	31	4	5	3	29	13	7	28	7	8	3	12	16	45	5	17	12	4	21	9	86	8	0	22	18	11	10	147	18	1	0	5	0	9	39	101	1	6	2	7	1	2	3	75	57	20	15	26	4	24	54	25	1	29	1	4	5	41	5	44	47	5	1	46	20	0	31	4	5	2	3	2	29	4	11	0	17	207	68	32	30	35	7	5	13	2	5	4	20	33	1	6	75	48	40	47	5	5	2	8	13	4	18	10	18	4	12	13	1	1	5	8	32	4	7	53	3	2	7	10	28	3	7	2	184	28	22	46	6	26	5	29	5	5	3	0	27	7	30	2	0	15	3	8	15	18	3	10	6	16	5	47	17	5	46	1	6	2	7	0	5	48	31	2	2	0	1	0	152	36	77	0	81	15	0	8	12	7	0	8	1	8	13	31	2	0	30	10	7	10	21	53	72	58	32	23	5	16	13	12	20	4	65	13	12	15	11	21	3	2	9	5	1	10	11	8	3	24	1	7	5	2	3	5	1	17	5	67	1	54	16	33	10	11	9	25	12	8	1	1	3	21	3	15	1
89	1	21	8	0	2	2	35	4	2	28	4	4	7	0	32	10	7	16	7	32	2	0	17	2	4	4	17	8	45	21	50	4	26	69	2	8	5	46	1	25	1	4	14	26	4	0	1	3	14	12	1	0	10	17	8	3	1	1	7	0	78	1	12	1	0	1	12	6	1	6	4	8	6	3	14	10	8	16	0	1	21	66	60	105	2	12	89	17	2	2	8	32	1	10	8	1	21	28	29	10	3	5	0	31	19	9	2	21	35	7	0	4	6	12	2	2	1	13	17	11	35	23	7	44	65	40	0	0	0	0	0	0	1	41	5	5	2	18	2	0	13	29	6	26	0	13	8	93	10	4	0	7	8	25	3	13	43	13	1	7	25	0	2	9	43	0	0	18	41	11	119	16	0	7	10	28	4	4	4	1	7	124	1	0	0	1	0	20	6	2	16	19	2	61	51	45	5	7	17	28	9	104	24	0	19	0	6	15	23	4	19	24	29	2	25	12	1	3	70	15	4	4	9	7	8	2	21	20	0	4	4	1	2	2	2	69	49	7	22	30	2	10	18	9	20	33	9	1	3	4	0	2	0	26	1	1	1	19	7	1	0	1	0	13	23	2	53	7	4	0	11	4	21	4	0	10	6	10	1	2	2	4	38	12	2	6	2	10	5	7	5	6	14	1	16	30	8	4	29	3	3	1	2	8	22	1	51	9	38	1	13	0	21	22	22	7	4	1	24	20	5	11	2	1	54	40	1	35	24	0	4	18	4	9	16	0	34	2	4	7	2	28	1	22	21	19	0	4	24	0	1	12	34	2	0	7	0	0	14	13	10	3	3	77	28	15	2	16	4	1	7	12	37	1	0	1	13	59	4	21	0	4	5	2	7	19	2	10	11	0	1	2	4	2	4	24	10	2	14	7	6	1	5	16	219	18	12	0	2	0	1	0	2	39	3	22	7	0	24	0	1	1	12	0	4	2	8	9	34	0	11	2	2	102	0	6	8	1	28	0	33	4	0	17	7	2	42	7	50	4	4	1	5	3	2	0	0	4	4	9	2	2	94	5	2	79	4	11	10	2	4	2	7	3	23	10	27	0	23	2	0	20	5	0	15	16	17	6	10	4	16	33	0	61	4	0	37	9	1	0	5	0	19	3	28	0	37	31	30	27	0	11	6	5	8	28	6	12	0	25	55	35	0	4	2	1	0	6	7	2	2	0	48	4	4	2	13	5	0	1	0	2	65	4	4	39	20	7	2	34	1	4	7	29	126	13	19	2	0	76	5	38	2	0	2	21	6	2	29	1	37	4	3	4	62	38	7	14	37	10	11	3	25	7	53	20	33	10	4	5	79	15	2	29	0	8	4	0	26	10	17	17	2	1	7	0	10	15	13	13	32	16	7	2	3	6	11	24	7	13	9	7	10	7	0	0	0	0	1	2	8	27	99	4	1	32	0	29	18	10	4	10	30	4	1	3	5	28	58	14	19	2	4	8	3	24	2	19	4	2	33	2	24	98	6	21	7	24	16	1	19	8	21	21	14	56	4	32	8	5	19	1	3	2	10	17	4	0	2	24	17	2	31	4	17	4	2	15	4	1	1	1	0	0	2	8	4	0	31	11	10	11	4	7	12	0	7	34	7	4	8	13	0	8	2	1	0	22	4	9	13	13	7	3	13	27	7	0	1	18	6	7	1	4	9	2	10	13	11	0	0	7	10	4	0	18	1	5	17	13	2	1	15	24	16	7	17	2	8	5	9	1	1	4	1	16	15	0	20	11	6	4	98	3	0	7	0	0	4	34	52	1	2	9	9	0	7	4	55	53	10	6	0	0	7	60	20	3	41	7	0	2	37	0	69	35	0	9	65	2	1	19	10	9	1	2	1	17	2	15	1	18	75	71	55	24	61	15	35	7	8	3	1	2	55	8	6	75	23	70	72	6	7	0	15	9	1	18	14	19	1	9	7	2	2	4	10	15	9	9	32	17	10	2	24	15	4	24	6	89	24	7	18	2	45	8	37	8	2	1	0	22	2	15	2	0	4	1	7	11	14	8	16	3	19	10	44	35	2	15	0	5	1	0	10	4	28	29	7	12	0	0	0	21	2	15	1	38	4	0	11	0	7	1	9	1	28	7	19	3	4	33	18	14	15	9	26	65	46	19	29	11	24	20	4	11	0	73	10	2	30	5	33	1	2	9	2	53	6	5	5	0	7	4	3	7	7	6	12	1	10	2	77	7	31	11	50	12	17	25	23	26	21	1	2	5	33	9	12	1
90	1	9	11	0	0	1	8	4	1	14	6	1	1	10	1	4	11	7	11	24	2	1	4	19	4	7	11	16	3	36	12	1	1	87	15	7	12	43	7	3	11	17	0	2	4	1	6	1	1	7	9	2	16	19	1	1	0	1	4	10	55	2	1	3	11	23	1	2	1	55	1	2	12	1	1	1	13	0	0	0	20	23	32	92	9	44	49	29	11	14	12	37	1	9	16	1	37	56	19	23	10	1	0	19	15	0	0	9	20	7	1	2	14	5	26	7	1	9	5	0	36	33	11	72	71	11	3	11	11	10	11	5	15	25	13	0	26	30	20	5	21	41	12	30	1	26	9	96	5	0	1	0	5	8	1	10	26	3	0	1	0	0	1	26	4	1	1	6	1	9	74	10	1	1	10	38	5	44	52	4	12	17	1	1	1	1	3	9	1	1	1	7	1	81	17	52	5	16	2	8	1	23	24	0	21	1	23	7	30	6	3	13	60	23	3	1	14	6	42	2	12	1	11	3	1	25	32	7	3	8	15	20	3	4	5	36	81	5	12	12	12	19	6	15	35	36	2	0	20	1	1	1	6	140	1	1	1	9	1	10	0	0	4	8	42	17	62	0	14	17	17	0	10	0	0	50	20	7	0	11	2	61	21	7	22	35	1	1	1	8	0	0	13	19	16	12	8	1	51	11	24	4	3	16	9	17	13	0	32	12	5	1	60	17	45	8	0	0	3	36	0	16	0	9	76	20	6	32	29	4	7	17	0	5	8	0	13	4	75	16	7	48	0	0	9	2	0	7	13	4	0	4	39	15	6	2	0	0	5	16	0	29	1	77	21	15	9	4	1	3	29	22	82	7	17	1	20	46	2	15	0	3	52	29	15	16	2	1	37	5	12	6	9	0	25	9	11	1	94	1	0	1	2	6	147	37	11	9	1	2	0	0	1	63	24	4	3	1	41	5	4	1	4	0	1	1	1	61	59	0	1	14	3	60	4	7	6	6	16	0	1	1	2	2	3	1	22	7	13	2	5	9	1	11	1	1	1	1	1	6	0	1	68	15	14	86	0	1	5	2	0	1	0	16	9	1	22	1	9	1	0	11	16	0	50	16	16	13	11	16	11	50	12	2	4	5	23	12	1	2	0	2	16	1	16	8	41	12	25	181	11	8	8	16	19	31	6	15	1	31	11	1	6	1	0	0	1	15	4	5	1	1	49	14	1	20	1	43	1	1	1	4	19	0	15	29	43	11	1	0	3	1	0	7	76	2	4	0	0	31	5	13	9	3	0	4	1	0	190	3	9	0	3	0	65	12	19	15	19	27	6	1	30	16	81	1	21	3	9	1	51	4	10	41	24	1	5	15	8	10	2	26	5	9	1	0	31	56	20	6	24	16	4	0	20	12	2	17	5	16	6	13	1	2	9	5	0	3	13	7	11	19	37	29	0	132	3	41	8	11	14	0	21	4	0	10	40	108	82	84	59	1	4	12	34	19	1	17	1	1	264	0	8	30	2	48	2	31	25	2	106	17	48	2	1	74	2	1	0	8	15	1	0	7	23	1	15	2	2	7	8	6	24	0	43	1	48	6	1	4	4	0	0	1	9	16	27	3	33	1	20	31	35	1	14	0	32	8	5	0	8	2	1	1	5	19	0	32	20	11	1	0	11	23	12	27	11	0	10	4	2	7	5	1	31	14	1	10	16	40	0	5	14	14	0	20	11	8	7	29	11	1	52	19	16	6	4	17	16	9	7	1	1	5	0	65	1	5	11	0	39	1	80	6	1	1	2	0	7	197	29	7	16	1	12	0	6	1	45	22	14	10	2	1	1	42	63	1	30	1	22	8	63	6	39	48	5	1	21	6	5	50	0	8	1	11	3	42	0	17	7	0	106	88	44	56	71	44	0	10	6	24	1	11	42	1	34	55	54	82	58	12	41	12	14	10	1	22	15	22	1	10	5	0	1	1	4	15	2	15	19	9	0	0	20	37	2	5	10	145	10	5	49	6	5	14	14	6	2	12	1	25	1	21	5	3	15	3	1	25	12	2	7	13	1	1	26	19	3	12	0	4	0	1	6	1	60	50	0	11	27	22	0	121	33	81	0	59	5	0	4	1	2	0	5	3	11	11	8	1	6	25	16	11	29	0	26	49	73	6	12	2	14	12	3	8	1	98	29	1	5	15	63	1	1	9	9	10	25	12	5	1	35	7	23	10	10	4	21	2	6	15	86	10	29	9	27	21	26	13	35	15	4	0	2	5	30	5	33	1
91	1	12	8	2	0	10	8	0	1	17	1	8	7	0	8	1	8	6	8	30	12	0	7	4	5	7	18	6	38	26	27	3	19	56	1	5	9	43	1	9	1	1	6	9	2	1	7	2	5	5	2	0	4	13	4	6	1	5	7	0	73	4	12	4	6	1	0	5	1	16	5	22	5	1	13	10	17	3	1	0	23	37	46	80	11	10	37	13	6	1	16	35	4	6	2	2	14	38	25	17	8	15	0	34	17	0	10	17	21	1	0	4	5	6	1	4	1	15	18	7	18	16	6	34	97	17	0	0	0	0	0	0	31	36	14	1	7	20	1	1	7	39	14	32	1	23	3	140	7	11	0	5	6	25	5	17	34	7	2	8	8	8	0	36	11	0	0	1	0	6	114	19	8	2	2	29	7	16	21	3	11	150	0	0	0	0	1	19	6	1	7	21	0	63	60	51	1	19	1	29	8	77	30	1	26	0	27	37	44	8	19	46	59	2	7	9	1	9	58	28	5	1	4	1	4	4	46	27	0	0	4	1	8	8	2	47	144	3	24	20	4	24	14	13	13	29	8	3	8	1	1	1	3	21	4	1	7	15	6	4	1	1	1	8	22	11	58	0	10	3	6	2	40	5	2	10	8	11	5	6	13	35	48	20	7	55	1	15	3	13	7	1	19	9	19	12	6	3	29	27	4	2	1	16	17	1	24	1	54	1	9	0	49	12	39	4	10	2	2	18	11	15	0	2	56	30	2	42	37	0	2	26	6	11	19	1	15	1	6	6	6	28	4	10	20	7	1	12	18	3	1	6	40	2	1	4	1	0	7	3	0	4	3	80	23	19	4	10	5	4	11	29	32	1	4	6	31	52	3	16	1	9	21	1	16	9	9	6	25	0	3	1	4	2	13	6	21	6	22	9	8	3	14	21	457	28	12	0	6	4	6	0	7	56	16	41	15	2	22	1	0	2	7	0	11	3	11	17	33	1	2	5	1	108	2	12	2	1	15	1	14	3	4	14	5	6	21	2	27	9	2	7	6	6	2	1	3	4	2	12	1	1	83	2	1	53	6	11	4	1	3	1	6	9	45	8	34	1	28	1	1	21	25	4	8	16	13	5	6	11	6	50	8	1	4	3	31	4	0	1	13	0	16	4	24	1	40	22	38	21	11	8	15	6	18	33	3	8	0	6	15	14	1	1	4	7	6	7	6	4	1	1	39	6	1	4	11	4	0	1	3	1	24	0	1	43	35	9	2	1	2	4	13	21	100	2	9	0	1	42	12	24	6	0	12	17	2	2	27	1	5	6	7	8	72	23	1	23	56	33	11	4	44	7	67	13	26	11	0	12	61	11	7	27	12	1	1	7	6	5	9	22	13	2	6	0	8	27	5	30	47	69	3	1	37	14	24	44	10	16	9	19	4	2	1	3	1	2	6	9	12	33	87	11	1	28	4	32	15	11	4	17	22	7	8	14	59	118	122	91	41	15	12	8	25	18	5	50	4	1	38	1	20	99	6	66	6	24	23	7	51	21	27	8	7	101	6	4	0	12	30	4	10	3	9	12	18	3	8	7	11	7	23	4	37	1	38	11	7	4	4	4	0	5	8	15	18	0	41	15	12	12	8	5	14	0	10	22	4	1	29	7	0	2	2	2	0	25	17	4	2	3	1	9	34	39	8	1	8	14	7	7	0	4	29	4	5	10	7	34	1	4	12	7	0	35	5	1	15	26	5	5	34	26	20	7	15	11	23	7	21	4	1	2	2	65	6	0	24	4	2	10	115	14	1	1	0	0	5	22	116	3	2	5	25	0	9	1	54	24	18	25	5	11	1	63	27	6	33	2	1	3	49	4	47	50	6	4	46	5	2	21	6	4	2	14	4	20	1	18	1	10	147	82	59	55	44	6	1	15	6	4	5	6	44	2	8	82	32	56	69	7	7	2	18	6	5	25	10	27	5	6	10	2	1	8	7	31	6	21	36	10	1	10	21	14	5	11	14	131	34	11	38	1	29	8	23	2	4	3	3	32	5	22	0	0	4	4	5	22	19	2	17	12	6	8	36	12	4	30	1	8	1	4	1	1	39	38	2	1	6	1	0	50	12	27	0	46	15	1	17	1	14	3	9	3	25	17	35	1	1	39	15	17	19	19	41	47	71	25	40	11	22	19	11	19	1	107	3	2	13	8	34	3	6	18	22	12	7	6	3	1	11	4	4	13	9	5	9	0	11	2	97	3	31	13	40	16	19	15	31	17	13	1	2	3	30	6	12	1
92	1	5	6	1	0	4	6	1	0	10	3	3	10	0	12	4	5	13	2	14	9	1	18	3	3	1	13	1	15	16	9	4	13	77	2	2	5	44	1	9	1	1	2	9	2	1	3	1	0	12	4	1	14	15	7	2	6	9	4	5	112	3	21	10	8	2	1	3	4	22	2	9	2	2	10	16	32	55	4	2	12	17	74	51	4	6	20	9	2	2	5	61	1	7	3	1	23	46	4	28	8	23	1	39	14	1	3	5	23	1	1	1	1	2	1	1	1	10	11	11	18	36	0	13	57	6	1	0	0	0	0	0	11	37	3	3	3	5	3	1	17	27	3	12	1	18	7	59	1	24	0	3	6	19	2	9	31	4	8	1	11	1	0	18	12	0	0	4	1	6	86	17	1	2	1	51	17	23	27	4	10	37	0	0	1	7	2	83	6	0	21	16	0	58	57	38	5	1	0	20	11	176	40	1	11	0	15	24	36	8	29	26	58	10	9	10	2	3	52	23	8	3	1	5	10	1	33	20	1	0	3	3	14	13	0	35	151	1	31	20	2	18	9	2	12	28	8	3	21	3	0	0	1	40	1	0	2	21	2	3	0	1	0	10	43	1	70	1	3	0	2	3	25	4	9	12	14	14	5	4	10	0	56	23	0	28	7	28	5	5	6	2	23	3	14	19	1	2	28	6	2	2	1	16	19	1	21	7	30	1	5	0	10	52	45	4	16	7	1	24	9	17	1	0	64	39	3	51	21	1	1	15	0	12	5	2	19	1	6	6	3	44	14	10	15	11	5	7	7	2	1	15	19	5	1	3	0	0	2	8	2	9	9	49	43	7	3	12	8	1	11	35	47	2	2	2	25	55	0	15	4	10	0	9	0	12	12	3	5	5	4	2	0	4	8	10	20	2	29	20	3	5	19	34	267	20	4	1	7	6	3	1	1	68	29	18	23	0	12	4	2	2	6	11	13	6	11	8	35	1	10	5	2	78	1	5	1	4	3	0	5	1	1	8	6	5	15	1	12	5	1	8	1	6	4	1	13	7	1	3	1	0	85	1	1	19	5	13	8	9	1	1	3	8	47	10	28	0	46	5	5	17	10	1	13	17	22	3	3	7	25	86	1	1	1	0	36	2	1	6	14	0	27	5	35	1	66	17	32	62	12	16	22	4	18	23	6	47	2	7	28	31	6	7	7	10	4	2	4	3	5	0	57	15	3	7	20	27	9	11	8	0	1	0	1	52	26	59	0	1	3	9	0	40	18	3	2	1	1	145	15	15	2	4	13	26	7	1	51	1	8	10	4	10	59	35	8	26	32	9	9	7	53	13	72	5	61	49	3	5	30	14	10	18	50	0	2	3	11	14	3	26	9	14	16	5	20	26	26	92	23	30	6	12	41	11	8	28	23	40	2	15	4	10	0	0	0	6	17	4	6	44	28	19	4	41	1	61	18	20	3	19	39	8	5	12	12	13	54	15	1	6	8	2	17	39	1	98	3	3	50	0	22	123	10	26	2	36	13	5	28	6	10	23	9	54	5	14	1	49	17	5	8	1	32	18	25	3	8	26	15	7	12	14	11	3	9	7	11	3	3	3	2	1	3	13	19	0	22	15	21	20	12	2	10	0	7	30	14	1	67	8	7	0	4	3	0	38	10	12	17	14	10	35	25	63	9	0	21	7	14	1	14	1	10	3	2	3	2	0	13	9	12	6	1	59	5	7	23	19	20	4	23	5	30	15	31	14	25	7	33	1	1	4	1	61	24	3	36	6	4	10	178	18	21	2	24	1	2	39	45	0	26	0	69	3	10	2	62	1	25	13	0	6	11	88	41	9	16	1	1	0	37	0	26	35	0	3	21	9	0	27	2	13	3	3	2	23	2	37	2	16	287	38	28	46	34	28	1	10	11	15	5	8	27	3	3	35	40	29	42	3	5	0	11	6	0	10	15	10	0	6	12	2	12	15	6	34	17	16	29	1	4	7	5	37	7	2	9	76	27	11	9	13	23	6	16	6	6	1	1	15	17	14	9	1	5	6	7	12	20	13	13	11	11	10	53	1	2	66	2	6	1	7	1	5	29	33	0	1	6	1	0	2	0	0	0	67	12	0	1	0	11	0	10	6	5	11	25	2	2	48	4	8	11	13	21	63	25	26	38	15	21	6	15	7	4	92	61	4	56	6	19	4	1	3	10	3	3	18	13	1	2	10	2	8	5	3	8	1	8	5	89	3	33	21	38	49	7	13	11	13	17	1	1	2	33	2	14	2
93	1	13	16	0	25	15	9	3	1	32	0	4	10	1	13	6	17	14	21	18	5	0	1	2	6	3	22	4	26	6	11	2	9	48	0	8	3	40	3	17	5	0	10	8	4	5	13	0	1	13	5	0	14	19	1	9	0	0	12	0	43	16	38	4	2	4	0	5	10	16	1	25	3	3	20	16	6	25	0	3	29	7	53	32	2	5	36	7	5	7	13	80	9	10	8	8	47	86	9	23	5	26	0	30	14	0	10	12	39	10	0	5	1	1	5	2	0	19	14	20	26	120	1	22	79	5	1	0	0	0	0	0	2	29	2	4	1	7	3	5	16	18	3	33	5	29	40	73	5	255	1	19	6	14	4	14	25	5	0	13	58	0	0	7	23	0	0	5	4	9	90	21	6	3	3	22	6	18	20	0	11	36	0	0	0	2	1	12	14	0	36	14	2	48	44	40	2	5	0	9	8	109	36	3	10	0	9	4	5	3	18	31	25	8	17	5	1	14	46	23	6	1	0	2	4	1	29	38	90	0	4	1	20	1	0	33	110	0	19	18	1	11	16	0	16	32	24	1	10	4	0	5	0	27	1	0	13	18	2	0	0	0	1	13	24	1	55	3	5	0	10	0	28	9	7	10	16	39	6	6	16	17	36	20	1	64	6	13	5	0	7	4	5	2	11	61	3	5	31	2	4	6	0	6	10	7	17	3	56	1	6	0	0	22	42	6	9	211	1	53	10	3	0	1	33	25	3	36	48	0	0	13	2	9	8	0	20	1	12	12	9	30	6	4	17	5	4	8	12	0	8	3	31	2	1	22	0	1	3	18	10	12	4	66	9	22	13	15	3	8	13	26	44	4	0	6	63	52	1	11	3	15	1	0	5	13	9	2	15	1	0	1	0	2	16	8	22	6	13	5	4	3	24	55	204	41	15	0	2	1	2	0	0	17	18	20	20	4	3	4	4	1	8	0	4	2	31	10	30	4	3	10	0	114	1	3	0	7	18	0	6	1	0	12	4	4	15	3	8	9	2	18	5	11	14	1	0	7	6	14	0	0	105	3	1	76	1	14	4	2	3	2	0	16	24	3	31	0	30	18	2	48	44	0	46	10	58	6	6	4	43	47	6	1	10	2	25	3	0	3	8	0	19	1	33	5	50	16	34	22	10	13	9	7	21	21	5	36	1	11	13	22	0	7	6	0	2	14	3	3	1	0	32	5	0	6	15	13	6	7	3	0	1	1	0	43	49	76	0	0	5	5	0	15	70	3	3	46	0	92	7	43	2	2	11	25	0	2	29	5	43	17	9	15	68	33	6	15	18	6	11	0	23	5	52	9	25	29	0	5	42	3	3	20	14	6	21	5	7	16	53	24	9	0	10	2	11	16	15	167	25	56	2	2	67	18	23	17	7	19	11	21	6	19	7	0	0	0	5	2	5	18	65	10	0	41	0	42	15	6	1	13	25	4	5	9	19	20	16	40	1	12	3	2	10	32	0	35	2	0	48	0	20	65	13	13	2	27	27	0	25	7	46	25	10	59	8	25	3	15	10	10	67	6	33	6	8	0	9	24	10	1	8	3	11	2	39	11	4	1	1	1	0	0	3	11	9	0	26	2	6	8	11	7	9	0	14	19	6	0	69	10	9	0	2	10	0	24	1	2	5	3	4	18	16	24	4	0	10	11	1	8	3	0	0	13	2	5	0	0	0	5	50	0	0	21	9	2	10	25	7	5	31	7	26	18	32	14	13	9	14	1	2	3	1	39	9	0	26	10	3	12	117	5	1	8	124	0	5	29	73	5	30	0	56	4	22	0	50	7	23	6	0	13	0	33	30	5	16	2	0	0	41	0	20	40	0	2	24	13	0	93	3	8	0	1	2	20	2	16	0	28	215	33	27	13	25	14	0	10	6	11	9	16	15	0	3	28	253	29	30	3	1	0	13	1	0	4	30	4	0	1	4	2	7	28	6	24	10	18	29	13	0	12	12	13	9	6	8	87	47	5	8	5	17	4	16	20	13	2	2	46	18	33	11	0	6	10	5	27	21	1	26	13	3	6	40	0	2	40	0	4	1	5	2	4	14	18	0	2	0	0	0	8	3	4	0	20	6	0	11	0	10	42	7	4	7	21	27	1	4	34	24	4	15	6	27	37	46	29	37	24	11	5	42	34	0	91	13	7	30	9	14	0	1	8	14	5	5	9	9	1	7	5	0	6	10	5	10	0	9	3	72	1	31	25	32	19	5	16	28	2	22	2	0	0	46	0	16	6
94	1	10	7	9	0	32	18	0	0	35	0	7	16	0	23	2	14	2	4	25	3	0	32	4	27	9	15	7	15	6	14	0	59	31	3	0	6	19	2	56	28	5	8	17	5	0	0	0	0	27	4	0	18	17	10	15	0	2	0	0	28	6	12	21	7	6	0	0	2	16	3	6	6	2	16	13	10	19	2	2	13	15	18	75	0	19	88	28	17	2	3	22	4	3	8	4	17	49	12	12	2	3	0	17	9	23	6	7	41	3	0	7	4	10	4	2	2	2	6	18	32	40	0	72	58	18	2	4	0	0	4	0	0	17	0	0	2	5	2	2	17	45	9	22	9	11	11	74	0	0	0	7	7	12	3	7	33	2	0	2	42	4	0	7	36	0	4	49	95	10	107	27	4	0	4	24	3	0	0	0	9	111	2	0	2	4	9	30	7	4	19	12	0	30	46	46	3	13	28	31	0	17	28	0	7	0	33	35	53	2	0	15	31	0	30	18	0	3	15	35	0	7	6	20	8	2	7	30	2	6	23	2	2	13	8	27	52	2	4	10	2	16	9	5	6	5	10	2	4	6	0	0	5	23	0	2	4	6	3	13	0	0	0	7	21	6	23	3	2	2	19	5	31	0	0	10	0	25	10	0	0	21	27	23	0	77	6	34	0	13	4	4	14	3	17	20	2	3	38	0	4	0	0	4	19	2	64	7	20	2	3	0	50	26	20	4	10	4	21	13	9	0	0	3	32	31	0	35	56	0	0	20	0	13	4	0	43	0	7	13	13	35	2	0	17	9	0	11	35	0	0	2	22	0	4	16	0	0	0	4	2	8	15	54	27	23	2	26	4	2	10	7	37	3	0	8	11	67	0	32	0	18	0	0	13	6	12	0	9	2	0	2	2	4	8	10	12	0	12	4	7	0	35	12	137	16	0	0	10	2	4	0	40	33	11	17	21	0	41	3	2	0	5	0	14	15	6	20	26	0	10	7	0	79	0	2	0	0	3	0	20	4	0	2	5	0	15	6	47	10	5	14	7	3	0	3	0	5	3	10	4	2	87	2	4	129	7	12	5	0	4	2	2	18	54	31	20	0	38	0	0	10	7	0	17	10	18	2	7	11	19	25	0	79	0	0	55	4	0	0	4	0	21	0	35	0	30	27	53	32	2	13	20	6	9	24	8	36	3	37	123	9	0	43	2	3	0	2	16	14	4	0	37	2	3	10	4	6	0	6	7	0	146	0	8	40	42	16	17	72	2	4	0	18	83	7	25	27	0	70	4	41	3	0	6	38	2	0	36	0	50	3	3	2	70	66	6	16	31	15	0	2	33	60	66	11	21	6	0	9	48	10	0	19	3	21	15	0	23	0	53	80	0	0	5	0	13	19	30	7	14	22	13	0	48	39	9	46	15	13	3	10	17	23	0	0	0	0	9	0	11	47	81	11	0	31	0	31	14	14	4	10	25	0	4	5	9	80	37	29	10	12	6	11	7	24	2	40	0	2	50	0	19	70	3	82	12	20	10	3	47	13	28	64	0	37	5	83	7	14	27	6	2	13	24	24	28	2	9	21	17	3	21	2	30	7	8	10	9	4	4	4	15	2	0	0	2	0	27	19	10	12	0	6	12	0	19	19	0	2	21	13	4	0	2	4	0	36	13	11	10	10	2	8	16	42	4	0	2	16	11	3	2	0	11	8	4	12	8	3	0	13	15	9	0	19	2	4	11	24	2	2	19	25	22	13	32	11	3	5	7	2	4	2	0	39	0	0	15	10	4	12	68	18	0	9	0	0	2	29	45	3	9	0	13	0	4	0	51	49	18	32	0	6	11	57	38	0	43	0	4	0	30	0	67	25	0	0	80	7	0	14	4	7	0	0	4	17	3	19	0	10	73	67	40	27	75	13	30	17	4	7	2	7	75	0	8	66	25	85	62	8	0	4	5	5	2	7	2	7	2	5	5	2	15	11	3	17	7	8	18	17	7	9	5	15	5	5	13	78	20	4	37	0	18	14	77	2	8	0	0	10	0	12	0	0	11	2	9	8	25	3	25	11	25	10	20	34	5	27	0	0	5	0	4	7	3	5	0	0	0	0	0	3	0	6	0	10	4	0	8	0	0	0	7	8	17	0	29	2	0	15	4	6	19	37	12	21	29	31	25	28	5	28	4	20	0	95	10	4	15	4	43	4	2	15	7	58	3	15	5	2	0	6	8	16	4	13	4	4	18	6	64	10	34	15	17	2	2	17	4	13	19	16	0	0	10	0	33	4
95	1	9	14	0	0	60	24	2	3	16	2	3	6	1	12	4	4	11	7	29	10	1	14	4	6	6	22	5	50	15	39	2	25	85	1	16	6	46	2	8	2	1	4	11	3	1	4	2	8	5	4	1	3	15	1	6	3	6	11	3	56	2	13	2	4	3	0	1	8	20	2	4	1	2	8	5	16	5	2	4	6	31	37	125	1	6	13	7	1	1	9	39	2	7	3	1	19	41	23	23	4	12	0	41	18	0	6	16	23	4	1	1	5	1	2	6	1	12	7	8	28	22	3	79	84	5	0	0	1	1	0	0	6	39	8	6	2	26	0	2	9	19	4	15	1	17	7	71	4	1	0	10	5	18	1	17	35	6	1	11	19	2	0	22	16	0	0	2	1	10	107	15	4	1	1	40	4	7	6	1	10	7	1	0	2	1	1	4	12	0	8	25	2	56	49	65	2	40	6	29	2	48	38	0	15	0	13	29	32	6	20	35	54	3	11	15	4	15	39	27	8	3	6	4	10	2	23	35	0	0	6	1	8	13	1	51	82	12	15	33	1	23	15	6	5	30	4	4	15	7	0	2	6	25	3	5	7	39	4	7	1	1	1	4	46	17	59	4	9	12	7	4	44	1	1	13	14	16	1	6	10	26	26	8	14	120	6	47	11	27	3	1	24	19	17	15	5	6	33	8	6	5	3	13	10	1	35	1	49	1	8	1	73	31	35	2	15	1	2	9	5	10	4	3	58	31	3	35	35	1	1	14	3	22	2	1	15	1	9	8	4	46	5	11	25	11	2	19	29	0	1	3	26	4	2	9	0	0	0	6	2	8	5	112	37	20	9	15	6	17	14	28	29	5	2	8	38	65	2	18	1	10	68	1	5	13	13	7	23	1	1	2	0	2	12	9	29	8	19	2	5	1	16	15	425	22	2	2	6	1	3	1	11	61	14	17	22	1	37	1	1	1	14	0	6	1	7	29	26	4	7	6	2	107	1	8	0	1	13	0	19	5	3	15	8	1	21	7	35	11	1	5	2	17	2	1	1	6	3	5	1	4	99	12	1	100	8	14	5	1	1	3	0	5	26	10	64	0	31	2	1	11	30	1	11	14	9	3	8	10	7	48	11	0	7	2	21	1	1	1	5	0	23	0	13	3	50	15	45	39	14	16	16	9	24	28	4	19	1	6	26	3	0	4	3	4	10	6	2	5	3	0	27	11	2	3	13	6	1	9	12	0	76	0	1	43	23	5	1	2	1	3	22	34	58	3	10	8	1	30	4	25	4	2	13	19	4	1	57	2	18	5	7	2	66	4	4	30	20	27	1	0	33	5	76	1	15	10	0	10	74	7	1	33	1	2	1	9	13	10	14	29	3	0	10	2	12	42	8	27	22	20	3	4	178	69	21	52	8	5	6	19	2	4	1	1	3	1	6	1	6	33	42	15	2	64	1	25	14	16	4	11	46	6	5	13	54	139	64	81	44	9	18	4	11	25	4	16	4	1	67	1	30	75	18	43	13	13	20	6	34	8	37	13	48	69	8	2	1	5	36	3	14	3	6	7	24	5	5	6	10	7	4	1	26	5	67	10	5	3	3	3	1	2	11	18	12	1	54	20	8	6	10	9	10	1	5	37	3	2	30	9	1	1	2	3	0	37	11	8	2	4	2	5	23	19	14	0	7	10	4	7	1	6	24	2	6	11	10	20	1	9	16	13	3	28	6	8	2	21	16	8	42	23	17	4	10	14	27	5	11	5	1	9	3	54	10	0	33	11	4	14	83	9	0	7	5	2	4	37	127	4	7	8	16	1	2	2	32	14	17	12	3	2	6	63	25	7	33	3	10	1	53	1	47	60	1	3	50	9	3	22	7	6	0	3	9	32	1	24	0	6	181	73	50	43	58	7	1	13	8	6	11	7	49	3	6	71	32	62	67	5	2	13	26	10	8	27	20	29	8	11	11	4	2	9	6	11	14	33	50	13	1	8	35	18	7	4	13	141	35	8	62	2	16	8	23	5	4	1	1	33	2	15	1	8	1	4	6	15	21	10	19	9	10	5	32	23	5	37	0	6	1	5	2	5	61	82	0	0	4	1	0	67	8	44	0	92	15	1	10	7	3	0	12	0	31	9	29	2	5	27	10	11	23	15	43	50	95	18	38	9	10	22	27	21	2	194	2	3	13	2	28	5	6	17	22	11	10	7	6	2	46	4	1	10	7	5	19	1	20	7	62	4	41	19	61	9	20	16	39	10	15	9	2	4	46	8	7	1
96	1	6	15	4	0	15	21	2	1	36	2	0	5	0	6	7	9	5	6	33	3	0	11	10	10	10	7	3	34	14	37	2	20	96	0	6	9	25	1	6	5	0	0	3	2	2	28	5	16	12	4	0	14	19	7	9	0	0	15	3	58	0	29	0	5	2	0	10	3	17	0	5	0	8	12	13	10	5	0	2	13	55	30	87	6	10	15	5	8	0	18	61	5	10	5	0	36	31	16	40	2	2	0	62	26	0	11	28	37	1	1	1	0	5	1	2	3	12	5	0	25	38	0	89	99	2	0	0	0	0	0	0	5	40	5	6	2	12	2	3	15	27	20	31	1	25	5	79	7	27	0	18	8	29	2	9	46	3	9	9	6	0	0	14	17	2	0	4	0	10	107	21	0	0	2	28	3	13	13	3	3	112	0	0	0	0	0	2	6	0	9	31	0	64	71	58	6	38	24	30	3	114	31	0	11	0	44	52	35	14	15	17	53	2	23	26	2	6	34	17	22	4	2	15	10	1	26	32	0	0	4	2	10	4	1	45	65	9	24	37	1	7	10	3	5	33	2	0	15	6	0	3	0	18	1	1	8	27	12	7	0	0	0	8	53	8	52	0	10	14	17	0	29	1	1	21	11	13	1	6	5	11	35	8	6	83	6	41	11	15	1	0	17	8	17	12	16	1	22	10	8	2	2	10	9	0	19	1	34	17	5	3	68	15	48	5	5	0	2	24	2	30	0	1	54	28	1	30	20	0	0	24	8	11	15	0	9	2	11	17	7	19	4	6	15	16	8	5	3	0	2	3	20	0	0	2	0	1	0	1	1	8	12	92	60	20	10	20	4	12	19	31	38	0	1	14	50	48	4	19	3	19	33	6	11	0	6	2	12	0	3	0	0	3	25	7	8	0	26	1	4	3	8	30	304	30	5	0	4	7	11	3	5	52	17	17	8	0	37	1	1	1	12	0	1	2	0	21	38	0	1	4	3	77	0	18	1	9	5	0	8	0	8	2	4	2	32	5	30	15	2	25	1	14	17	1	0	11	2	9	0	0	111	1	1	180	2	5	14	3	0	1	2	3	38	21	62	0	29	0	9	8	23	2	14	10	16	2	6	1	3	52	18	3	3	1	50	0	0	0	5	0	30	0	22	8	52	19	28	39	18	20	11	12	28	29	3	35	0	18	13	43	3	6	11	0	3	5	7	3	5	0	31	20	6	0	20	5	3	3	2	5	49	0	0	41	36	5	0	0	0	3	6	43	65	3	4	2	0	102	8	26	13	5	4	15	5	3	64	3	11	6	10	2	93	20	6	15	17	29	3	3	34	10	83	12	30	7	3	18	57	8	12	37	11	0	2	12	5	2	12	26	2	1	0	0	17	15	15	57	54	33	2	17	85	22	10	36	18	15	1	22	14	3	3	0	0	0	8	0	11	27	64	11	5	38	0	53	26	22	5	15	18	2	1	8	11	36	33	38	46	14	9	8	22	32	6	34	1	5	69	0	35	66	27	14	15	38	33	2	25	3	28	33	40	42	6	2	0	3	25	11	18	5	10	12	22	3	7	13	14	7	6	0	13	0	25	40	11	0	0	0	4	0	2	15	17	4	30	15	7	10	8	5	2	3	8	9	6	0	31	3	0	8	2	0	0	8	15	8	9	7	1	8	8	32	6	0	9	15	14	2	4	5	18	0	0	6	10	35	0	14	16	10	5	17	3	9	8	31	2	2	30	22	30	9	8	11	40	11	12	12	0	3	4	46	42	0	33	0	12	25	91	21	0	5	0	3	4	33	95	0	2	15	13	0	22	1	37	4	11	6	0	7	8	69	37	4	41	3	7	0	48	0	41	47	0	3	38	6	0	39	2	0	0	1	6	8	2	18	0	17	154	82	33	46	38	3	5	24	10	11	6	6	26	2	7	74	64	60	75	6	6	12	25	22	2	31	18	34	2	22	25	0	10	1	9	22	22	20	39	6	3	6	8	21	1	19	7	133	32	18	31	22	31	23	26	1	14	5	0	20	3	31	3	2	1	0	4	10	21	7	15	18	20	0	40	10	5	34	0	6	3	1	0	2	44	60	1	7	6	0	0	73	0	22	0	72	20	2	25	10	19	0	1	0	21	16	32	2	3	43	15	10	10	7	33	54	72	27	47	5	17	3	21	39	0	106	8	6	24	3	8	0	0	14	7	2	7	4	3	2	53	2	13	7	1	1	5	0	9	10	102	8	52	39	26	8	17	21	29	1	17	2	2	6	49	3	13	0
97	1	4	12	1	1	36	16	1	1	11	1	7	5	1	10	1	1	6	5	27	7	1	8	3	6	3	24	5	25	12	25	2	17	62	5	4	4	34	3	6	2	2	5	7	2	2	3	2	1	12	1	4	10	14	3	4	3	2	8	3	78	4	9	2	2	4	0	2	5	8	2	1	5	1	5	9	14	22	1	1	22	25	49	67	3	8	18	6	6	2	5	50	2	9	2	1	16	33	14	14	4	13	0	55	21	2	6	21	22	4	0	4	4	4	1	2	1	9	6	11	11	20	1	32	54	1	3	1	1	1	1	0	5	50	5	4	12	15	1	1	14	26	2	20	0	17	4	81	1	7	0	6	7	18	2	14	24	2	6	9	7	11	0	22	7	1	0	2	1	3	103	22	9	1	2	39	4	5	7	4	10	95	0	0	0	10	1	21	5	0	8	20	2	44	56	56	1	16	6	28	3	67	50	1	14	0	8	18	22	4	21	42	66	8	12	11	3	10	49	22	5	9	3	4	6	1	37	24	0	0	6	2	7	14	1	52	152	1	20	32	2	18	12	5	11	26	11	2	7	4	0	1	1	20	4	0	3	35	3	2	1	0	1	8	34	9	53	3	2	1	2	2	27	4	2	16	16	14	2	5	11	24	28	16	14	104	5	35	15	9	2	3	24	4	16	16	2	3	38	8	2	6	1	9	27	1	32	1	45	2	9	1	46	24	32	5	18	1	3	14	8	18	1	1	60	32	2	44	35	2	5	13	2	16	11	1	7	2	6	5	9	43	6	18	26	8	2	16	12	1	1	7	21	3	1	8	0	1	3	7	2	7	7	111	30	17	5	10	8	4	12	29	32	6	1	4	20	82	1	9	1	6	28	0	9	20	5	14	21	1	1	1	4	4	16	9	26	10	23	7	5	2	18	23	375	18	10	0	6	2	5	0	1	70	17	20	21	1	31	1	1	6	7	1	9	1	5	21	33	3	9	8	2	76	0	9	1	1	8	7	15	8	1	9	8	11	19	6	23	11	2	7	1	7	4	1	4	10	3	7	1	1	97	3	3	38	4	12	5	1	2	4	1	4	35	12	42	6	35	4	2	10	36	12	7	10	14	1	7	8	11	71	15	1	12	2	37	2	0	1	9	1	19	1	31	6	45	21	47	17	12	19	11	6	18	25	3	23	1	8	27	28	0	3	1	4	2	4	4	1	7	7	49	2	3	3	14	12	4	5	2	2	56	0	0	40	38	10	2	0	0	3	27	19	49	2	18	2	12	54	6	26	5	1	14	30	2	2	42	6	15	4	8	14	70	13	3	23	29	29	4	14	55	5	53	5	38	11	1	5	61	16	5	38	17	4	0	27	10	8	6	28	9	6	9	0	21	45	16	39	29	20	1	7	145	56	25	64	16	23	8	17	12	12	2	1	7	2	3	4	12	34	68	15	2	38	7	40	27	12	6	22	32	15	6	19	44	99	67	73	27	12	9	13	17	34	3	48	5	2	36	1	22	92	3	60	6	27	30	4	31	12	57	22	41	81	2	9	4	11	22	9	22	2	10	16	26	2	12	10	20	10	8	8	34	2	47	18	13	5	5	5	1	1	7	29	14	0	41	10	12	9	8	12	14	1	26	31	1	0	38	12	1	0	3	1	0	29	10	2	4	3	2	11	19	37	3	0	9	10	9	5	0	3	29	2	11	11	12	19	12	6	25	14	2	39	2	10	10	29	9	6	33	19	22	10	10	13	28	6	17	6	1	2	0	72	12	0	27	9	4	14	94	11	2	6	3	0	3	24	90	6	5	1	12	3	8	1	63	29	24	31	17	7	18	63	18	2	21	3	5	1	54	0	37	51	0	4	26	9	1	14	7	12	1	4	2	24	6	27	0	13	190	55	38	46	31	17	7	15	8	8	17	9	32	4	3	53	22	36	48	3	2	9	22	15	3	22	12	24	3	16	17	3	5	9	1	20	10	11	44	9	1	6	21	17	2	5	7	130	31	12	39	7	25	8	23	2	1	1	4	31	2	15	4	3	5	2	7	22	24	3	14	11	11	6	30	16	3	32	0	7	1	6	2	2	59	50	0	0	1	1	0	61	6	37	0	82	14	2	15	2	11	2	8	1	22	11	29	4	6	36	14	10	13	12	24	55	89	17	40	15	21	13	17	16	0	151	11	3	16	4	25	3	2	7	10	4	8	16	14	1	15	2	4	5	3	5	5	0	15	3	81	4	33	14	44	19	20	13	33	20	12	1	1	6	34	3	16	4
98	1	24	11	1	0	29	11	0	1	27	3	8	5	1	15	1	3	26	13	32	4	2	9	0	9	7	18	6	46	15	47	6	18	51	3	6	4	47	2	13	3	5	8	8	3	0	17	1	3	6	2	3	10	21	3	4	0	2	6	1	110	2	12	10	4	3	0	1	9	11	4	6	1	2	11	2	16	13	0	1	16	10	84	66	1	3	64	10	2	1	1	54	2	3	4	1	25	40	23	17	7	11	0	44	23	0	5	29	20	9	0	2	2	11	0	2	0	12	19	5	15	26	6	13	59	11	0	0	0	0	0	0	7	47	8	3	17	20	0	1	13	42	10	26	2	24	7	94	9	2	0	7	2	28	5	15	35	19	1	8	5	0	0	17	10	0	0	5	1	10	100	17	3	2	4	33	10	36	40	2	3	7	0	0	0	11	3	61	2	1	4	30	5	60	52	57	6	21	3	25	4	71	29	0	24	0	22	8	32	2	16	20	65	9	25	7	1	7	64	25	4	2	2	5	2	1	49	18	0	0	1	1	5	6	1	57	152	2	17	29	3	16	13	12	15	36	4	2	5	3	1	0	1	18	1	3	4	22	5	3	0	0	0	4	45	4	58	0	10	3	7	1	49	2	3	10	15	11	7	3	18	48	54	9	10	80	7	27	7	14	6	0	14	4	24	25	2	0	30	3	4	5	0	5	16	0	16	4	54	3	10	0	28	26	36	8	10	1	1	23	12	28	0	1	48	35	3	23	39	0	6	17	3	15	10	1	10	1	2	2	4	38	2	13	19	18	0	6	16	0	2	11	38	1	2	7	0	0	1	4	2	12	3	114	38	24	6	14	6	6	15	20	21	0	0	2	41	68	5	18	2	3	17	0	7	18	7	12	23	4	1	1	1	2	5	15	17	1	20	5	11	0	1	37	636	33	21	0	10	1	5	0	7	59	9	21	14	6	23	2	1	5	9	2	3	1	13	18	40	2	6	4	9	126	0	13	3	10	3	2	8	2	8	28	2	9	35	3	22	20	2	7	3	3	6	2	8	5	6	11	3	0	91	8	3	10	7	13	2	2	0	2	0	7	30	7	44	3	28	3	1	21	25	3	11	12	17	3	7	34	5	51	15	1	3	2	16	1	0	1	9	0	18	1	23	6	53	26	49	26	8	7	7	6	20	29	3	4	1	11	25	35	1	2	3	6	5	2	7	1	6	0	32	6	3	3	19	9	4	7	3	1	58	0	2	37	40	7	0	1	0	4	24	20	69	6	4	1	5	55	12	21	2	0	8	18	3	0	21	1	6	8	11	7	70	4	1	26	12	13	4	7	43	5	63	17	29	12	0	7	63	15	3	30	11	3	1	10	4	12	6	17	7	5	5	0	26	41	12	75	45	26	5	0	93	30	18	41	12	5	4	26	13	6	3	5	0	4	11	7	2	10	70	16	4	33	6	31	14	6	4	15	31	10	1	13	38	68	79	45	6	7	14	2	28	41	2	35	2	7	29	0	29	123	7	31	4	25	21	4	24	6	40	7	21	72	2	5	3	3	34	3	19	1	10	7	9	7	13	16	10	14	17	0	19	0	39	18	10	5	5	5	1	2	2	16	4	0	52	18	10	15	2	3	12	1	2	52	1	1	53	10	1	2	4	4	0	26	10	8	11	6	3	13	51	38	1	0	9	23	1	3	1	2	13	10	3	8	3	12	5	9	18	6	3	25	1	12	4	26	4	3	22	22	52	24	5	21	34	11	16	1	1	5	2	40	16	1	31	3	1	10	128	11	1	2	1	0	2	19	91	1	4	0	10	1	4	1	70	20	15	14	2	4	10	58	38	3	29	3	2	1	47	1	40	56	1	5	37	14	2	18	12	11	4	8	0	30	2	25	2	16	226	78	49	31	57	15	12	7	19	4	12	14	52	3	2	79	53	48	55	2	2	3	29	7	1	47	35	47	1	7	24	2	1	18	1	32	8	7	34	10	1	8	32	32	6	3	18	59	34	7	26	2	35	10	23	4	1	2	1	11	0	15	1	0	3	1	10	11	17	2	34	10	17	3	44	14	1	21	0	9	1	1	0	2	42	56	0	2	15	3	2	8	0	0	0	69	1	3	7	7	29	0	11	2	26	10	49	5	7	21	18	9	12	8	53	90	73	25	63	15	51	7	29	15	3	120	5	2	16	9	36	0	1	12	19	12	3	17	14	2	35	2	4	7	11	8	17	0	15	7	103	7	37	14	50	10	10	20	23	15	22	5	2	0	56	6	4	1
99	1	23	14	1	1	53	27	0	1	22	2	6	6	1	11	1	16	6	3	26	7	0	16	3	14	10	11	6	32	26	33	4	25	47	1	36	10	31	1	9	4	2	7	9	2	1	1	1	2	5	3	0	11	14	4	9	0	2	4	0	71	4	16	4	3	6	1	6	15	15	1	2	8	2	14	5	19	3	0	1	10	86	67	45	0	11	28	3	4	2	8	50	5	13	4	1	32	29	11	13	7	11	1	30	12	1	2	20	27	4	1	2	1	1	1	2	1	10	11	12	26	30	3	41	65	6	1	0	0	0	0	0	25	50	5	7	3	12	1	1	13	32	10	44	2	17	2	80	2	2	0	11	10	21	4	21	58	9	4	4	6	1	1	34	16	0	0	3	5	8	124	23	5	3	3	30	5	5	5	5	5	19	2	0	0	2	1	4	7	0	11	24	3	78	37	59	4	1	1	26	2	79	39	1	25	1	29	38	42	10	17	40	55	10	3	14	3	5	41	30	7	3	2	2	15	3	38	20	0	0	4	1	3	6	3	53	87	2	18	46	1	16	10	11	14	25	5	12	15	7	1	2	2	34	2	7	7	13	4	1	14	0	1	6	46	8	62	5	12	2	8	3	21	2	1	14	29	14	2	5	10	1	58	14	11	139	8	19	6	16	7	2	12	3	13	11	10	1	50	8	5	4	1	8	22	1	28	2	51	1	11	1	44	10	44	7	11	1	9	64	11	20	2	4	29	36	2	47	28	1	5	8	1	11	7	1	22	2	5	11	2	34	2	15	14	12	2	13	16	1	3	9	24	3	1	8	1	1	17	11	8	7	9	95	38	27	1	12	4	9	22	20	42	5	2	6	26	67	8	13	2	10	45	1	3	11	10	3	14	1	1	1	1	2	10	13	18	1	20	10	5	3	6	11	270	27	26	0	5	4	5	3	2	51	20	19	12	1	19	2	3	5	8	1	7	3	8	21	35	0	11	5	1	59	3	20	6	5	123	1	7	0	1	34	4	6	25	3	53	14	3	4	1	11	1	1	1	13	2	12	1	0	71	8	6	47	3	10	5	2	6	4	3	3	22	9	48	1	36	6	1	13	10	1	11	13	5	5	13	18	7	62	0	1	8	4	17	1	0	1	2	1	16	0	26	0	54	22	33	42	7	6	9	16	22	38	3	23	1	6	11	11	0	5	4	5	5	8	4	6	5	0	36	8	1	5	19	3	1	4	4	1	16	0	0	42	50	3	0	0	0	2	8	33	43	2	4	10	1	30	9	10	20	14	9	20	7	1	47	3	8	3	11	2	58	11	8	28	12	14	4	5	39	11	47	9	32	25	1	12	75	8	1	30	5	5	1	1	2	6	7	22	2	1	4	1	21	32	12	38	36	14	2	10	217	52	9	66	1	7	5	15	6	7	1	1	0	1	6	7	7	19	96	14	0	34	1	46	12	7	3	16	38	7	12	15	39	91	23	50	6	6	18	9	22	32	8	78	2	5	46	0	39	81	17	30	5	27	26	6	25	7	45	12	58	71	7	4	2	8	6	7	42	10	12	12	21	6	7	6	18	14	64	8	25	2	32	8	2	1	1	1	3	3	19	18	11	0	35	10	10	8	9	6	8	0	4	12	7	2	63	5	1	2	1	1	0	37	5	3	5	2	0	5	27	45	9	1	2	15	13	3	0	1	21	5	8	8	5	2	1	8	9	11	2	22	9	5	1	31	16	9	35	55	18	10	23	13	37	6	10	1	1	2	4	40	16	1	32	5	7	22	102	21	1	2	0	0	2	35	48	3	19	0	14	1	11	2	49	13	20	10	1	11	3	101	23	9	37	3	8	1	82	1	43	87	1	2	38	3	0	20	6	3	0	3	7	20	1	21	0	9	204	80	59	74	44	9	3	13	7	3	28	3	42	2	4	85	51	51	74	3	3	14	9	11	5	21	11	22	5	11	12	2	1	7	12	21	14	11	17	11	5	6	26	19	4	12	42	128	30	7	31	2	29	14	22	4	4	2	1	37	2	19	2	1	5	6	5	20	22	12	17	10	5	10	35	3	19	33	1	3	1	2	0	2	35	33	23	1	1	1	0	26	2	7	1	25	3	0	4	0	9	0	10	1	17	17	36	2	6	36	12	9	22	8	15	42	70	11	41	7	14	7	23	10	2	149	1	1	12	9	22	1	7	13	10	17	7	7	5	1	1	7	3	10	3	4	12	1	11	10	74	4	27	12	49	11	15	18	34	11	15	2	1	1	36	3	8	1
100	1	8	6	1	0	21	22	1	1	19	4	8	6	1	13	2	7	32	8	25	3	1	9	2	3	2	15	4	21	13	18	4	15	73	1	2	7	33	3	15	4	4	2	8	2	1	3	4	3	7	2	1	7	14	4	5	2	3	6	1	118	5	16	5	5	8	1	3	6	13	2	7	3	1	6	7	27	10	1	3	9	133	45	71	8	5	27	12	2	1	7	55	5	7	2	1	20	30	16	7	6	3	1	37	17	1	4	23	15	3	0	0	3	6	3	3	1	5	10	6	27	26	6	20	73	33	1	1	0	0	1	1	21	52	7	2	3	13	1	2	12	41	14	15	0	26	6	73	1	6	0	3	5	20	3	17	38	2	19	3	14	0	2	21	5	0	0	1	2	6	94	27	3	2	2	27	6	7	7	4	19	6	11	0	2	0	1	24	8	12	11	23	0	45	41	52	3	1	1	25	6	124	38	12	7	1	29	45	60	6	26	25	49	12	8	29	1	1	50	18	3	4	1	4	9	1	35	27	0	1	5	2	12	18	3	53	162	3	22	35	1	19	10	7	6	20	8	13	8	1	0	1	3	21	2	6	1	20	4	5	6	2	1	10	33	2	45	1	10	5	6	2	20	2	3	9	20	10	2	5	5	0	41	21	3	119	8	21	12	7	9	1	22	5	19	13	4	3	37	10	3	5	1	10	17	0	18	3	37	2	10	0	44	51	43	5	11	3	13	28	4	29	0	1	58	38	2	33	26	1	2	16	0	9	4	1	14	5	4	10	6	43	5	10	19	13	1	12	19	2	2	14	16	4	2	7	1	6	1	9	6	9	8	73	35	22	4	11	3	4	16	20	24	5	6	6	22	75	3	10	1	5	10	0	8	17	8	5	16	0	3	1	3	3	13	17	29	2	18	18	6	5	8	13	231	29	9	0	8	12	6	7	1	59	18	29	16	1	22	1	1	2	16	1	18	5	12	17	49	3	18	2	1	70	6	11	10	1	125	1	10	1	0	3	6	6	20	7	54	13	3	3	2	3	3	1	1	9	3	9	1	0	74	4	10	6	5	12	1	1	2	2	7	5	38	14	27	1	27	6	7	17	5	2	8	14	12	4	9	4	17	56	6	2	2	2	41	2	1	2	4	2	17	1	28	0	60	31	33	24	14	15	13	8	13	24	4	26	1	6	24	6	0	2	3	7	2	4	5	6	4	0	56	7	3	3	6	7	2	2	3	1	5	1	0	38	55	1	0	0	1	10	25	27	98	3	5	2	0	36	15	28	21	16	13	25	9	1	43	4	12	14	2	1	67	24	8	27	14	21	1	3	50	16	46	12	40	17	1	5	44	12	3	32	11	5	2	1	13	9	5	24	3	9	15	0	23	24	14	57	22	22	2	2	91	19	5	5	5	15	3	16	11	3	0	1	1	0	7	6	8	34	112	11	2	24	0	42	24	14	4	23	30	10	8	8	35	75	45	32	31	7	9	12	23	34	6	56	6	3	39	1	38	109	14	57	10	36	41	9	33	8	33	10	61	25	2	2	2	9	17	6	41	3	12	23	19	3	12	19	15	7	15	5	29	2	3	13	7	1	1	1	3	0	13	24	15	2	22	17	18	12	8	5	21	0	2	28	3	2	36	7	1	1	1	1	1	36	4	2	6	7	1	5	15	29	9	1	7	10	11	6	1	1	18	10	5	14	5	12	1	2	16	4	5	33	5	7	3	25	6	7	39	14	20	7	50	18	16	3	21	5	0	3	2	36	14	0	30	8	4	18	143	18	7	3	6	0	7	29	40	2	15	6	32	1	10	2	82	14	30	10	1	3	3	54	32	4	22	7	5	2	92	1	30	97	1	8	23	8	1	16	2	9	4	4	9	23	1	16	1	7	168	53	31	46	35	42	2	3	7	4	34	7	29	7	6	50	40	28	46	6	9	10	12	3	1	22	15	26	1	4	12	3	1	10	5	21	9	9	32	9	4	4	18	22	4	22	30	136	21	8	41	21	34	10	19	1	6	2	3	24	9	21	1	2	4	4	4	18	18	5	13	8	1	5	26	1	16	37	0	8	1	8	1	1	83	80	3	4	1	1	0	6	0	3	1	81	17	1	7	2	22	1	7	1	10	5	23	2	6	16	6	8	14	17	18	62	55	22	40	11	7	6	7	8	1	117	2	3	33	5	17	5	4	13	3	3	5	16	13	2	20	14	10	13	3	3	15	1	6	2	74	2	30	10	32	10	15	18	17	13	8	2	3	1	32	3	12	3
101	1	18	9	1	0	21	15	1	2	16	4	4	6	1	16	2	6	5	6	38	2	0	12	2	5	5	19	9	29	18	24	4	23	62	1	46	9	28	2	12	2	0	9	7	4	0	1	2	2	8	2	1	4	13	4	6	1	1	4	0	94	7	25	1	3	10	0	6	10	9	2	4	4	3	18	5	25	12	2	1	9	48	61	35	3	20	20	2	2	1	9	42	6	10	3	2	24	25	9	16	9	2	0	45	19	1	4	15	21	4	0	1	4	4	1	2	0	6	9	5	19	26	1	14	54	6	0	0	0	0	0	0	21	39	9	1	1	15	1	2	15	42	13	26	2	11	2	73	8	1	0	4	12	18	2	26	58	3	15	5	4	2	1	25	4	0	0	2	4	7	114	34	3	4	2	31	3	2	2	4	6	8	0	1	0	1	1	7	4	1	11	21	1	75	39	37	9	0	10	29	5	95	44	1	15	0	39	42	57	9	20	28	66	12	5	12	2	4	37	17	5	2	4	4	20	1	50	24	0	0	3	2	4	3	2	60	115	0	33	31	2	13	11	17	36	30	8	15	22	12	1	7	5	24	4	7	11	6	1	0	12	0	1	8	37	2	53	1	7	0	4	4	21	1	1	12	21	12	2	3	1	2	53	12	1	133	9	19	6	5	5	4	17	3	22	13	2	2	31	7	4	7	1	11	22	0	21	2	60	1	13	1	34	17	42	2	14	0	12	55	8	21	1	0	52	34	2	41	19	0	3	18	1	17	7	2	17	4	4	9	5	41	3	12	18	11	2	12	13	1	6	17	12	1	0	11	1	1	4	8	7	7	12	99	47	27	3	15	1	6	21	19	27	4	2	5	22	76	11	14	1	8	54	0	2	15	2	1	13	0	3	2	0	1	12	9	24	1	23	18	11	3	13	11	246	21	16	1	5	1	9	4	10	58	19	23	13	0	16	8	3	2	15	3	4	1	5	12	46	1	11	4	1	48	5	13	4	0	153	1	6	0	0	17	8	9	20	3	61	13	1	5	2	6	4	2	2	16	3	11	2	0	48	9	2	16	2	10	5	1	1	4	10	11	32	14	46	0	28	2	2	8	9	0	7	16	8	7	15	15	6	88	1	0	8	7	25	1	0	3	4	1	13	0	22	0	61	34	35	31	9	15	13	7	24	27	8	25	1	6	17	2	0	5	5	8	11	7	6	9	2	0	54	7	3	4	13	7	0	2	3	0	16	0	0	43	54	1	0	0	1	8	14	36	44	1	7	13	0	26	11	19	27	16	11	25	5	4	38	2	9	5	12	2	42	5	9	37	12	8	2	1	43	14	36	4	45	16	1	3	88	9	2	33	2	5	1	0	4	6	8	26	2	2	10	1	16	25	18	31	20	24	3	5	142	33	11	55	2	17	6	13	5	4	2	1	0	2	12	5	6	15	57	11	0	23	1	44	14	11	3	27	36	12	4	10	24	34	16	22	3	7	11	10	26	31	5	67	4	1	45	0	56	86	21	46	5	43	23	17	35	10	42	12	45	61	2	8	3	7	6	11	30	2	23	15	17	5	15	10	12	9	20	10	30	4	12	9	4	0	0	0	5	0	28	21	11	1	34	11	15	10	3	6	14	0	3	21	5	2	64	7	1	4	3	0	1	39	3	1	4	2	1	6	13	36	17	0	6	8	20	7	1	0	13	10	11	11	5	0	1	5	9	4	6	26	5	4	3	33	15	5	40	20	15	5	31	19	19	6	18	0	2	3	2	48	12	0	49	9	3	27	114	16	1	6	4	0	3	34	31	2	30	0	14	0	11	4	114	25	23	9	1	12	7	65	34	4	31	6	7	2	66	1	39	72	2	6	38	4	0	15	3	4	1	1	11	14	2	7	2	10	122	86	55	40	56	15	2	6	8	2	44	4	46	5	4	79	75	51	59	4	3	10	15	8	4	23	20	25	4	8	14	2	3	7	9	19	10	7	24	11	5	3	25	20	3	6	32	87	26	4	25	2	37	16	22	4	4	1	2	33	4	15	0	2	4	4	5	24	21	6	20	10	3	14	34	3	15	30	0	8	1	9	1	2	36	28	47	3	1	1	0	2	1	2	0	31	1	0	4	0	11	0	17	2	18	15	32	5	3	24	6	9	15	12	18	48	77	9	48	5	10	10	20	20	0	156	1	1	15	5	22	2	2	8	8	12	5	11	7	1	3	4	4	10	3	3	20	2	12	6	85	4	28	13	42	8	10	29	17	18	11	1	2	0	28	1	8	2
102	1	29	5	0	0	2	7	2	1	23	3	8	10	1	23	3	9	8	6	42	7	1	14	2	8	7	14	7	29	29	26	10	25	47	1	73	15	24	1	16	8	1	7	7	4	1	1	7	1	5	3	1	12	14	4	7	0	3	1	1	70	10	21	2	2	29	1	5	13	19	5	5	5	2	12	3	17	6	1	1	10	76	50	28	2	23	22	3	4	1	4	37	4	11	4	0	27	29	11	17	3	3	1	44	20	3	3	17	27	4	0	1	2	2	1	1	1	7	12	9	26	21	3	13	80	7	1	1	1	1	1	1	22	50	14	1	1	11	3	5	12	42	14	28	4	20	4	73	4	4	0	5	12	18	5	15	35	4	20	4	12	1	0	22	8	0	1	5	6	6	109	25	3	2	4	30	6	3	1	13	10	29	0	1	1	1	1	4	7	1	12	33	2	72	27	22	9	1	22	30	6	98	37	1	20	0	16	19	20	8	10	17	63	8	5	10	4	8	33	18	5	6	7	2	20	1	44	25	1	1	3	2	5	9	13	62	117	0	19	46	2	12	7	10	95	23	14	35	14	19	6	19	3	35	2	14	19	11	2	1	40	1	0	15	34	4	56	1	8	0	8	2	18	1	1	9	53	14	4	5	4	1	45	11	3	29	3	19	11	5	5	2	19	5	14	10	6	3	20	5	5	6	1	9	23	1	20	1	59	2	7	1	21	18	51	4	11	1	11	50	7	13	1	0	40	28	4	53	29	1	5	17	0	15	7	2	20	4	6	9	4	36	4	21	12	11	9	8	14	1	18	17	13	5	1	6	1	1	6	11	8	9	9	88	35	25	3	14	1	2	23	16	40	6	4	8	24	65	15	24	1	8	110	0	2	14	8	2	11	0	2	1	2	3	18	17	23	3	22	14	7	4	13	17	213	17	15	1	5	2	5	2	56	54	19	24	16	0	10	1	1	2	13	1	9	2	4	8	49	1	11	4	3	41	2	10	3	4	192	1	11	1	0	16	6	8	30	3	82	14	2	6	1	8	1	1	0	9	6	13	1	1	49	14	9	6	3	11	5	1	1	2	9	6	27	10	36	2	32	7	7	17	7	0	13	16	7	5	11	9	18	65	2	1	7	3	17	1	0	1	5	1	19	1	37	1	59	17	41	87	10	14	14	11	18	37	5	22	1	6	12	6	1	7	7	7	16	3	5	4	8	0	45	7	2	4	11	4	1	5	8	1	11	0	0	30	74	3	1	0	1	5	8	32	25	1	4	5	0	24	14	10	19	9	20	22	8	3	31	2	15	3	7	2	32	7	11	36	9	11	1	2	36	12	38	6	43	14	1	5	70	10	1	31	3	3	1	0	3	4	5	18	1	2	4	1	16	38	18	25	29	17	2	3	9	4	5	38	3	10	5	11	8	3	0	1	0	2	11	6	5	18	83	7	1	33	1	32	20	9	2	14	31	9	13	13	7	15	18	10	1	4	7	5	21	38	4	113	1	3	53	0	54	78	12	36	4	30	20	33	25	9	33	12	51	54	5	4	3	10	10	6	15	8	19	15	20	3	9	9	12	9	10	10	34	1	13	14	9	2	2	2	5	1	35	18	9	2	23	12	16	13	4	7	14	0	3	26	2	2	54	10	1	1	2	0	1	33	6	2	2	1	1	4	12	30	12	0	13	18	33	7	0	1	11	19	7	11	7	1	1	9	14	3	3	17	7	9	1	33	11	5	31	18	15	3	16	22	15	4	10	1	2	2	3	45	7	1	43	2	2	17	104	10	1	1	0	0	2	32	57	2	45	0	28	1	4	3	246	13	23	7	1	15	3	60	37	8	30	2	5	1	64	1	39	66	1	2	31	6	1	15	3	9	1	2	5	19	2	17	0	9	92	75	52	44	50	18	1	7	6	5	26	6	47	2	3	83	82	42	62	2	3	7	10	4	3	9	25	9	3	5	10	2	1	8	13	15	9	6	12	8	1	3	21	17	4	11	73	87	30	7	21	2	43	17	22	3	5	1	1	41	5	20	1	2	5	6	8	55	20	6	18	5	2	6	34	1	13	29	1	6	1	9	1	3	21	38	32	3	2	1	1	13	1	5	0	30	3	0	5	0	15	0	13	1	20	8	32	2	5	28	12	10	22	13	15	39	45	10	45	9	10	4	24	13	0	64	1	2	19	8	22	2	3	17	8	10	4	12	7	0	3	6	7	18	2	8	17	1	10	5	96	4	32	10	40	7	8	23	16	13	20	3	1	1	48	1	6	5
103	1	9	9	1	1	9	19	1	0	21	3	3	3	2	8	2	7	21	5	26	4	1	9	2	5	7	18	2	20	18	17	6	18	60	1	5	4	31	1	12	4	0	6	5	1	0	2	7	4	9	1	1	8	13	3	7	1	1	4	1	121	4	17	3	5	13	1	3	6	10	4	9	8	2	9	3	25	11	1	1	14	108	43	101	7	10	34	12	2	2	7	51	2	13	3	0	27	29	17	11	8	3	0	32	13	1	3	20	24	2	0	1	2	5	1	3	1	6	10	11	26	23	3	9	62	22	1	0	0	0	0	0	25	47	5	2	2	13	1	2	15	36	11	19	0	21	3	80	3	4	0	5	8	19	3	17	42	3	16	5	10	3	7	30	10	0	0	3	1	8	86	25	4	1	2	20	6	9	8	6	12	11	1	0	0	1	1	19	2	3	12	31	1	46	40	42	5	0	1	32	8	139	43	4	15	0	20	25	46	14	30	24	44	7	6	32	0	3	51	19	4	3	4	4	21	1	36	27	1	0	3	2	14	13	2	57	151	5	38	35	1	16	19	4	13	17	10	13	10	4	1	5	4	17	4	3	1	17	2	3	14	1	1	10	29	3	42	2	10	9	5	4	24	2	4	8	19	9	1	2	5	1	42	18	2	62	7	26	9	8	9	2	23	4	21	13	4	1	24	6	2	4	2	10	25	0	19	2	47	2	10	0	29	28	47	4	12	10	13	31	8	36	1	3	43	32	1	41	21	1	2	18	1	14	5	1	13	7	3	13	6	38	4	11	16	14	1	8	11	2	4	12	17	4	1	5	0	6	1	9	5	11	7	65	35	20	4	12	2	1	18	18	31	3	8	6	17	70	6	10	1	6	14	0	4	12	9	2	19	0	1	2	2	3	8	21	27	3	11	21	6	3	11	27	278	33	10	0	5	2	5	2	4	77	23	40	16	1	13	1	2	2	16	2	11	2	9	11	65	2	15	3	1	76	12	11	7	3	177	1	9	1	0	3	8	7	17	4	94	12	1	5	1	3	3	0	1	10	5	6	1	1	65	6	4	6	3	9	7	0	1	2	3	6	35	10	26	1	25	8	3	18	6	2	7	9	8	7	9	4	11	60	3	1	2	3	50	3	0	1	2	1	12	1	25	1	54	28	37	22	6	15	17	5	16	28	4	22	1	4	22	10	0	5	3	7	1	5	4	7	7	0	62	4	1	5	11	7	2	5	3	1	2	0	0	39	49	1	1	0	1	6	14	27	124	2	9	6	0	33	13	32	19	12	13	23	9	2	30	1	13	15	2	3	62	24	6	34	11	18	6	10	53	15	56	24	45	19	1	4	51	14	8	24	17	3	3	1	9	5	5	21	2	11	12	0	21	30	20	57	27	34	2	3	42	14	4	11	10	15	6	16	8	3	0	0	1	1	10	5	6	23	129	12	1	20	1	40	17	16	5	26	30	15	11	11	24	26	27	8	4	3	7	10	19	40	1	58	6	4	33	1	39	123	9	46	5	32	35	10	31	5	27	9	92	47	3	2	3	13	15	9	30	9	20	23	16	2	7	14	19	7	24	7	27	1	5	9	5	1	1	1	2	1	16	24	14	1	34	21	16	14	6	7	14	0	1	29	5	1	39	11	0	1	2	1	0	38	6	4	5	5	1	7	17	39	5	0	6	6	18	4	0	1	11	12	7	15	7	7	1	5	18	7	4	32	3	7	6	25	3	7	32	11	20	9	44	14	11	6	20	3	1	3	3	39	12	1	35	6	2	20	129	12	8	5	7	1	8	22	40	5	24	1	42	1	10	1	97	12	19	11	1	6	2	78	28	4	23	3	2	3	68	2	31	73	2	3	32	8	1	14	5	6	1	3	4	18	1	14	1	10	130	59	37	44	39	36	2	9	7	4	43	7	34	4	5	60	46	33	46	4	3	3	6	6	3	17	14	18	3	7	13	2	1	11	7	25	11	10	32	9	2	3	20	27	7	18	29	136	25	12	29	20	34	10	20	2	5	1	3	27	4	12	1	2	3	5	9	19	21	8	12	5	2	5	29	3	12	33	0	11	1	3	1	1	63	52	4	4	1	1	0	11	1	4	0	73	15	0	9	4	23	1	11	1	18	10	23	3	4	24	9	6	18	14	25	59	62	21	38	9	16	7	11	18	0	98	6	1	28	3	17	4	2	13	4	21	5	13	10	1	14	8	6	15	3	5	11	1	6	1	91	3	34	10	38	9	15	16	18	18	9	4	3	1	41	2	5	2
